id,name,album,artists,main_artist,genres,year,release_date,popularity,explicit,record_label,playlists,danceability,energy,key,loudness,mode,speechiness,acousticness,instrumentalness,liveness,valence,tempo,time_signature,duration_ms
1bx6spmieE655BQvWdTYKA,,,,Unknown,,0,0000,0,0,,Folklore,0.703,0.982,4,-3.466,1,0.118,0.394,0.000939,0.109,0.697,110.03,4,0
1oghlB7Tm7Xo3M2BviDnic,Jahan Mein Aesa Kaun Hai,Hum Dono,Asha Bhosle,Asha Bhosle,"ghazal,marathi pop,bangla pop,bollywood,hindi pop",1961,1961-01-01,61,0,Saregama India Ltd,Old_Melodies,0.409,0.257,3,-14.045,1,0.0709,0.985,0.116,0.0956,0.442,173.07,3,164840
1SMNDZ0CR4W27fCU8Remqq,Ehsan Tera Hoga Mujh Par,Junglee,Mohammed Rafi,Mohammed Rafi,ghazal,1961,1961-01-01,62,0,Saregama India Ltd,Old_Melodies,0.604,0.367,8,-9.562,0,0.0412,0.671,5.12e-06,0.106,0.616,89.76,4,206893
5kfrsmxW4UkaQKA1lcnyrJ,Ehsan Tera Hoga Mujh Par - Lata Mangeshkar,Junglee,Lata Mangeshkar,Lata Mangeshkar,"ghazal,bollywood,hindi pop,bhajan,marathi pop",1961,1961-01-01,46,0,Saregama India Ltd,Old_Melodies,0.348,0.21,4,-14.732,1,0.0444,0.986,0.00524,0.101,0.401,175.715,4,210703
2rHxwYzdn66nDMmDmmio6W,Ham Tere Pyar Mein,Dil Ek Mandir,Lata Mangeshkar,Lata Mangeshkar,"ghazal,bollywood,hindi pop,bhajan,marathi pop",1963,1963-01-01,69,0,Saregama India Ltd,Old_Melodies,0.446,0.359,3,-8.081,1,0.0515,0.949,6.69e-05,0.304,0.842,178.417,3,286866
3JlCtKzdOP25gelnwMI9RF,Zindagi Kaisi Hai Paheli,Anand,Manna Dey;Salil Chowdhury,Manna Dey,"bangla pop,ghazal,qawwali,bhajan",1971,1971-05-03,60,0,Saregama India Ltd,Old_Melodies,0.358,0.621,0,-6.486,1,0.0368,0.86,5.12e-06,0.343,0.525,98.135,4,209213
2P7i3LoqblIGiNk1Jmbc30,Kahin Door Jab Din Dhal Jaye,Anand,Mukesh;Salil Chowdhury,Mukesh,"ghazal,tamil dance,bangla pop",1971,1971-05-03,66,0,Saregama India Ltd,Old_Melodies,0.521,0.424,5,-7.392,1,0.0347,0.852,1.08e-06,0.301,0.484,91.351,4,337386
0HI3O9uCBWtu7B3boRpCaL,"Pal Pal Dil Ke Paas - From ""Blackmail""",Blackmail (Original Motion Picture Soundtrack),Kishore Kumar,Kishore Kumar,"ghazal,bangla pop,hindi pop",1973,1973-01-01,64,0,Universal Music India Pvt Ltd.,Old_Melodies,0.508,0.402,1,-10.487,1,0.0371,0.625,9.29e-06,0.112,0.508,120.954,4,329066
747xb33Nv17zfV4L0hOsHf,Yeh Raaten,Julie (Original Motion Picture Soundtrack),Lata Mangeshkar,Lata Mangeshkar,"ghazal,bollywood,hindi pop,bhajan,marathi pop",1975,1975-04-18,43,0,Universal Music India Pvt Ltd.,Old_Melodies,0.272,0.305,0,-13.119,0,0.0363,0.743,0.000105,0.0594,0.354,140.573,3,336614
6MZCYPT3hZPzwJGLnXn1RF,Bade Achhe Lagte Hain,Balika Badhu,Amit Kumar;R. D. Burman,Amit Kumar,"bollywood,ghazal,hindi pop",1976,1976-03-15,67,0,Saregama India Ltd,Old_Melodies,0.378,0.146,6,-15.412,1,0.0403,0.897,1.62e-05,0.122,0.178,138.649,3,312080
5P49QyK81dOSc3W7iWDlAT,Rimjhim Gire Sawan,Manzil,Kishore Kumar;Lata Mangeshkar;R. D. Burman,Kishore Kumar,"ghazal,bangla pop,hindi pop,bollywood,bhajan,marathi pop",1979,1979-05-14,64,0,Saregama India Ltd,Old_Melodies,0.376,0.462,1,-9.545,0,0.0335,0.823,0.004,0.122,0.736,106.954,3,216373
5GpfyJrKHJI36jDKtQiyGN,Golden Brown,Golden Brown,The Stranglers,The Stranglers,"proto-punk,new wave",1981,1981-12-28,79,0,Rhino,Soothing,0.563,0.383,6,-15.474,1,0.0305,0.144,0.116,0.138,0.589,93.751,3,206760
0gWDDSHXescfwtvkx6pYJQ,In Ankhon Ki Masti,Umrao Jaan,Asha Bhosle,Asha Bhosle,"ghazal,marathi pop,bangla pop,bollywood,hindi pop",1981,1981-01-01,60,0,Saregama India Ltd,Old_Melodies,0.522,0.461,5,-11.774,1,0.0367,0.798,2.5e-05,0.112,0.5,107.707,4,343453
66KBRmenGEJkTKtbTWl7tS,Tum Ko Dekha To Yeh Khayal Aaya,Saath Saath,Jagjit Singh;Chitra Singh,Jagjit Singh,"ghazal,bhajan,qawwali,sufi,devotional",1982,1982-04-03,64,0,Saregama India Ltd,Old_Melodies,0.354,0.272,2,-13.642,1,0.0293,0.907,0.615,0.0848,0.262,90.566,4,291066
196ogNnKrNuqC7EjNI2vE1,Tu Mile Dil Khile - Kumar Sanu,Criminal,Kumar Sanu,Kumar Sanu,"bollywood,hindi pop",1995,1995-08-04,59,0,Saregama India Ltd,Old_Melodies,0.562,0.59,7,-6.732,0,0.0322,0.32,7.92e-05,0.0752,0.552,185.916,4,372661
2Lbc28ETd6b7iGnBetgfCc,Savariya Parnaye,"Musicians and Poets of Rajasthan, Vol. 2",Divana,Divana,bhajan,1996,1996-06-01,52,0,Long Distance,Folklore,0.411,0.648,2,-12.143,1,0.115,0.736,0.000143,0.704,0.44,127.556,4,464200
12MSmLSGPWulxOPvYBy5Ss,memories,Stories,Maki Otsuki,Maki Otsuki,anime,2000,2000,65,0,Sony Music Direct (Japan) Inc.,YaNiMe,0.456,0.757,2,-4.856,1,0.0304,0.031,0.0543,0.373,0.288,133.871,4,266200
42qNWdLKCI41S4uzfamhFM,Duvet,Twilight,bôa,bôa,,2001,2001-03-21,87,0,Nettwerk Music Group,YaNiMe,0.583,0.888,11,-9.414,0,0.0349,0.191,4.58e-05,0.0936,0.706,93.206,4,203600
02cIqYTYys4M1RBFiBKIEt,Life is Like a Boat,Rie fu,Rie fu,Rie fu,anime,2005,2005-01-19,51,0,Sony Music Direct (Japan) Inc.,YaNiMe,0.666,0.371,11,-8.471,1,0.0274,0.502,4.55e-05,0.211,0.468,100.258,4,300306
13Pktl7g59iaQPuoYwows8,Mumal,"Discovery Of India Rajasthan, Vol. 2",Kohinoor Langa,Kohinoor Langa,folk,2006,2006-01-31,41,0,Saregama India Ltd,Liked_Songs,0.364,0.845,5,-6.26,1,0.103,0.845,0.0,0.112,0.597,91.786,4,395586
4FeczSomVWVyU4FW7xDeAI,Tere Bina,Guru (Original Motion Picture Soundtrack),A.R. Rahman;Chinmayi;Murtuza Khan;Qadir Khan,A.R. Rahman,"tamil pop,kollywood,bollywood,sufi,hindi pop,marathi pop,tollywood,telugu pop",2006,2006-09-11,79,0,Sony Music Entertainment India Pvt. Ltd.,Liked_Songs,0.744,0.7,2,-7.663,1,0.0375,0.278,0.000155,0.068,0.867,144.033,4,309640
0ShD5dxdAfDHx01sm20ybX,Meri Kahani,Meri Kahani,Atif Aslam,Atif Aslam,"bollywood,hindi pop,desi,sufi,qawwali",2007,2007-01-16,67,0,Tips Music Limited,Liked_Songs,0.551,0.779,4,-6.335,1,0.0639,0.182,1.37e-06,0.361,0.734,145.119,4,192920
10rTRsKQDEke6Dd1Qj57Jd,Toh Phir Aao,Awarapan (Original Motion Picture Soundtrack),Pritam;Mustafa Zahid;Sayeed Quadri,Pritam,"bollywood,hindi pop,desi,sufi",2007,2007-06-29,76,0,Sony Music / Vishesh Films,Indie_Beats,0.459,0.563,9,-6.369,0,0.0263,0.39,1.98e-06,0.107,0.0961,101.996,4,348280
2BHj31ufdEqVK5CkYDp9mA,Mayonaka no Door / Stay With Me,Miki Matsubara Best Collection,Miki Matsubara,Miki Matsubara,"city pop,j-pop",2008,2008,16,0,PONY CANYON INC.,YaNiMe,0.658,0.747,5,-6.615,1,0.0431,0.176,8.49e-06,0.0789,0.792,108.259,4,312293
2jl6Q8JftB6svtHUFCmq21,Shree Hari Stotram,Holy Chants On Vishnu And Mahalakshmi,G. Gayathri Devi;Saindhavi;PRIYA;R. Shruti,G. Gayathri Devi,"devotional,bhajan,tamil pop,kollywood,tamil dance",2008,2008-01-01,61,0,Divo Tv Private Limited,Liked_Songs,0.813,0.445,2,-10.422,0,0.0596,0.2,0.0,0.127,0.63,127.965,5,278726
0gPgdRfB4jdGrlyXS0Vx78,Khuda Jaane,Bachna Ae Haseeno,Vishal-Shekhar;KK;Shilpa Rao;Anvita Dutt Guptan,Vishal-Shekhar,"bollywood,desi,hindi pop",2008,2008-07-05,78,0,YRF Music,Hindie,0.404,0.634,8,-5.979,1,0.0398,0.411,0.000526,0.106,0.702,78.508,4,333583
0RJ7HhnQxJEOpGC5Htmez4,Iktara,Wake Up Sid (Original Motion Picture Soundtrack) [Deluxe Edition],Amit Trivedi;Kavita Seth;Amitabh Bhattacharya,Amit Trivedi,"bollywood,hindi pop,gujarati garba,desi,hindi indie,indian indie,ghazal,sufi",2009,2009,72,0,Sony Music Entertainment India Pvt. Ltd.,Hindie,0.593,0.528,7,-7.173,1,0.0266,0.409,0.000326,0.327,0.406,80.056,4,252573
4rSmmC6OYmjVOYxr8ruVWN,Mere Bina,Crook (Original Motion Picture Soundtrack),Pritam;Nikhil D'Souza,Pritam,"bollywood,hindi pop,desi,hindi indie,indian indie",2010,2010-09-03,72,0,Sony Music Entertainment India Pvt. Ltd.,Hindie,0.511,0.767,2,-5.699,1,0.0524,0.651,0.0,0.153,0.463,79.923,4,289560
1qqXMmngkS2Xv77URY2R51,Nindiya Re - Studio Recording,Coke Studio Sessions: Season 4 (Studio Recording),Kaavish;Rohail Hyatt,Kaavish,"hindi indie,indian indie,ghazal,sufi,desi,qawwali",2011,2011-05-19,49,0,Frequency Media Private Limited,Indie_Beats,0.529,0.26,4,-12.345,1,0.0268,0.813,3.48e-05,0.111,0.378,88.05,4,301000
3C0nOe05EIt1390bVABLyN,On The Floor,Love?,Jennifer Lopez;Pitbull,Jennifer Lopez,,2011,2011-04-29,93,0,Nuyorican Productions / IDJ,Phonk,0.73,0.777,3,-5.194,0,0.0496,0.105,0.000486,0.0691,0.575,130.003,4,284866
0KSOLEBixnBYIKNHF1VbzF,Hona Tha Pyar,Bol (Original Motion Picture Soundtrack),Atif Aslam;Hadiqa Kiani,Atif Aslam,"bollywood,hindi pop,desi,sufi,qawwali,ghazal",2011,2011-06-05,74,0,Tips Music Limited,Liked_Songs,0.687,0.542,4,-8.689,1,0.0307,0.571,0.0307,0.118,0.782,102.994,4,221986
2dDHtDrDaxTB7QR6EoCSne,Saibo,Shor in the City (Original Motion Picture Soundtrack),Sachin-Jigar;Shreya Ghoshal;Tochi Raina,Sachin-Jigar,"gujarati pop,bollywood,hindi pop,desi,gujarati garba,kannada pop,marathi pop,sufi",2011,2011-03-28,79,0,Sony Music Entertainment India Pvt. Ltd.,Hindie,0.619,0.429,2,-7.867,1,0.028,0.738,1.35e-05,0.136,0.545,90.058,4,195253
1CTFgZCW0ljb0P4mv7hzQU,Mora Saiyaan,Classic Love,Fuzon,Fuzon,"sufi,desi pop,ghazal,hindi indie,indian indie",2012,2012-01-01,45,0,Virgin Records (India) Pvt Ltd.,Folklore,0.652,0.516,6,-9.946,1,0.0315,0.33,0.00073,0.0918,0.417,80.093,4,412266
1GSPV6AYG8NrtpgqhWx893,HARUKAZE,Queens are trumps -切り札はクイーン-,SCANDAL,SCANDAL,"j-rock,anime,j-pop",2012,2012-09-26,44,0,Sony Music Labels Inc.,YaNiMe,0.459,0.872,4,-0.987,1,0.053,0.0505,0.0,0.166,0.579,82.61,4,277280
1CVqr5LImdmJ1Upt4z08Pm,Tu Hi Mera,Jannat 2 (Original Motion Picture Soundtrack),Pritam;Shafqat Amanat Ali;Sayeed Quadri,Pritam,"bollywood,hindi pop,desi,sufi",2012,2012-03-30,77,0,Sony Music Entertainment India Pvt. Ltd.,Liked_Songs,0.621,0.859,11,-4.673,1,0.102,0.546,0.0,0.11,0.873,90.047,4,272973
2OvldWM8rVnp7QCn9eCrr1,Phir Le Aya Dil,Barfi! (Original Motion Picture Soundtrack),Pritam;Rekha Bhardwaj;Sayeed Quadri,Pritam,"bollywood,hindi pop,desi,ghazal,sufi",2012,2012-06-24,61,0,UTV,Liked_Songs,0.426,0.432,0,-9.667,1,0.0353,0.844,8.79e-05,0.13,0.615,77.004,4,285000
1qm4W0HboioIBvqKcR4KRN,Zariya,Coke Studio @ MTV Season 3: Episode 1,A.R. Rahman;Farah Siraj;Ani Choying Drolma,A.R. Rahman,"tamil pop,kollywood,bollywood,sufi,hindi pop",2013,2013-08-17,44,0,Sony Music Entertainment India Pvt. Ltd.,Folklore,0.396,0.736,4,-6.291,1,0.0607,0.297,0.384,0.153,0.0356,102.012,4,432893
5UHvVfewZKxwoB6gdhSFtr,Monta Re,Lootera,Swanand Kirkire;Amitabh Bhattacharya;Amit Trivedi,Swanand Kirkire,"bollywood,bhajan,ghazal,hindi pop,desi,gujarati garba",2013,2013-05-29,61,0,T-Series,Liked_Songs,0.718,0.295,4,-11.098,1,0.0567,0.918,0.00454,0.0954,0.751,150.054,3,237614
1wnozUBSe7OMpmZiTPJC5j,"Tum Tak (From ""Raanjhanaa"")",Raanjhanaa (Original Motion Picture Soundtrack),A.R. Rahman;Javed Ali;KIRTI SAGATHIA;Pooja AV,A.R. Rahman,"tamil pop,kollywood,bollywood,sufi,hindi pop,qawwali,desi,desi pop",2013,2013-05-31,75,0,Sony Music Entertainment India Pvt. Ltd.,Hindie,0.72,0.621,2,-9.773,1,0.0491,0.676,0.0,0.0679,0.566,114.987,4,304459
5OMUXgfXsSukZ0zxelpC3b,"Raanjhanaa (From ""Raanjhanaa"")",Raanjhanaa (Original Motion Picture Soundtrack),A.R. Rahman;Jaswinder Singh;Shiraz Uppal,A.R. Rahman,"tamil pop,kollywood,bollywood,sufi,hindi pop,qawwali",2013,2013-05-31,76,0,Sony Music Entertainment India Pvt. Ltd.,Hindie,0.673,0.714,9,-8.042,1,0.039,0.111,0.0,0.0858,0.78,112.941,4,254100
48ZZ4P71WmMID03EmZGe23,Tujhse Naraz Nahi Zindagi,Tujhse Naraz Nahi Zindagi - Sanam,Sanam;R. D. Burman,Sanam,"hindi pop,desi pop,ghazal,bollywood",2014,2014-10-31,59,0,Saregama India Ltd,Samui,0.69,0.266,8,-9.693,1,0.0263,0.929,0.00953,0.112,0.453,102.025,4,237695
1eMxTvBQEeBAxQDC2ZBld1,Ek Ladki Ko Dekha To,Ek Ladki Ko Dekha To - Sanam,Sanam;R. D. Burman,Sanam,"hindi pop,desi pop,ghazal,bollywood",2014,2014-08-31,45,0,Saregama India Ltd,Samui,0.465,0.309,0,-9.211,1,0.0406,0.861,0.0,0.212,0.183,106.922,5,216000
6jTL6ZjxSH12hS9Djhlm9r,Main Hoon,Main Hoon,Sanam,Sanam,"hindi pop,desi pop",2014,2014-04-25,47,0,Sony Music Entertainment India Pvt. Ltd.,Samui,0.615,0.519,2,-5.995,0,0.0358,0.0917,2.63e-05,0.107,0.306,127.879,4,218755
75Vzzn0vgWqDxswFQJ0IGb,Laage Re,Culture Code Landscape,Aditya Balani;Suhail Yusuf Khan,Aditya Balani,"indian indie,hindi indie",2014,2014-04-16,17,0,Adi & Suhail,Folklore,0.261,0.191,0,-15.652,1,0.0293,0.0809,0.0457,0.0912,0.107,84.967,4,350294
2mVqfKbKGmxVXlVswhlI5T,Chaap Tilak,Coke Studio Season 7,Abida Parveen;Rahat Fateh Ali Khan,Abida Parveen,"sufi,qawwali,ghazal,bollywood,hindi pop,desi",2014,2014-11-23,48,0,Mainstage Productions,Folklore,0.544,0.679,1,-5.105,0,0.0456,0.494,0.0,0.12,0.388,123.955,4,532300
7tp4iYvcZksGp1u7feUrrO,Mitti Di Khushboo,Mitti Di Khushboo,Rochak Kohli;Ayushmann Khurrana,Rochak Kohli,"bollywood,hindi pop",2014,2014-10-08,66,0,T-Series,Hindie,0.64,0.754,6,-4.873,0,0.0392,0.395,0.0,0.209,0.355,94.989,4,247222
2Q6Eo7zJ3woi7oVUkfDt1W,Aap Ki Nazron Ne Samjha,Aap Ki Nazron Ne Samjha - Sanam,Sanam,Sanam,"hindi pop,desi pop",2014,2014-09-30,58,0,Saregama India Ltd,Samui,0.362,0.361,1,-5.497,0,0.0296,0.816,0.0,0.138,0.484,93.463,1,186737
1ApfHqjOoBmJZ0SjdjzVyA,Yeh Raaten Yeh Mausam,Yeh Raaten Yeh Mausam - Sanam And Simran Shgal,Sanam;Simran Sehgal,Sanam,"hindi pop,desi pop",2014,2014-11-30,67,0,Saregama India Ltd,Samui,0.692,0.319,5,-7.743,0,0.0327,0.895,1.78e-06,0.108,0.658,151.069,3,208943
733B0eINqwUqzV49kNRPPA,Lag Ja Gale,Lag Ja Gale - Sanam,Sanam,Sanam,"hindi pop,desi pop",2014,2014-07-15,63,0,Saregama India Ltd,Samui,0.393,0.32,8,-8.648,1,0.0303,0.857,1.09e-05,0.0917,0.457,135.026,3,240953
3EeC1BTkbzslVjW4assPdu,Mere Sapnon Ki Rani Kab Aayege Tu,Mere Sapnon Ki Rani Kab Aayege Tu - Sanam,Sanam;S. D. Burman,Sanam,"hindi pop,desi pop,ghazal",2014,2014-12-31,54,0,Saregama India Ltd,Samui,0.757,0.614,11,-5.582,0,0.0359,0.475,0.0,0.222,0.805,130.009,4,234528
5sPKAEb7afrIMtdqEnI6H6,Young Girl A,Alive,Siinamota,Siinamota,vocaloid,2015,2015-03-04,71,0,U/M/A/A Inc.,YaNiMe,0.629,0.804,2,-5.987,1,0.103,0.0169,0.000497,0.177,0.294,130.006,4,221500
3UQU1xGAfYokAofQ4KzJeN,Roop Tera Mastana,Roop Tera Mastana - Sanam,Sanam;S. D. Burman,Sanam,"hindi pop,desi pop,ghazal",2015,2015-07-31,49,0,Saregama India Ltd,Samui,0.724,0.648,7,-5.747,1,0.0541,0.498,1.26e-06,0.124,0.77,84.013,4,179285
0rlLBWFFTQiOWi963SH9bb,Choo Lo,Aalas Ka Pedh,The Local Train,The Local Train,"indian indie,hindi indie",2015,2015-09-25,73,0,The Local Train,Indie_Beats,0.512,0.695,4,-6.349,1,0.0271,0.0265,0.00815,0.146,0.351,145.956,4,233630
0uAjnsZ6ZwvQvl7lhYM2KF,Kuchh Na Kaho,Kuchh Na Kaho - Sanam And Shirley Setia,Sanam;Shirley Setia;R. D. Burman,Sanam,"hindi pop,desi pop,bollywood,ghazal",2015,2015-06-30,50,0,Saregama India Ltd,Samui,0.411,0.321,10,-8.462,1,0.0276,0.843,6.04e-05,0.133,0.396,154.826,3,235680
3WVtOC0yQGiifTSeESXIrw,O Mere Dil Ke Chain,O Mere Dil Ke Chain - Sanam,Sanam;R. D. Burman,Sanam,"hindi pop,desi pop,ghazal,bollywood",2015,2015-06-30,65,0,Saregama India Ltd,Samui,0.784,0.639,11,-7.309,0,0.0383,0.217,1.64e-06,0.0899,0.705,122.006,4,202622
3MPHub8AYXBHMEqJa4yrGc,Mere Mehboob Qayamat Hogi,Mere Mehboob Qayamat Hogi - Sanam,Sanam;Laxmikant–Pyarelal,Sanam,"hindi pop,desi pop,ghazal",2015,2015-06-30,64,0,Saregama India Ltd,Samui,0.703,0.578,11,-6.314,0,0.0285,0.156,1.22e-06,0.437,0.562,105.933,4,241132
14LF3GvwXBGk6x8ZX7vtdd,Kora Kagaz - Duet,Kora Kagaz - Sanam Ft. Sanah Moidutty,Sanam;Sanah Moidutty;S. D. Burman,Sanam,"hindi pop,desi pop,malayalam pop,indian indie,ghazal",2015,2015-08-31,43,0,Saregama India Ltd,Samui,0.522,0.429,0,-9.064,1,0.0311,0.723,0.0,0.111,0.556,179.933,3,203990
1FXrYwvWwjmbw8cqFC1OWz,Kokoronashi,Contrast,majiko,majiko,"j-pop,anime,j-rock",2015,2015-04-15,61,0,EXIT TUNES,YaNiMe,0.528,0.593,1,-3.68,1,0.0545,0.289,0.00054,0.0724,0.351,167.238,4,273583
7pbF3jhnwASjMxeItgHP1S,Lat Ulajhi,Classical Unwind,Ankita Joshi,Ankita Joshi,"bhajan,devotional,ghazal",2016,2016-08-12,30,0,Strumm Entertainment,Folklore,0.592,0.572,10,-10.582,1,0.122,0.772,0.0,0.0966,0.298,76.314,4,239813
2rWYfMbQgHYXPEzbhN65Ys,Pehla Nasha,Pehla Nasha - Sanam,Sanam,Sanam,"hindi pop,desi pop",2016,2016-02-16,53,0,Saregama India Ltd,Samui,0.543,0.639,6,-8.36,1,0.0376,0.493,0.000111,0.119,0.583,153.966,4,224210
0gWQyG8QoBmB3HmvGugBWH,Hai Apna Dil To Aawara,Hai Apna Dil To Aawara - Sanam,Sanam;S. D. Burman,Sanam,"hindi pop,desi pop,ghazal",2016,2016-03-31,56,0,Saregama India Ltd,Samui,0.745,0.605,9,-7.091,1,0.0299,0.0267,0.0,0.098,0.963,115.942,4,200689
1BEasFvXRajfpsQ9eyv7XE,Halke Gaadi Hako,Panchrang,Kabir Cafe,Kabir Cafe,"bhajan,sufi,indian indie,hindi indie,devotional",2016,2016-08-20,0,0,Kabir Café,Folklore,0.793,0.784,11,-4.113,1,0.0891,0.23,0.0,0.172,0.87,104.994,4,224793
7nPCAO0Q9AHbM7PWyj9O98,Kho Gaye Hum Kahan,Baar Baar Dekho (Original Motion Picture Soundtrack),Jasleen Royal;Prateek Kuhad,Jasleen Royal,"hindi pop,bollywood,desi,gujarati pop,hindi indie,indian indie",2016,2016-08-04,58,0,Zee Music Company,Indie_Beats,0.779,0.227,1,-16.191,1,0.0379,0.983,0.14,0.113,0.38,116.042,4,213055
3LIQGYH80poxzEefD7zt79,Tere Bina Zindagi Se - Sanam - Film - Aandhi,Tere Bina Zindagi Se-Sanam,Sanam;R. D. Burman,Sanam,"hindi pop,desi pop,ghazal,bollywood",2016,2016-01-18,47,0,Saregama India Ltd,Samui,0.668,0.431,1,-8.711,0,0.0241,0.807,1.02e-06,0.0999,0.228,97.028,4,272561
6UncNaMLLpsDeK22BEJNy3,Taan,Yuv,Ritviz,Ritviz,"indian indie,hindi indie,hindi pop",2016,2016-07-18,25,0,Ritviz,Indie_Beats,0.58,0.915,4,-3.001,0,0.0732,0.111,0.57,0.106,0.0959,106.96,4,170467
5DSFsWFoGi37SivNJAoTi4,Yariyaan,Yariyaan - Single,Hari & Sukhmani;Noori,Hari & Sukhmani,"indian indie,hindi indie,sufi,qawwali,ghazal,desi",2016,2016-03-10,26,0,Hari & Sukhmani with Noori,Folklore,0.373,0.403,2,-10.829,1,0.0312,0.183,6.33e-05,0.0757,0.206,116.41,4,311186
18mL2rtfvLGDb6SwlndwJr,Jind Mahi,Raja Baja,Nucleya;Avneet Khurmi,Nucleya,"indian indie,hindi hip hop,desi hip hop,hindi indie",2016,2016-09-03,27,0,Nucleya,Folklore,0.57,0.859,2,-8.232,1,0.0309,3.3e-05,0.705,0.455,0.188,146.003,4,302465
4mjjr1EeynuE236oOWeEMK,"Mitho Laage - The Dewarists, Season 5","Mitho Laage (The Dewarists, Season 5)",Dhruv Ghanekar;Mame Khan,Dhruv Ghanekar,"sufi,indian indie",2016,2016-12-01,46,0,"Dhruv Ghanekar, Mame Khan",Folklore,0.599,0.708,9,-5.567,1,0.0736,0.106,0.0,0.1,0.628,96.122,4,280000
7zCNzMtqsYAFX5GC2TLin2,Savera,Savera - Single,Anusha Mani,Anusha Mani,bollywood,2017,2017-10-06,17,0,Anusha Mani,Folklore,0.6,0.392,11,-11.27,1,0.0241,0.873,0.00013,0.0875,0.333,97.978,4,245510
4t2sMBajRuSKudtieXPgPp,Ranjish Hi Sahi,Coke Studio Season 10: Episode 1,Ali Sethi,Ali Sethi,"ghazal,sufi,qawwali,desi,hindi indie,indian indie",2017,2017-08-14,49,0,Mainstage Productions,Folklore,0.654,0.424,11,-9.535,1,0.0289,0.482,2.1e-05,0.139,0.297,130.03,3,336866
3FTRSa9mWB3kKx2jkhUAN3,Tum Jab Paas,Tum Jab Paas - Single,Prateek Kuhad,Prateek Kuhad,"indian indie,hindi indie",2017,2017-04-24,57,0,AO,Indie_Beats,0.751,0.344,6,-7.712,1,0.0379,0.528,1.62e-06,0.113,0.471,122.1,3,235932
3vXEirfiXobeSQqbye6S5Z,Ranjish Hi Sahi,Coke Studio Season 10: Episode 1,Ali Sethi,Ali Sethi,"ghazal,sufi,qawwali,desi,hindi indie,indian indie",2017,2017-08-14,54,0,Mainstage Productions,Indie_Beats,0.651,0.424,11,-9.535,1,0.0289,0.479,2.1e-05,0.139,0.296,130.036,3,336866
7J2YEpZ1fIodpfsZqSY6wK,Chaap Tilak,"Wajd, Vol. 1",Hadiqa Kiani,Hadiqa Kiani,"qawwali,sufi,ghazal,desi",2017,2017-09-14,53,0,Hadiqa Kiani,Folklore,0.445,0.687,1,-7.592,0,0.14,0.862,1.43e-05,0.231,0.368,90.956,4,404001
6O4sY51NvytQFRAGraqajN,Yeh Raat Bheegi Bheegi,Yeh Raat Bheegi Bheegi,Sanam;Aishwarya Majmudar,Sanam,"hindi pop,desi pop,gujarati garba,gujarati pop,bhajan",2017,2017-02-16,49,0,Saregama India Ltd,Samui,0.611,0.607,1,-5.6,0,0.0296,0.556,0.0,0.553,0.451,88.971,4,224195
1QIwicVeFLDc79loIR04UE,Jaane Woh Kaise,Jaane Woh Kaise - Sanam,Sanam;S. D. Burman,Sanam,"hindi pop,desi pop,ghazal",2017,2017-11-30,52,0,Saregama India Ltd,Samui,0.565,0.361,4,-9.74,1,0.025,0.859,0.0,0.103,0.369,92.942,4,261290
0c1gm3EA6JkvxcEKr4XEoV,Saawariyo,Saawariyo,Atmanam;Aditya Gadhvi,Atmanam,"gujarati pop,gujarati garba,indian indie,bhajan",2017,2017-12-20,32,0,Atmanam,Folklore,0.401,0.683,9,-7.112,1,0.0416,0.0202,0.0,0.174,0.135,89.881,4,265124
3K3mo4LoxPKk18oqIC3hQC,Udaarian,Seasons of Sartaaj,Satinder Sartaaj,Satinder Sartaaj,"sufi,punjabi pop,bhangra",2018,2018-11-29,75,0,Saga Music,Indie_Beats,0.659,0.712,2,-5.585,0,0.0352,0.584,0.0,0.201,0.883,143.792,4,342585
2vDPSojrX4aL7aiCPD7kja,Harukamirai,Iroirotoiro,KANKAKU PIERO,KANKAKU PIERO,"anime,j-rock",2018,2018-02-21,66,0,JIJI INC.,YaNiMe,0.459,0.99,9,-1.083,1,0.128,0.0102,4.98e-06,0.307,0.458,91.006,4,177106
09Z6o1yu596HJAwWZxTz4m,Othaiyadi Pathayila,Kanaa (Original Motion Picture Soundtrack),Dhibu Ninan Thomas;Anirudh Ravichander;Arunraja Kamaraj,Dhibu Ninan Thomas,"tamil pop,kollywood,tamil dance,tamil hip hop,tollywood,telugu pop",2018,2018-08-23,77,0,Sony Music Entertainment India Pvt. Ltd.,Southie,0.713,0.615,11,-7.648,0,0.138,0.341,1.55e-06,0.0608,0.807,135.017,3,249671
13bxvI8AveCg4FOJTCULnb,Wajah,Hai Bharosa,Piyush Bhisekar,Piyush Bhisekar,"indian indie,hindi indie",2018,2018-12-25,36,0,Piyush Bhisekar,Indie_Beats,0.563,0.212,9,-12.493,1,0.0332,0.468,4.03e-06,0.206,0.219,87.939,4,224486
0cJTjTH3XVTTJh8F4Uq1db,Waqt Ki Baatein,Waqt Ki Baatein,Dream Note,Dream Note,"indian indie,hindi indie",2018,2018-03-15,61,0,Dream Note,Indie_Beats,0.556,0.202,4,-16.397,1,0.0324,0.915,0.0381,0.112,0.2,145.017,3,243310
6q7bXTv3yBedHblKRoC5uu,Kadam,Karwaan,Prateek Kuhad,Prateek Kuhad,"indian indie,hindi indie",2018,2018-07-13,47,0,T-Series,Indie_Beats,0.55,0.356,9,-14.142,1,0.0405,0.637,0.187,0.32,0.343,159.911,3,214603
0cZiZvDw379OH4eXqGDGtx,Kaash,Raah-e-Fakira,Swarathma,Swarathma,"indian indie,hindi indie,desi pop",2018,2018-10-15,21,0,Swarathma,Folklore,0.731,0.232,11,-15.402,1,0.0302,0.608,0.00108,0.104,0.396,82.993,4,233026
17PQNiQynwG4iCGwPglRuL,Safar,Kimaya,Masala Coffee,Masala Coffee,"kollywood,malayalam pop,malayalam hip hop,tamil pop",2018,2018-04-10,18,0,Masala Coffee Picture,Folklore,0.725,0.743,5,-7.396,1,0.0513,0.667,0.000278,0.396,0.359,120.032,4,276030
4QK1qv4mgsfdWmMzp1Z3fx,Khoj (Passing By),Believe,When Chai Met Toast,When Chai Met Toast,"indian indie,hindi indie",2018,2018-09-07,48,0,When Chai Met Toast,Folklore,0.58,0.636,2,-6.649,1,0.0262,0.191,0.0313,0.0915,0.38,105.037,3,212571
0QOJABRwcIx5WfzILs47eJ,Latthay Di Chaadar,Latthay Di Chaadar - Single,Hari & Sukhmani,Hari & Sukhmani,"indian indie,hindi indie,sufi",2018,2018-12-24,40,0,Hari & Sukhmani,Folklore,0.517,0.234,0,-16.978,1,0.109,0.879,0.000211,0.0694,0.523,128.127,4,215632
7yNf9YjeO5JXUE3JEBgnYc,Babydoll,"Don't Forget About Me, Demos",Dominic Fike,Dominic Fike,,2018,2018-10-16,98,0,Columbia,Liked_Songs,0.762,0.604,7,-5.296,0,0.11,0.114,0.0,0.0271,0.847,168.007,4,97960
0usYBbHAMyaUXQWt6MPgRb,Railgaadi,Achint & The Khan Brothers,Achint,Achint,"gujarati garba,gujarati pop",2018,2018-06-29,39,0,Night Song Records,Folklore,0.624,0.518,4,-9.336,1,0.0351,0.228,0.0,0.366,0.842,94.718,4,221661
3WLJ7D5kh44K5eJ1NqZQ6W,Baarishein,Baarishein,Anuv Jain,Anuv Jain,"indian indie,hindi indie,hindi pop",2018,2018-01-12,77,0,Universal Music India Pvt. Ltd. (on behalf of Anuv Jain),Indie_Beats,0.476,0.124,2,-9.463,1,0.0443,0.927,0.0,0.0972,0.19,94.299,4,207312
6dkoeiIuVDJXgpWA03BHNL,Ek Pyar Ka Nagma Hai,Ek Pyar Ka Nagma Hai - Sanam,Sanam;Laxmikant–Pyarelal,Sanam,"hindi pop,desi pop,ghazal",2018,2018-11-15,46,0,Saregama India Ltd,Samui,0.69,0.281,5,-11.677,1,0.0294,0.648,0.0,0.101,0.29,91.974,4,277137
52vuIcerIKjbRwaMRm4ZAn,Rāgamaya,Rāgamaya,Apoorva Krishna;Shankar Mahadevan,Apoorva Krishna,"marathi pop,bollywood,devotional,bhajan,desi,tamil dance",2018,2018-09-07,2,0,Apoorva Krishna,Folklore,0.503,0.785,4,-5.826,1,0.187,0.263,4.07e-06,0.108,0.48,148.045,3,508364
7uMH7xm3izX8QDImcZcGO1,Bumro,Notebook,Kamaal Khan,Kamaal Khan,bollywood,2019,2019-03-08,44,0,T-Series,Nepali_Gem,0.687,0.925,10,-4.825,1,0.111,0.514,0.0,0.321,0.857,132.944,4,201549
2FBsVowygJJv4lg32ZHk5l,Purvayi (feat. Papon),Purvayi,Midival Punditz;Papon,Midival Punditz,"hindi indie,indian indie,bollywood,sufi,hindi pop",2019,2019-10-18,34,0,Gravity Sounds,Folklore,0.384,0.696,5,-6.768,1,0.0335,0.00385,0.0156,0.163,0.0779,172.059,4,310146
0Lqxz4U8R2643WhJIHDLVE,Aajkal Tere Mere Pyar Ke Charche,Sanam - Aajkal Tere Mere Pyar Ke Charche,Sanam;Sanah Moidutty,Sanam,"hindi pop,desi pop,malayalam pop,indian indie",2019,2019-09-20,48,0,Saregama India Ltd,Samui,0.575,0.588,9,-7.221,1,0.0565,0.299,4.8e-06,0.0996,0.636,104.79,4,186277
3uWgqLET07l0AtFtCnleo8,Humein Tumse Pyar Kitna,Sanam - Humein Tumse Pyar Kitna,Sanam;R. D. Burman,Sanam,"hindi pop,desi pop,ghazal,bollywood",2019,2019-03-01,44,0,Saregama India Ltd,Samui,0.636,0.549,10,-9.095,0,0.0332,0.363,0.0,0.112,0.362,123.12,4,186899
3HWkDm6fQolw2k2NxRcNCa,Hum Bewafa Hargiz Na The,Universally SANAM,Sanam,Sanam,"hindi pop,desi pop",2019,2019-08-09,42,0,Universal Music India Pvt Ltd.,Samui,0.522,0.485,10,-7.838,1,0.0314,0.26,3.56e-05,0.388,0.351,90.556,5,206519
3CBMwkKMZfTGQpue0BJViv,Chala Jata Hoon,Sanam - Chala Jata Hoon,Sanam;R. D. Burman,Sanam,"hindi pop,desi pop,ghazal,bollywood",2019,2019-04-01,48,0,Saregama India Ltd,Samui,0.778,0.786,5,-5.336,1,0.0415,0.00304,0.0,0.0446,0.744,111.963,4,209977
5zWA0flBrTC3VmhjcJ2MZG,Karam (Equals Sessions),Karam (Equals Sessions) - Single,Rangle Sardar;When Chai Met Toast,Rangle Sardar,"indian indie,hindi indie",2019,2019-08-23,24,0,Anahad Foundation,Folklore,0.406,0.717,0,-5.651,0,0.0319,0.154,1.06e-06,0.0986,0.702,95.146,4,259500
2nEntnpNpsJNhw1wLY8O96,Jeet,Ved,Ritviz,Ritviz,"indian indie,hindi indie,hindi pop",2019,2019-07-01,51,0,Ritviz,Indie_Beats,0.787,0.734,0,-6.465,1,0.0703,0.364,0.000995,0.0625,0.644,98.989,4,184848
1rDjwexewf4hrdZT7SRNsH,Nasha (Equals Sessions),Nasha (Equals Sessions) - Single,Faridkot;Amar Jalal,Faridkot,"indian indie,hindi indie",2019,2019-10-25,49,0,Anahad Foundation,"Folklore,Indie_Beats",0.78,0.46,6,-7.516,1,0.0851,0.455,0.000141,0.061,0.788,124.007,4,287573
0B7FbDb0GQxMX5KSXGv3sg,Tum Ho Yahaan,Tum Ho Yahaan,Abhilasha Sinha,Abhilasha Sinha,"indian indie,hindi indie",2019,2019-06-12,29,0,1260639 Records DK2,Indie_Beats,0.504,0.548,7,-6.559,1,0.0296,0.803,0.0,0.324,0.279,162.997,3,196932
4JkeZCRHUiB43GMdU4WaSC,Sajni,Thirty,Strings,Strings,"desi pop,hindi indie,indian indie,desi,sufi",2019,2019-11-06,49,0,Mainstage Productions,Indie_Beats,0.512,0.818,4,-5.663,1,0.0377,0.217,0.00267,0.143,0.435,156.054,4,257952
7Hkbm2DgepcriVxDrwbCcc,Taarif Karoon,Sanam - Taarif Karoon,Mohammed Rafi;Sanam,Mohammed Rafi,"ghazal,hindi pop,desi pop",2019,2019-05-16,52,0,Saregama India Ltd,Samui,0.796,0.681,5,-6.067,1,0.0464,0.352,0.0,0.105,0.795,111.995,4,157760
5ZsAhuQ24mWHiduaxJqnhW,Udd Gaye,Ved,Ritviz,Ritviz,"indian indie,hindi indie,hindi pop",2019,2019-07-01,60,0,Ritviz,Indie_Beats,0.595,0.817,11,-6.187,0,0.0474,0.000712,0.0386,0.142,0.483,144.961,4,180413
7GxI9WBkFdyI7VbkqDj605,Yeh Vaada Raha,Universally SANAM,Sanam;Mira Mohamed Majid,Sanam,"hindi pop,desi pop",2019,2019-08-09,52,0,Universal Music India Pvt Ltd.,Samui,0.636,0.537,5,-7.477,0,0.0344,0.59,0.0,0.101,0.597,75.968,4,183041
43mHckutQvJr49nT0UvRxy,Sage,Ved,Ritviz,Ritviz,"indian indie,hindi indie,hindi pop",2019,2019-07-01,56,0,Ritviz,Indie_Beats,0.663,0.412,5,-8.195,0,0.364,0.00434,0.019,0.215,0.356,98.023,4,230204
6S6igJi5j9FP1JVzl9EVqu,Dil Kya Kare,Universally SANAM,Sanam,Sanam,"hindi pop,desi pop",2019,2019-08-09,53,0,Universal Music India Pvt Ltd.,Samui,0.763,0.534,10,-6.12,0,0.0544,0.155,0.0,0.147,0.836,100.963,4,209108
1ccZZf0IQi5y0bHMl2aGDF,Gulabi Aankhen,Universally SANAM,Sanam,Sanam,"hindi pop,desi pop",2019,2019-08-09,75,0,Universal Music India Pvt Ltd.,Samui,0.636,0.647,0,-6.97,0,0.0436,0.422,0.0,0.251,0.44,105.914,4,197759
3YKEmGS5CbVoWC2FNMUJCC,Jhingur (Equals Sessions),Jhingur (Equals Sessions) - Single,Ahen;Gurmoh;Jaisalmer Beats,Ahen,sufi,2019,2019-10-29,33,0,Anahad Foundation,Folklore,0.678,0.725,7,-6.851,1,0.0855,0.36,0.0,0.341,0.291,103.963,4,274615
3ye3eYGqAB8WJJPrcnjHrF,Shiv Kailasho Ke Vasi,Shiv Kailasho Ke Vasi,Hansraj Raghuwanshi,Hansraj Raghuwanshi,"bhajan,devotional",2019,2019-12-02,68,0,Hansraj Raghuwanshi,Liked_Songs,0.555,0.343,7,-9.918,1,0.0242,0.337,0.0,0.343,0.25,99.981,1,305528
4KsWOKwnr0WTelyBaV8fdL,Kashi (Equals Sessions),Kashi (Equals Sessions) - Single,Syncopation;Bagga Khan,Syncopation,"chicago house,indian indie,hindi indie",2019,2019-12-28,6,0,Anahad Foundation,Folklore,0.479,0.665,8,-8.489,1,0.105,0.734,8.21e-06,0.425,0.589,84.76,4,269647
3sCM3fyhfyWCuhSOSCiG6u,Umeed,Umeed,Alif,Alif,"sufi,indian indie,hindi indie,qawwali",2019,2019,11,0,Springboard Records,Folklore,0.67,0.676,7,-7.829,1,0.0352,0.259,0.016,0.277,0.357,129.315,4,291340
4qe6IxJFQzwiUQ6X4RiGVW,"Gurenge (From ""Demon Slayer: Kimetsu no Yaiba"") - Remix",Anime Remixes,Akano;AndrezoWorks,Akano,anime,2019,2019-06-26,28,0,Akano,YaNiMe,0.569,0.65,7,-5.585,1,0.0279,0.0757,0.0,0.346,0.16,135.15,4,96009
6N5WkgPIDoTdbCXyyIIKAv,tere bina,tere bina,Zaeden,Zaeden,"indian indie,hindi indie",2019,2019-09-05,58,0,Universal Music India Pvt Ltd.,Indie_Beats,0.889,0.341,7,-7.909,1,0.0424,0.117,3.7e-06,0.0734,0.942,118.003,4,157245
1k5YcZkESDSl6iJylkoOOK,All Around the World (La La La),All Around the World (La La La),R3HAB;A Touch Of Class,R3HAB,"slap house,edm,europop,eurodance",2019,2019-07-26,49,0,CYB3RPVNK,Phonk,0.733,0.859,9,-5.03,0,0.033,0.479,0.0645,0.105,0.52,124.948,4,147840
5j7ixaLeGTGSv4DzKs0pCM,だから僕は音楽を辞めた,だから僕は音楽を辞めた,Yorushika,Yorushika,"j-pop,j-rock,anime,japanese indie",2019,2019-04-10,73,0,U&R records,YaNiMe,0.65,0.88,4,-5.326,1,0.0283,0.36,0.00369,0.23,0.921,124.985,4,242912
6MZyrnqwsLnrWY5Gk0AyXg,Farq hai,Farq hai,Suzonn,Suzonn,"hindi indie,indian indie",2020,2020-11-26,60,0,Suzonn,Indie_Beats,0.8,0.209,4,-12.652,1,0.0408,0.865,4.11e-05,0.252,0.74,87.972,4,184090
6J4oLY2GEwOsUgEd50IpKy,Baarish Ka Asar,Baarish Ka Asar,Twin Strings,Twin Strings,"indian indie,hindi indie",2020,2020-12-09,1,0,Twin Strings,Indie_Beats,0.59,0.63,9,-6.735,1,0.0279,0.469,1.02e-05,0.15,0.227,119.962,4,245500
310zr60WawOzv8L86LKqEN,Ehsan Tera Hoga Mujh Par,Sanam - Ehsan Tera Hoga Mujh Par,Sanam,Sanam,"hindi pop,desi pop",2020,2020-09-02,41,0,Saregama India Ltd,Samui,0.44,0.158,5,-11.671,1,0.0328,0.95,0.0,0.0818,0.384,82.753,4,188780
3bQsp4Vr9Rg4fNCx6HPOgX,Alag Aasmaan,Alag Aasmaan,Anuv Jain,Anuv Jain,"indian indie,hindi indie,hindi pop",2020,2020-07-31,73,0,Universal Music India Pvt. Ltd. (on behalf of Anuv Jain),Indie_Beats,0.699,0.299,6,-12.599,1,0.0403,0.869,0.0,0.0724,0.459,118.968,4,212750
0XCtRvfDHT98h0iUSDFtyO,Chaap Tilak,Chaap Tilak,Namita Choudhary,Namita Choudhary,"indian indie,sufi,hindi indie,ghazal",2020,2020-12-10,49,0,Pehchan Music,Folklore,0.544,0.38,6,-8.339,1,0.0318,0.859,0.0,0.0762,0.149,84.267,4,194821
5BKKKNwrebowaMoUdBaNby,Tu Aake Dekhle,The Carnival,King,King,"desi hip hop,hindi hip hop,desi pop,hindi pop,hindi indie",2020,2020-09-21,73,0,Warner Music India,Indie_Beats,0.77,0.838,11,-4.022,1,0.108,0.518,0.00398,0.145,0.187,96.016,4,270000
7qZClRjuyBwaKQsU0LxX5y,Kya Karein,Kya Karein,Aditya Rikhari,Aditya Rikhari,"hindi indie,indian indie,desi pop,hindi pop",2020,2020-08-02,50,0,PlaylistX Network,Indie_Beats,0.528,0.344,6,-11.787,1,0.0586,0.616,0.0,0.232,0.461,107.626,4,158824
4JBNysi2ev6akvX0JXa9db,Rangi Saari Gulabi Chunariya,Bandish Fusion & More,Kaushiki Chakraborty;Ricky Kej,Kaushiki Chakraborty,"ghazal,bangla pop",2020,2020-08-27,19,0,Strumm Entertainment Pvt. Ltd.,Folklore,0.71,0.418,3,-10.428,1,0.0439,0.479,0.0,0.111,0.126,131.994,3,400957
5DEp8hauuZ45oG38YOkkQq,Aziyat,Aziyat,Pratsofficial,Pratsofficial,"indian indie,hindi indie",2020,2020-02-27,35,0,Songdew,Indie_Beats,0.682,0.437,10,-8.655,1,0.0271,0.758,0.00801,0.106,0.233,104.961,4,221714
7vbwRFf4lcGq2SFNRbly3c,Dil-e-Nadaan,A Suitable Boy (Original Television Soundtrack),Kavita Seth,Kavita Seth,"bollywood,hindi indie,hindi pop,indian indie,ghazal,desi,sufi",2020,2020-10-23,0,0,Silva Screen Records Ltd,Folklore,0.369,0.533,7,-8.336,1,0.0376,0.572,1.43e-06,0.283,0.471,92.29,4,382000
62Lv9WcrfzJqhvYDbilJy3,たぶん,たぶん,YOASOBI,YOASOBI,"j-pop,anime",2020,2020-07-20,65,0,YOASOBI,YaNiMe,0.747,0.666,5,-6.395,1,0.0324,0.146,0.000912,0.0981,0.731,90.008,4,258666
3FUqp10RhCmMjyyB9extmo,花に亡霊,盗作,Yorushika,Yorushika,"j-pop,j-rock,anime,japanese indie",2020,2020-07-29,69,0,Universal Music LLC,YaNiMe,0.646,0.45,4,-6.628,1,0.0482,0.573,0.0,0.0768,0.413,90.01,4,241226
0YLHqYeNUq2qdQwPTV6Rvh,Khushnaseeb,"SANAM Memories, Vol. 2",Sanam,Sanam,"hindi pop,desi pop",2020,2020-03-27,42,0,Sanam Music LLP,Samui,0.622,0.639,4,-6.842,1,0.0404,0.657,2.38e-06,0.398,0.478,122.999,4,195579
5k65sxZPtaHO8rmTskq3v2,Tumi Robe Nirobe,"Sanam Memories, Vol. 1",Sanam,Sanam,"hindi pop,desi pop",2020,2020-03-27,45,0,Sanam Music LLP,Samui,0.54,0.371,4,-8.722,1,0.0245,0.828,0.0,0.0916,0.351,74.023,3,201891
0AVxQlxvO4DTI5ItaJy8oa,Jaanta Tha,"Sanam Memories, Vol. 1",Sanam,Sanam,"hindi pop,desi pop",2020,2020-03-27,43,0,Sanam Music LLP,Samui,0.535,0.482,4,-7.561,1,0.0283,0.74,0.00275,0.288,0.392,75.101,4,266500
5ZW3PfJvVQURlIdLQfXZJo,Itni Door,"Sanam Memories, Vol. 1",Sanam,Sanam,"hindi pop,desi pop",2020,2020-03-27,43,0,Sanam Music LLP,Samui,0.699,0.706,0,-7.24,0,0.0449,0.435,3.2e-06,0.228,0.841,95.988,4,183281
1EuQFujqMzy76oZZ7R2xNO,Pahadon Mein,Shaan,Salman Elahi,Salman Elahi,"indian indie,hindi indie",2020,2020-01-23,52,0,1661298 Records DK,Indie_Beats,0.776,0.477,1,-10.049,1,0.0308,0.592,0.000184,0.105,0.774,115.008,4,225391
1pNTwQvMOD7NRJtRwHlRRf,Har Ek Pal,Har Ek Pal,Ashu Shukla,Ashu Shukla,"hindi indie,indian indie",2020,2020-08-03,45,0,Ashu Shukla,Indie_Beats,0.718,0.448,2,-9.438,0,0.0263,0.497,0.000215,0.107,0.425,106.676,4,196875
0mAswKg3RCbmXAV4KYTUxM,Aisay Kaisay,Aisay Kaisay,Hasan Raheem;Abdullah Kasumbi,Hasan Raheem,"indian indie,hindi indie,desi,desi hip hop,desi pop",2020,2020-01-11,47,0,Kasumbi Studios,Indie_Beats,0.577,0.428,0,-9.066,1,0.0302,0.467,2.61e-05,0.272,0.401,104.938,4,198857
6V7QyA9N0Zp7C6k8qsYfpm,Kahaan Ho Tum,Mismatched: Season 1 (Music from the Netflix Original Series),Prateek Kuhad,Prateek Kuhad,"indian indie,hindi indie",2020,2020-11-11,53,0,Netflix Music,Indie_Beats,0.714,0.393,5,-10.157,1,0.0754,0.733,0.00192,0.123,0.72,67.589,4,155289
380fTuo1hTxcT89DW4qXPi,Tulsi,Tulsi,Nyasa;Gaurav Chati,Nyasa,"indian indie,hindi indie,folk,marathi pop,bhajan,devotional",2020,2020-10-05,7,0,Springboard Records,Folklore,0.658,0.508,9,-7.641,1,0.0412,0.2,1.33e-05,0.189,0.611,119.944,4,190150
6qhTVtHIsK8WVf7biagk7O,Moti Veraana (From Songs of Faith),Moti Veraana (From Songs of Faith),Amit Trivedi;Osman Mir,Amit Trivedi,"bollywood,hindi pop,gujarati garba,desi,gujarati pop,bhajan,ghazal",2020,2020-04-01,32,0,Amit Trivedi Azaad,Folklore,0.71,0.783,10,-6.739,1,0.075,0.269,3.31e-05,0.0842,0.624,112.503,3,256399
4oFTEI6Dmnca8HbpwdXQCL,Shafqat with Shafqat (Lakh Jatan / Khamaj),Shafqat with Shafqat (Lakh Jatan / Khamaj),Shafqat Amanat Ali;Shafqat Ali Khan,Shafqat Amanat Ali,"bollywood,sufi,hindi pop,ghazal,qawwali",2020,2020-10-19,28,0,SufiScore,Folklore,0.299,0.437,5,-9.258,1,0.0334,0.88,0.00034,0.11,0.38,160.084,4,440999
4sgYmcu4FKb1ZC6qBlxMiw,Vaaroon,Mirzapur,Anand Bhaskar;Romy;Ginny Diwan,Anand Bhaskar,"mollywood,hindi pop,bollywood",2020,2020-10-21,76,0,Zee Music Company,Liked_Songs,0.555,0.526,7,-9.507,1,0.0299,0.38,4.87e-05,0.106,0.34,144.939,3,350739
1gZGbfZYaY7Cxm5zsdLVHp,Aaja Aaja,"SANAM Memories, Vol. 2",Sanam,Sanam,"hindi pop,desi pop",2020,2020-03-27,42,0,Sanam Music LLP,Samui,0.559,0.555,8,-5.899,1,0.032,0.642,1.53e-05,0.12,0.211,141.946,4,191619
2qdj04pkNkCo9kuVF8sdKv,Saawariya,Saawariya,Nyasa,Nyasa,"indian indie,hindi indie,folk",2020,2020-12-11,15,0,Springboard Records,Folklore,0.501,0.865,2,-3.396,1,0.0623,0.198,0.0,0.076,0.46,93.641,4,291382
3AGBcIwsZI9a6qPSBYEiVN,Ek Nazar,Ek Nazar,Kavita Seth,Kavita Seth,"bollywood,hindi indie,hindi pop,indian indie,ghazal,desi,sufi",2020,2020-05-21,30,0,Kavita Seth,Folklore,0.607,0.51,0,-8.063,1,0.0276,0.0187,1.41e-05,0.0972,0.394,99.983,4,444600
0taLfHYFKcjNW3owIUTR2Q,Ye Pahuna Ae Mithile Me Rahu Na,Ye Pahuna Ae Mithile Me Rahu Na,Priya Mallick;Lk Laxmikaant,Priya Mallick,"bhojpuri pop,bhajan,marathi pop",2020,2020-09-17,0,0,Ath Entertainment / Virtual Planet Music,Folklore,0.614,0.603,11,-3.515,1,0.0339,0.0757,0.0,0.109,0.318,120.074,4,460531
2DdVtEaKssleK9Prel4ymy,Sajaniya,Sajaniya,Mame Khan,Mame Khan,"sufi,indian indie",2020,2020-08-07,16,0,Mame Khan,Folklore,0.498,0.376,2,-12.246,1,0.0298,0.674,0.000373,0.276,0.243,79.906,4,331190
1lPeLiGQ4Du2nFO30cLPsu,Jheeni Jheeni,Jheeni Jheeni,Jonita Gandhi;Swaroop Khan;Salim–Sulaiman,Jonita Gandhi,"bollywood,tamil pop,kollywood,hindi pop,desi,gujarati garba,sufi,qawwali",2020,2020-12-30,0,0,Merchant Records-Sufiscore,Folklore,0.509,0.88,1,-3.98,0,0.192,0.0325,0.000265,0.259,0.551,160.044,4,226124
1b5oE4DkU1v5JlZoEYksdi,Khoyo,Khoyo,Tech Panda;Kenzani,Tech Panda,"indian indie,hindi indie,desi",2020,2020-05-01,36,0,Groovebird Records,Folklore,0.34,0.43,8,-12.279,0,0.142,0.745,8.03e-05,0.211,0.309,200.298,4,232806
74IinPT5MUEx90zNUguaSL,The Naani Song,The Naani Song,KS Abhishek;Naani;Sukanya Chattopadhyay,KS Abhishek,"indian indie,hindi indie,bangla pop",2020,2020-06-19,0,0,KS Abhishek under exclusive licence to CollabStories.,Folklore,0.71,0.268,11,-11.608,0,0.38,0.493,0.0,0.266,0.927,199.877,4,141600
5DRUnUWYHCmuRNlYsWHHyp,Amma Puchdi,Raahi,Akanksha Bhandari,Akanksha Bhandari,"indian indie,hindi indie,bhajan,devotional",2020,2020-01-13,0,0,Akanksha Bhandari,Folklore,0.531,0.399,11,-9.089,1,0.0294,0.704,0.0,0.115,0.21,107.506,1,264444
2B6uLeBwpBVBLu1xaXyoG5,Matwari,Matwari,Samahita Narang,Samahita Narang,"indian indie,hindi indie",2020,2020-08-19,28,0,Samahita Narang,Folklore,0.632,0.537,0,-9.043,1,0.0261,0.299,0.419,0.106,0.0942,129.983,3,200000
6aHl7WFS38wYezyWHTdghb,Jaana Kaha Hai,Muhafiz,Muhafiz;Sarthak Kalyani;Siddharth Chopra,Muhafiz,"ghazal,indian indie,hindi indie,marathi pop,tamil pop",2020,2020-12-23,14,0,Muhafiz,Folklore,0.454,0.381,0,-13.133,0,0.0499,0.302,7.96e-05,0.289,0.315,75.058,4,272000
2YtPvGvR1urr0oX0T7ouFR,Naiharwa,Naiharwa,Nikhita Gandhi;Jivitesh Kharbanda,Nikhita Gandhi,"bollywood,hindi pop,hindi indie,indian indie",2020,2020-03-31,10,0,Nikhita,Folklore,0.608,0.0904,9,-14.163,1,0.0336,0.768,0.0,0.105,0.108,90.967,1,214738
66INq9JZJp9MsX05WXGqIN,Muraliya,Muraliya,Salim–Sulaiman;Shreya Ghoshal,Salim–Sulaiman,"bollywood,sufi,desi,hindi pop,qawwali,kannada pop,marathi pop",2020,2020-11-30,0,0,Merchant Records-Sufiscore,Folklore,0.344,0.656,8,-4.657,1,0.0586,0.082,0.0,0.211,0.39,139.048,4,255630
7FYVWjUfB9spZUV8gMAVHP,Yatra,Rang,Bickram Ghosh;Kala Ramnath;Barry Phillips,Bickram Ghosh,"ghazal,bangla pop,celtic,traditional folk",2020,2020-08-02,24,0,TRUE MUSIC,Folklore,0.613,0.487,2,-10.833,1,0.0473,0.788,0.337,0.104,0.477,90.029,4,382666
5jg83QUqVDtu5qeVXk8AhB,Banna,Banna,Divya Kumar,Divya Kumar,"bollywood,gujarati garba,hindi pop,desi,gujarati pop",2020,2020-05-19,0,0,Divya Kumar,Folklore,0.564,0.801,4,-8.496,1,0.049,0.59,0.000244,0.0806,0.592,109.981,4,336296
1TOQb1AwnZLzrAu4VXZUIO,Garaj Garaj Jugalbandi,Bandish Bandits (Original Series Soundtrack),Shankar-Ehsaan-Loy;Farid Hasan;Mohammed Aman,Shankar-Ehsaan-Loy,"bollywood,sufi,desi,hindi pop,ghazal",2020,2020-07-27,42,0,Sony Music Entertainment India Pvt. Ltd. / Amazon Seller Services Private Limited,Folklore,0.269,0.779,2,-5.135,1,0.0519,0.0463,1.73e-06,0.0892,0.384,150.04,3,330921
4qPEj1futdyovzkDQkbBcz,Thaare Bina,Thaare Bina,Prashanth Srinivas;Swaroop Khan;Sukanya Purkayastha,Prashanth Srinivas,"gujarati garba,bollywood",2020,2020-04-12,17,0,RagaHaus Music 2020,Folklore,0.3,0.451,2,-13.144,1,0.0444,0.74,0.0209,0.338,0.298,179.968,3,323734
3StBtW3cANtA6ZGwIzT8z2,Garaj Garaj,Bandish Bandits (Original Series Soundtrack),Shankar-Ehsaan-Loy;Pandit Ajoy Chakrabarty;Javed Ali,Shankar-Ehsaan-Loy,"bollywood,sufi,desi,hindi pop,ghazal,qawwali,desi pop",2020,2020-07-27,42,0,Sony Music Entertainment India Pvt. Ltd. / Amazon Seller Services Private Limited,Folklore,0.287,0.762,0,-7.121,1,0.0874,0.392,0.0,0.287,0.262,73.054,4,158476
1bEnIDpwKsyhDauHVoMz6t,"Blue Bird (From ""Naruto Shippuden"")","Blue Bird (From ""Naruto Shippuden"")",Akano,Akano,anime,2020,2020-12-22,60,0,Akano,YaNiMe,0.594,0.868,6,-3.286,0,0.0606,0.0209,0.0,0.209,0.691,151.976,4,100200
0o9zmvc5f3EFApU52PPIyW,Shinunoga E-Wa,HELP EVER HURT NEVER,Fujii Kaze,Fujii Kaze,j-pop,2020,2020-05-20,79,0,Universal Music LLC,YaNiMe,0.6,0.76,6,-6.124,0,0.0452,0.166,4.09e-05,0.189,0.519,158.078,4,185573
2891wimisUHGRrrslLFRel,Khoyi Hun Main,Khoyi Hun Main,Joell;Vibha Saraf;Shraddha Sehgal,Joell,"hindi indie,indian indie,bollywood",2020,2020-09-03,15,0,Songdew,Indie_Beats,0.703,0.244,2,-18.637,1,0.0352,0.818,1.02e-05,0.329,0.516,126.092,4,174426
6hQieOPS0HX8OC9R4TadKm,Waqt Tham Gaya Kahin (Currious List),Waqt Tham Gaya Kahin (Currious List),Zenith;Danish Sood,Zenith,"hindi indie,indian indie",2020,2020-09-15,15,0,Zenith,Indie_Beats,0.498,0.259,6,-11.302,1,0.0363,0.706,9.99e-06,0.107,0.248,109.362,4,126674
7jY91IOdWWOQ416XRM9aIi,Pal Behta Jaaye,Pal Behta Jaaye,Vismay Patel,Vismay Patel,"hindi indie,indian indie",2020,2020-06-13,37,0,Caartel Music,Indie_Beats,0.776,0.223,8,-13.686,1,0.0379,0.721,3.8e-06,0.119,0.196,109.966,4,174545
2sT0eosuhBEkw8dz6qFxUo,Aise Kyun,Mismatched: Season 1 (Music from the Netflix Original Series),Anurag Saikia;Raghav Chaitanya;Raj Shekhar;Nikhita Gandhi,Anurag Saikia,"bollywood,hindi indie,ghazal,hindi pop,indian indie,desi",2020,2020-11-11,58,0,Netflix Music,Indie_Beats,0.528,0.435,5,-9.699,1,0.0347,0.705,2.98e-05,0.103,0.293,172.115,4,264933
0P4AQdNDgEdi7J8mpgY8Jx,Khoya,Khoya,Zariya;Aseem,Zariya,"indian indie,hindi indie",2020,2020-04-10,47,0,Zariya,Indie_Beats,0.609,0.539,0,-8.087,1,0.0284,0.138,0.00014,0.286,0.413,99.995,4,178197
7EYEswNmA0XjzwUitONgzK,Tuta Pull Wahan,Tuta Pull Wahan,Deepak Rathore,Deepak Rathore,"indian indie,hindi indie,desi pop",2020,2020-01-01,53,0,Sony Music Entertainment India Pvt. Ltd.,Indie_Beats,0.588,0.283,8,-12.663,1,0.0364,0.863,0.0,0.121,0.284,82.044,4,313170
08kTa3SL9sV6Iy8KLKtGql,Kasoor,Kasoor,Prateek Kuhad,Prateek Kuhad,"indian indie,hindi indie",2020,2020-06-30,64,0,Prateek Kuhad,Indie_Beats,0.558,0.497,8,-7.175,1,0.0256,0.0285,5.36e-06,0.0799,0.444,107.047,4,197549
3F2BSn4ayglzMwquBRHZq6,Rangi Saari,Rangi Saari,Kavita Seth;Kanishk Seth,Kavita Seth,"bollywood,hindi indie,hindi pop,indian indie,ghazal,desi,sufi",2020,2020-04-24,62,0,Kavita Seth,"Folklore,Indie_Beats",0.613,0.685,10,-7.993,1,0.0419,0.212,0.0615,0.0926,0.268,139.985,4,214000
18qN1yxa4SVwmykQq1Icrl,Khayaal,Khayaal,Abhijeet Srivastava;Prateeksha Srivastava,Abhijeet Srivastava,"indian indie,hindi indie,desi pop,hindi pop,bhajan,devotional",2020,2020-07-03,48,0,Springboard Records,Indie_Beats,0.5,0.677,0,-7.73,0,0.0634,0.21,0.0,0.118,0.524,149.751,3,162206
3vLVrtGbPjYJuV1qmcQkdt,Ithlati,Mann Bheetar,Javed Ali,Javed Ali,"sufi,bollywood,qawwali,hindi pop,desi,desi pop",2020,2020-02-06,29,0,T-Series,Folklore,0.699,0.697,5,-6.674,0,0.0901,0.787,0.0,0.179,0.523,134.985,3,387099
7r5SU4ZoPPQ4MxKYnR5coC,Garmi Di Tu,"Sanam Memories, Vol. 1",Sanam,Sanam,"hindi pop,desi pop",2020,2020-03-27,43,0,Sanam Music LLP,Samui,0.613,0.68,9,-7.287,0,0.0391,0.768,0.0,0.234,0.481,97.013,4,194643
34vM2tvtNynEM1IfK1t1wn,Rasiya,Rang,Bickram Ghosh;Kala Ramnath,Bickram Ghosh,"ghazal,bangla pop",2020,2020-08-02,30,0,TRUE MUSIC,Folklore,0.732,0.55,2,-8.711,0,0.0397,0.809,0.091,0.0914,0.235,132.974,1,368026
3VkIejOeatDUJGq9faLncj,Bairan,Taurat,Shakir Khan;Aarya Ambekar,Shakir Khan,marathi pop,2020,2020-10-31,19,0,Shakir Khan,Folklore,0.591,0.452,1,-11.248,0,0.0383,0.867,0.0194,0.0831,0.18,140.077,4,301714
6CQhSRMH7HYenOa3OToRyh,Coming Home (feat. Akanksha Grover),In Other Words,Anhad + Tanner;Akanksha Grover,Anhad + Tanner,"indian indie,hindi indie,ghazal",2020,2020-08-14,18,0,Gravity Sounds,Folklore,0.547,0.513,2,-12.074,1,0.0299,0.591,0.528,0.0562,0.0748,127.953,4,294866
5Mv7UmRWMUyQrOULQk3f39,Likhe Jo Khat Tujhe,Sanam - Likhe Jo Khat Tujhe,Sanam,Sanam,"hindi pop,desi pop",2020,2020-05-04,54,0,Saregama India Ltd,Samui,0.834,0.335,0,-10.636,0,0.0376,0.556,7.47e-06,0.145,0.708,108.032,4,203785
0snQrp1VaY5Pj1YIHRJpRJ,Chaand Baaliyan,Chaand Baaliyan,Aditya A,Aditya A,"indian indie,hindi indie,hindi pop",2020,2020-03-28,70,0,Sony Music Entertainment India Pvt. Ltd.,Indie_Beats,0.729,0.396,0,-8.98,1,0.0359,0.796,0.0,0.104,0.886,97.281,4,103264
4HFuHsBO6GdxK3YuYPsLL9,Racing Into the Night - Yoru ni Kakeru,Racing Into the Night (Yoru ni Kakeru),Shayne Orok,Shayne Orok,anime,2020,2020-08-04,43,0,Shayne Orok,YaNiMe,0.642,0.85,9,-6.226,0,0.039,0.0043,0.0,0.227,0.844,130.023,4,258236
46nOdCXzOiSRDvfd8UHtPW,Tanna Na,Tanna Na,Nyasa,Nyasa,"indian indie,hindi indie,folk",2020,2020-09-22,12,0,Springboard Records,Folklore,0.453,0.67,2,-6.041,1,0.171,0.451,3.2e-05,0.169,0.843,187.574,3,202242
4oZINaDR2CFCkacgsv0G5f,Naina Morey - Redefined,Naina Morey (Redefined),Umashankar Kathak;Jayesh Kathak;Nakash Aziz,Umashankar Kathak,"bhajan,tollywood,bollywood,desi,hindi pop,telugu pop",2020,2020-10-23,25,0,Malangs,Folklore,0.255,0.537,0,-11.189,1,0.0835,0.428,0.000505,0.0608,0.499,75.634,4,202838
4tXTGip33YQcAPePAiAP5W,Teenpatey - Dekhera Timi Lai,Teenpatey,ArtMandu;Sujan Chapagain;Bidhya Tiwari,ArtMandu,,2020,2020-09-18,53,0,ArtMandu,Liked_Songs,0.576,0.258,5,-13.053,1,0.0378,0.875,0.000603,0.169,0.43,80.0,4,381179
41QZCU6T0iot2umBYIlJLn,Ekla Cholo Re,Ekla Cholo Re,Paroma Dasgupta,Paroma Dasgupta,bangla pop,2020,2020-03-02,0,0,Paroma Dasgupta,Folklore,0.579,0.233,10,-14.276,1,0.0321,0.927,0.00202,0.097,0.266,104.922,3,233760
3H1vNEDvVDLEqzLbubsrpL,Radhe (From Songs of Faith),Radhe (From Songs of Faith),Amit Trivedi;Shellee;Neeraj Arya;Arunima Bhattacharya,Amit Trivedi,"bollywood,hindi pop,gujarati garba,desi,bhajan",2020,2020-04-22,10,0,Amit Trivedi Azaad,Folklore,0.673,0.806,7,-7.653,1,0.0636,0.544,0.00265,0.529,0.767,129.996,4,218307
4ibRGHSHOS6D08Im4bLaYD,Maye Ni Meriye,Maye Ni Meriye,Britto Khangchian,Britto Khangchian,"qawwali,ghazal",2020,2020-12-17,1,0,Songdew,Folklore,0.36,0.336,4,-7.763,1,0.0291,0.808,6.38e-05,0.223,0.216,92.597,4,265728
7fv2QI45A4gGhXhGh9m36Y,Pyar Hua Chupke Se,Sanam - Pyar Hua Chupke Se,Sanam;Trishala Gurung,Sanam,"hindi pop,desi pop",2021,2021-09-16,41,0,Saregama India Ltd,Samui,0.484,0.336,6,-9.275,1,0.0262,0.793,3.5e-05,0.118,0.295,173.848,4,260644
0VTkLctx2gKsZLKZluQIX8,Bole Naina,Bole Naina - Silences Speak,Deepak Pandit;Pratibha Singh Baghel;Gulzar;Zakir Hussain,Deepak Pandit,"ghazal,qawwali,sufi,bollywood,desi,hindi pop",2021,2021-02-13,0,0,Sufiscore,Folklore,0.566,0.378,0,-14.167,1,0.0589,0.879,0.00807,0.293,0.511,122.072,3,318052
3MtAHtJnXMsfLyJ5Sq2c2u,Ballad Of Krishna (feat. Sandeep Chowta & thommyknoles),Abhay Nayampally,Abhay Nayampally;Sandeep Chowta;thommyknoles,Abhay Nayampally,"indian indie,telugu pop,tollywood",2021,2021-06-10,0,0,Namma Music,Folklore,0.373,0.0902,0,-19.213,1,0.0348,0.985,0.91,0.127,0.209,67.798,3,363000
3uB2mkp8ovjiuJA734dbGe,Chalo Chalein,Dev,Ritviz;Seedhe Maut,Ritviz,"indian indie,hindi indie,hindi pop,desi hip hop,hindi hip hop,hardcore hip hop",2021,2021-07-09,45,0,Ritviz,Indie_Beats,0.461,0.5,1,-9.828,1,0.0614,0.00245,0.03,0.116,0.572,76.176,4,184370
1E16f7KcZmuXuhlenRwA2m,Saibo - Lofi Flip,Saibo (Lofi Flip),VIBIE;Sachin-Jigar;Shreya Ghoshal;Tochi Raina;Bollywood Lofi,VIBIE,"lo-fi,gujarati pop,bollywood,hindi pop,desi,gujarati garba,kannada pop,marathi pop,sufi",2021,2021-06-18,61,0,Sony Music Entertainment India Pvt. Ltd.,Indie_Beats,0.323,0.349,7,-12.524,1,0.0761,0.965,0.00548,0.116,0.2,180.203,4,146666
3CLSHJv5aUROAN2vfOyCOh,Close Eyes,Close Eyes,DVRST,DVRST,"phonk,drift phonk",2021,2021-05-25,72,1,DVRST,Phonk,0.784,0.572,0,-9.853,1,0.0573,0.0748,0.843,0.139,0.209,96.181,4,132346
3yMrcqveZ2DrWBYJbDsous,COWBELL WARRIOR!,COWBELL WARRIOR!,SXMPRA,SXMPRA,"phonk,drift phonk,trap metal",2021,2021-12-08,67,1,SXMPRA LIMITED / 10K Projects,Phonk,0.747,0.801,2,-5.826,1,0.334,0.0287,2.97e-05,0.441,0.707,167.077,4,149461
4R8VBRb5nKbEfi1EIA2B7p,KTMBK,Genesis 1:1,Zaeden;Hanita Bhambri,Zaeden,"indian indie,hindi indie",2021,2021-07-02,54,0,A to Zae,Indie_Beats,0.898,0.435,6,-8.834,1,0.0489,0.555,0.0,0.139,0.836,115.034,4,154434
5gQJZ484gEcVHD2OCuquik,Khaare Raste,Khaare Raste,Raghav Kaushik;Yashika Sikka,Raghav Kaushik,"indian indie,hindi indie,gujarati pop,gujarati garba",2021,2021-04-07,47,0,Raghav Kaushik,Indie_Beats,0.436,0.273,11,-10.587,1,0.0312,0.923,0.0064,0.145,0.28,139.896,4,246857
7v8wKvNQQIxkugCFFjrkaO,残響散歌,残響散歌,Aimer,Aimer,"anime,j-pop,j-rock",2021,2021-12-06,70,0,Sony Music Labels Inc.,YaNiMe,0.367,0.896,11,-4.002,1,0.091,0.000627,0.0,0.207,0.38,170.863,4,184898
3Cvffch2HPvomPpMYXWjvO,Lag Ja Gale Se Phir,Lata Surili Phuljhadi,Lata Mangeshkar,Lata Mangeshkar,"ghazal,bollywood,hindi pop,bhajan,marathi pop",2021,2021-10-26,67,0,Saregama India Ltd,Old_Melodies,0.312,0.452,8,-11.872,1,0.0391,0.796,0.000874,0.286,0.391,132.485,3,257613
2e1gUS6Wv8GS8ZT6FMeE1J,ただ声一つ,ただ声一つ,Rokudenashi,Rokudenashi,"j-pop,anime",2021,2021-12-22,73,0,Rokudenashi,YaNiMe,0.707,0.5,1,-5.78,1,0.0296,0.895,4e-05,0.234,0.583,129.97,4,161561
3LR769KBhvZzdP4D2oDXEe,Watashi de Aritai,Watashi de Aritai,Momoka Kisaki,Momoka Kisaki,,2021,2021-10-02,40,0,Music Star,YaNiMe,0.643,0.46,10,-4.502,1,0.0347,0.227,0.0,0.0916,0.679,150.045,4,156400
4161xaeGpZ12moAzWyTjXR,三時のキス,三時のキス,Rokudenashi,Rokudenashi,"j-pop,anime",2021,2021-06-28,59,0,Rokudenashi,YaNiMe,0.452,0.52,5,-3.941,1,0.0353,0.00593,1.63e-06,0.183,0.45,183.782,4,280906
4MwVirVMyerMiHkFomOZay,嘘月,創作,Yorushika,Yorushika,"j-pop,j-rock,anime,japanese indie",2021,2021-01-26,63,0,Universal Music LLC,YaNiMe,0.707,0.292,2,-9.767,1,0.0309,0.724,0.00235,0.235,0.637,80.016,4,290466
7h5jBU18CqXNhDUKRr6y7h,Ae Re Sakhi,Ae Re Sakhi,Namita Choudhary,Namita Choudhary,"indian indie,sufi,hindi indie,ghazal",2021,2021-02-08,44,0,Pehchan Music,Folklore,0.591,0.301,2,-10.946,1,0.0477,0.911,0.0,0.0947,0.29,146.02,4,222123
733RnlYLskyvWMhhzs70sy,TOKYO DRIFT,TOKYO DRIFT,PRXSXNT FXTURE,PRXSXNT FXTURE,"phonk,drift phonk",2021,2021-09-24,54,1,PRXSXNT FXTURE,Phonk,0.718,0.87,2,-6.227,1,0.0447,0.000178,0.234,0.0869,0.129,118.937,4,124033
2ksyzVfU0WJoBpu8otr4pz,METAMORPHOSIS,METAMORPHOSIS,INTERWORLD,INTERWORLD,"phonk,drift phonk,brazilian phonk",2021,2021-11-25,78,1,INTERWORLD,Phonk,0.593,0.641,7,-12.727,0,0.0992,0.426,0.901,0.122,0.147,175.014,4,142839
5uEYRdEIh9Bo4fpjDd4Na9,Goosebumps - Remix,Goosebumps (Remix),Travis Scott;HVME,Travis Scott,"rap,slap house",2021,2021-01-15,76,1,Cactus Jack/Epic,Phonk,0.841,0.593,1,-7.846,1,0.0379,0.418,0.0,0.124,0.808,124.917,4,162802
34lfu3S4fIcKZRNXzbdbo7,Live Another Day,Phonkageddon,Kordhell,Kordhell,"phonk,drift phonk",2021,2021-08-27,67,1,Kordhell,Phonk,0.822,0.981,9,-1.321,1,0.109,0.000593,0.748,0.0938,0.404,115.005,4,133565
1yX6sh2TkrT5hsXodo7aS6,Astronaut In The Ocean - Alok Remix,Astronaut In The Ocean (Alok Remix),Masked Wolf;Alok,Masked Wolf,"brazilian bass,electronic,slap house,electro house",2021,2021-04-30,68,1,Elektra (NEK),Phonk,0.53,0.82,4,-4.936,0,0.0438,0.154,2.71e-06,0.14,0.355,171.933,4,128372
5OCcBkbhIsDgKiSZwwhMl6,Royalty - Wiguez & Alltair Remix,Royalty (Wiguez & Alltair Remix),Egzod;Maestro Chives;Wiguez;Alltair,Egzod,"drum and bass,future bass,melodic bass",2021,2021-07-29,56,0,NCS,Phonk,0.286,0.898,5,-3.191,0,0.0769,0.0994,0.00218,0.0324,0.318,172.078,4,212859
1XmoGNf6OVs6N251UejkbN,KTMBK,KTMBK,Zaeden;Hanita Bhambri,Zaeden,"indian indie,hindi indie",2021,2021-03-12,46,0,A to Zae,Indie_Beats,0.898,0.435,6,-8.834,1,0.0489,0.555,0.0,0.139,0.836,115.034,4,154434
5YVHAfMNjVPbRg6ZPsOcQw,Tumhare Aane Se,Tumhare Aane Se,Ashu Shukla,Ashu Shukla,"hindi indie,indian indie",2021,2021-07-03,46,0,2021 Ashu Shukla,Indie_Beats,0.472,0.295,3,-10.368,1,0.0321,0.355,2.6e-05,0.0911,0.853,107.983,4,208888
1uK4zAdMcBRyinAOArUA5X,odoriko,odoriko,Vaundy,Vaundy,"j-pop,japanese indie,anime,j-rock",2021,2021-11-17,52,0,SDR Inc.,YaNiMe,0.718,0.476,7,-11.469,1,0.0623,0.853,0.786,0.105,0.684,157.034,4,230109
3fwyItGexa88kR8j76dIqv,Aziyat 2.0 - Reprise Version,Aziyat 2.0 (Reprise Version),Pratsofficial,Pratsofficial,"indian indie,hindi indie",2021,2021-01-16,7,0,Prats,Indie_Beats,0.445,0.28,10,-12.668,1,0.0275,0.819,1.29e-05,0.111,0.299,104.743,4,194285
0s76ExpXyMGVBlKLUr683e,Faasle,Faasle,Aditya Rikhari,Aditya Rikhari,"hindi indie,indian indie,desi pop,hindi pop",2021,2021-07-31,69,0,CollabX Productions,Indie_Beats,0.645,0.324,1,-13.621,0,0.0545,0.754,0.000727,0.103,0.493,162.037,3,221988
617AQXp7dNlAQnJPPQNyUV,Justaju: The Essence of Love,Justaju: The Essence of Love,Raahein Gharana,Raahein Gharana,,2021,2021-11-05,0,0,Raahein,Folklore,0.698,0.52,6,-10.566,1,0.0459,0.641,0.888,0.147,0.386,105.011,4,302704
520NVZmA0cXVRrUUg0hOsc,Katputli Ke Dhaage,Katputli Ke Dhaage,Himonshu Parikh;Anumita Nadesan,Himonshu Parikh,"indian indie,hindi indie",2021,2021-12-10,54,0,Warner Music India,Indie_Beats,0.528,0.457,2,-9.944,1,0.037,0.838,0.0354,0.158,0.248,85.042,4,173764
6pvpFQ2jaI6oXAswo3GSUW,Dariya,Dariya,Vismay Patel,Vismay Patel,"hindi indie,indian indie",2021,2021-09-04,0,0,Vismay Patel,Indie_Beats,0.62,0.222,4,-15.676,1,0.0353,0.905,0.000809,0.134,0.339,89.94,4,216107
0YLSjVxSb5FT1Bo8Tnxr8j,Baaraat,Baaraat,Ritviz;Nucleya,Ritviz,"indian indie,hindi indie,hindi pop,hindi hip hop,desi hip hop",2021,2021-09-25,53,0,Ritviz & Nucleya,Indie_Beats,0.678,0.449,4,-9.379,0,0.0869,0.477,0.0,0.536,0.606,100.033,4,222096
1ZGLauVoD74BU8y8O5btcO,Zakir,Hindi Gaane,NAALAYAK,NAALAYAK,"indian indie,hindi indie",2021,2021-10-29,54,0,Sahil Samuel,Indie_Beats,0.613,0.508,7,-8.489,1,0.0343,0.275,8.28e-06,0.0809,0.327,144.106,4,221666
5uSh9y1mJ3oIZJv0VitrOX,Mohan Bin Radha,Mohan Bin Radha,Priyani Vani Panditt,Priyani Vani Panditt,,2021,2021-04-11,23,0,Songdew,Folklore,0.537,0.619,0,-7.68,1,0.0445,0.705,0.000399,0.129,0.187,95.042,4,199658
1TkyDEdjiUuYhoMkxdZCiO,Tere Hi Hum,Tere Hi Hum,Prateek Kuhad,Prateek Kuhad,"indian indie,hindi indie",2021,2021-06-11,53,0,Elektra (NEK),Indie_Beats,0.738,0.305,0,-9.667,1,0.0286,0.851,1.74e-05,0.15,0.489,116.07,1,177026
5tyReDTH3MpN7J5pk2LuGx,Thandi Hawa,Dev,Ritviz,Ritviz,"indian indie,hindi indie,hindi pop",2021,2021-07-09,45,0,Ritviz,Indie_Beats,0.619,0.558,1,-12.15,0,0.177,0.0558,0.00935,0.16,0.514,195.004,4,203076
6E6BCsQHXDAdXsrL7zV71N,Roz Roz,Roz Roz,The Yellow Diary;Shilpa Rao,The Yellow Diary,"indian indie,hindi indie,bollywood,hindi pop,desi",2021,2021-02-04,54,0,Sony Music Entertainment India Pvt. Ltd.,Indie_Beats,0.653,0.446,0,-7.867,1,0.0351,0.546,4.52e-05,0.109,0.472,100.018,4,218550
1HGtTmgl1sEycuS9lJviWQ,dooriyan,Genesis 1:1,Zaeden,Zaeden,"indian indie,hindi indie",2021,2021-07-02,47,0,A to Zae,Liked_Songs,0.735,0.593,11,-7.473,1,0.0885,0.731,0.178,0.135,0.475,160.07,4,161624
4WZE6JnKn3jacgnaJOTF9T,Chanakya,Chanakya,Rishab Rikhiram Sharma,Rishab Rikhiram Sharma,"bhajan,devotional",2021,2021-08-15,62,0,Des Records,Folklore,0.651,0.64,2,-11.007,0,0.0339,0.658,0.114,0.11,0.322,139.987,4,163071
6GFtWQYco30oKpMr5xJwy2,"Soul of Doctor (Theme) [From ""Doctor""]","Soul of Doctor (Theme) [From ""Doctor""]",Anirudh Ravichander;Niranjana Ramanan,Anirudh Ravichander,"tamil pop,kollywood,tamil dance,tamil hip hop,tollywood,telugu pop,devotional",2021,2021-09-28,54,0,Sony Music Entertainment India Pvt. Ltd.,Liked_Songs,0.473,0.837,9,-7.101,1,0.0336,0.0968,0.912,0.297,0.212,97.261,4,63711
7pAmLruxseJalaRm1DqRkX,Mon Chaai,Mon Chaai,Zubaan Music;Soham Pal;Kavish Seth,Zubaan Music,"marathi pop,hindi indie,indian indie",2021,2021-12-16,5,0,Songdew,Folklore,0.664,0.339,2,-15.483,1,0.0613,0.751,7.82e-06,0.0713,0.633,150.006,4,307500
2pvslHf4vcFm5PVW6wtMwo,The Awakening,The Awakening,Ricky Kej;Charanraj MR,Ricky Kej,"kannada pop,sandalwood",2021,2021-01-18,23,0,Raveolution Studios,Folklore,0.487,0.773,5,-8.194,1,0.0441,0.0516,0.062,0.233,0.565,169.981,4,141459
49EbGl3cUQ8su57NDArCMo,Maya,Maya,Ashutosh KC,Ashutosh KC,,2021,2021-05-28,54,0,Ashutosh KC,Liked_Songs,0.187,0.465,5,-7.269,1,0.0298,0.397,0.00934,0.0897,0.396,76.911,4,282531
3kr9aCF7kvZLVCkdufvWxb,Kaun Bataye?,Kaun Bataye?,Dastaan LIVE,Dastaan LIVE,indian indie,2021,2021-07-31,0,0,Dastaan Live,Folklore,0.551,0.715,2,-11.495,1,0.0644,0.00163,0.0,0.0872,0.449,109.997,4,241000
2NgXNCccXyW9xIVfKVonl4,Jiya Kaanch Ka,Jiya Kaanch Ka,Aman Moroney;Prateeksha Srivastava,Aman Moroney,"indian indie,hindi indie,bhajan,devotional",2021,2021-08-02,23,0,Springboard Records,Folklore,0.836,0.718,8,-4.499,0,0.0428,0.123,0.0,0.2,0.889,111.037,4,160270
3wtUeVGw8hOlJCVRxtjtZY,Jiyara,Jiyara,Gautam Kale,Gautam Kale,"indian indie,hindi indie",2021,2021-06-05,21,0,Orange Sky Entmt,Folklore,0.382,0.594,1,-8.402,1,0.0528,0.549,1.81e-06,0.107,0.521,160.251,4,156750
2eiHjTrEeorwXODRA24Nq2,Deejal Gaadi,Deejal Gaadi,KS Abhishek;Naani;Sukanya Chattopadhyay,KS Abhishek,"indian indie,hindi indie,bangla pop",2021,2021-05-07,0,0,"KS Abhishek, under exclusive licence to CollabStories.",Folklore,0.845,0.311,11,-11.685,1,0.27,0.646,8.6e-06,0.662,0.847,92.012,4,130434
52rLNET3fwRHTkcl5g2clr,Peele Amiras - Sabr,Peele Amiras (Sabr),Kabir Cafe;Shekhar Ravjiani,Kabir Cafe,"bhajan,sufi,indian indie,hindi indie,devotional,bollywood,hindi pop,desi",2021,2021-11-10,24,0,Songdew,Folklore,0.742,0.693,7,-6.851,1,0.121,0.535,0.0,0.106,0.422,85.96,4,315869
0Yu3YJCrxA8htVYv4r9e19,Banna Re,Banna Re,Project 91;Bramha;Mitika Kanwar,Project 91,"indian indie,hindi indie",2021,2021-01-22,0,0,Project 91,Folklore,0.71,0.582,2,-7.994,1,0.0543,0.0238,0.00035,0.0766,0.443,99.998,4,213600
0dCLAMcc21PbiTHyPSJEK2,Future Mehfil,Future Mehfil,BlueNucleus;Jasu Khan,BlueNucleus,,2021,2021-09-21,0,0,Sony Music Entertainment India Pvt. Ltd.,Folklore,0.49,0.591,1,-11.731,1,0.0359,0.0021,0.255,0.148,0.23,145.035,4,214500
6dMX9Ky6PCqtNZ6uSarXqU,Kasiyoli,Kasiyoli,Anurag Saikia;Vivek Hariharan;Jutimala,Anurag Saikia,"bollywood,hindi indie,ghazal",2021,2021-11-08,12,0,Merchant Records,Folklore,0.483,0.69,4,-7.081,0,0.0494,0.227,0.00143,0.0956,0.322,130.006,5,226708
1tvizrWcsYHL1vkua3Uxec,Majhi,Majhi,Amarabha Banerjee,Amarabha Banerjee,"sufi,hindi pop",2021,2021-11-10,3,0,Independent,Folklore,0.54,0.526,2,-7.574,1,0.0342,0.781,1.7e-05,0.134,0.327,139.977,3,315887
5Tdp1xw2qDoG14cF0DLEL0,Runak Jhunak,Runak Jhunak,Kanika,Kanika,"hindi indie,indian indie",2021,2021-10-22,31,0,Warner Music India,Folklore,0.465,0.497,0,-6.724,1,0.0486,0.378,0.0,0.122,0.365,130.532,5,190539
1yBbcWXOsl2tCcNg2prkEh,Mehndi Te Vavi,Mehndi Te Vavi,Lost Stories;Jonita Gandhi,Lost Stories,"indian indie,hindi indie,bollywood,tamil pop,kollywood,hindi pop,desi",2021,2021-09-03,32,0,Velvet Vibes Music,Folklore,0.57,0.384,0,-10.093,1,0.0335,0.485,0.000164,0.116,0.328,158.854,3,149433
7sCtnlyuxm07ISQg5ErK0Z,Ki Jaana,Ki Jaana,Kanishk Seth;Kavita Seth,Kanishk Seth,"indian indie,hindi indie,bollywood,hindi pop,ghazal,desi,sufi",2021,2021-07-02,15,0,Kanishk Seth,Folklore,0.598,0.649,2,-9.036,1,0.0284,0.421,0.00169,0.13,0.393,130.009,4,277546
4sVsPVWeoALxXeJ8rof2bN,Pagdandi,Pagdandi,Nyasa;Gaurav Chati,Nyasa,"indian indie,hindi indie,folk,marathi pop,bhajan,devotional",2021,2021-10-25,9,0,Springboard Records,Folklore,0.78,0.697,9,-5.831,1,0.0542,0.756,7.12e-06,0.102,0.59,112.023,4,190714
1upV3GcdtYBdoDwOzUjo60,Ranjhana,Ranjhana,Akanksha Bhandari;Sez on the Beat,Akanksha Bhandari,"indian indie,hindi indie,bhajan,devotional,desi hip hop,hindi hip hop",2021,2021-07-02,0,0,Velvet Vibes Music,Folklore,0.615,0.379,11,-9.975,1,0.0408,0.176,0.00039,0.083,0.143,80.046,4,157609
1xMfoLDuxnwPBGR0uVrRpc,Chhaap Tilak,Chhaap Tilak,Shreyas Puranik;Rahul Vaidya;Palak Muchhal;Saaveri Verma,Shreyas Puranik,"sufi,hindi pop,bollywood,marathi pop,gujarati garba,bhajan,devotional",2021,2021-05-20,32,0,Shreyas Puranik,Folklore,0.377,0.65,6,-10.622,1,0.0829,0.079,0.0,0.143,0.301,92.997,4,331089
0HnbfIzOu6eLF8Kb1mT9Wl,Laaree Chootee,Laaree Chootee,WORMONO;Tejas R.H,WORMONO,lo-fi,2021,2021-02-19,52,0,WORMONO,Indie_Beats,0.303,0.349,11,-15.52,1,0.208,0.758,0.000169,0.363,0.337,180.246,4,130718
3s9rEFXPoyU2yHCppvRE8y,Chand Si Mehbooba Ho Meri,Mukesh Ki Barfi,Mukesh,Mukesh,"ghazal,tamil dance",2021,2021-10-26,47,0,Saregama India Ltd,Old_Melodies,0.496,0.334,5,-13.576,1,0.0473,0.723,0.0,0.306,0.686,88.139,3,237426
0fzVqKKvn5P6MU3kNYsqgM,Haalyo Jaa (Secret Sessions X Collab Stories),Haalyo Jaa (Secret Sessions X Collab Stories),Kushal Chokshi;Jaysinh Gadhvi;Kavi Shree Ghanshyam Gadhvi;Bhargav Purohit;Raju Bhaai;Sagar Patel,Kushal Chokshi,"gujarati garba,gujarati pop,hindi indie,indian indie,bhajan",2021,2021-02-01,0,0,CollabStories,Folklore,0.742,0.934,7,-6.668,1,0.198,0.172,0.00521,0.363,0.438,129.886,4,175929
1GEEOSTBIu59wbPWWwi0yN,Mere Samnewali Khidki Mein,Sanam - Mere Samnewali Khidki Mein,Sanam;R. D. Burman,Sanam,"hindi pop,desi pop,ghazal,bollywood",2021,2021-01-06,48,0,Saregama India Ltd,Samui,0.853,0.573,7,-5.908,1,0.0341,0.347,0.0,0.102,0.852,139.978,4,180428
3MQCWVCuzdoP9M6aeXtRT6,Paani,Paani,Rohan Kamath,Rohan Kamath,"hindi indie,indian indie",2021,2021-02-28,25,0,Rohan Kamath,Indie_Beats,0.6,0.408,3,-9.873,1,0.0248,0.838,0.0,0.107,0.265,84.984,4,193764
2ygS9eInDfG5prFbeeiEYC,Sha- Dobara,Sha- Dobara,Shashwat Sachdev;Shreya Jain,Shashwat Sachdev,"bollywood,hindi pop,desi pop,indian indie,hindi indie",2021,2021-06-10,35,0,Malsons,Indie_Beats,0.739,0.378,10,-10.378,0,0.0392,0.737,0.00488,0.184,0.475,85.021,4,192540
6J5ymVSQlrmZ2Y48GYLaoK,Kaari,Kaari,Adarsh Rao,Adarsh Rao,"indian indie,hindi indie",2021,2021-01-20,38,0,Keys and Blacks Music,Indie_Beats,0.725,0.462,3,-11.786,1,0.0413,0.231,0.019,0.0775,0.704,107.986,4,157777
44e6LWMz011gq6QU45nw2P,Yeh Shaam,Yeh Shaam,Shubham Kabra,Shubham Kabra,"hindi indie,indian indie",2021,2021-03-25,0,0,Shubham Kabra,Indie_Beats,0.304,0.41,7,-12.633,1,0.0357,0.632,0.0,0.148,0.324,88.123,4,234772
1nxz6kRPxz7cpz3O44at3o,Raat Kali Ek Khwab Mein Aai,Sanam - Raat Kali Ek Khwab Mein Aai,Sanam,Sanam,"hindi pop,desi pop",2021,2021-07-14,39,0,Saregama India Ltd,Samui,0.417,0.46,0,-8.978,1,0.0406,0.525,0.0,0.439,0.597,99.202,4,191572
3iQoSkglNwPGfsY9SR5Qan,Ek Pyar Ka Naghma Hai - Lofi,Sleep Lofi Hits,Sachin Gupta;Sanam,Sachin Gupta,"bollywood,hindi pop,desi pop",2022,2022-09-15,43,0,Saregama India Ltd,Samui,0.596,0.264,5,-10.259,1,0.0262,0.683,0.414,0.127,0.322,84.993,4,287007
4zDiOF1rOEjx9rG7yboF0v,Mere Mehboob Qayamat Hogi - Lofi,Sleep Lofi Hits,Sachin Gupta;Sanam,Sachin Gupta,"bollywood,hindi pop,desi pop",2022,2022-09-15,41,0,Saregama India Ltd,Samui,0.611,0.487,11,-8.794,0,0.0269,0.592,1.43e-06,0.0969,0.39,105.938,4,194911
16e0MViSuZfCOYssAAgJIU,Likhe Jo Khat Tujhe - Lofi,Sleep Lofi Hits,Sachin Gupta;Sanam,Sachin Gupta,"bollywood,hindi pop,desi pop",2022,2022-09-15,46,0,Saregama India Ltd,Samui,0.765,0.469,5,-6.449,0,0.0274,0.362,0.0,0.122,0.375,99.981,4,155206
2eLXIZBgZxCK0cNbP4HYzM,Tujhse Naraz Nahin Zindagi - Lofi,Sleep Lofi Hits,Sachin Gupta;Sanam,Sachin Gupta,"bollywood,hindi pop,desi pop",2022,2022-09-15,44,0,Saregama India Ltd,Samui,0.693,0.34,8,-11.994,1,0.0259,0.783,0.0777,0.133,0.356,102.0,4,213008
4kvbqzcnqRbk6gu9wyOMpn,Yeh Raaten Yeh Mausam - Lofi,Sleep Lofi Hits,Sachin Gupta;Sanam,Sachin Gupta,"bollywood,hindi pop,desi pop",2022,2022-09-15,48,0,Saregama India Ltd,Samui,0.67,0.456,5,-8.678,0,0.0399,0.609,8.47e-06,0.163,0.668,151.161,3,188004
19AA9Gq1wLBTomp3RXVIdJ,Lag Ja Gale Se Phir - Lofi,Sleep Lofi Hits,Sachin Gupta;Sanam,Sachin Gupta,"bollywood,hindi pop,desi pop",2022,2022-09-15,46,0,Saregama India Ltd,Samui,0.316,0.271,8,-13.811,1,0.0344,0.769,6.18e-05,0.0944,0.29,106.405,5,193009
3hzW18wly561AECe67CDG7,Parwaah,Parwaah,Vishal R.Tandon,Vishal R.Tandon,"hindi indie,indian indie",2022,2022-07-23,6,0,2612417 Records DK,Indie_Beats,0.713,0.36,8,-9.416,1,0.033,0.705,0.0,0.226,0.399,119.996,4,220401
7dNQpEI1bOetj5XZqpKU5M,Le Chal,Le Chal,Himonshu Parikh,Himonshu Parikh,"indian indie,hindi indie",2022,2022-07-07,45,0,Warner Music India,Indie_Beats,0.683,0.459,0,-12.571,1,0.0257,0.756,0.0854,0.0823,0.193,113.999,4,196602
4trQhzRfEN0z5htXvjc5zA,Tu Chodiyon Na,Tu Chodiyon Na,Ronit Vinta,Ronit Vinta,"indian indie,hindi indie",2022,2022-09-01,52,0,Sony Music / Big Bang Records Pvt. Ltd.,Indie_Beats,0.335,0.352,4,-13.189,1,0.0413,0.642,0.00837,0.133,0.186,110.822,4,212922
4roFMBSQp7W4fYVxKMmhA5,Junoon,Junoon,Mitraz,Mitraz,"indian indie,hindi indie,desi pop,desi,hindi pop",2022,2022-01-30,60,0,Loop Beats Records Pvt. Ltd.,Indie_Beats,0.607,0.593,4,-7.982,0,0.0378,0.2,0.0,0.0833,0.211,107.988,4,191111
2l3dFxtoSMgMQVyRIUHjpz,Akhiyaan,Akhiyaan,Mitraz,Mitraz,"indian indie,hindi indie,desi pop,desi,hindi pop",2022,2022-09-04,65,0,Mitraz Records,Indie_Beats,0.724,0.618,2,-9.007,1,0.0534,0.0533,0.704,0.0886,0.0683,100.021,4,191868
6NWgIuDeOr1Xeb4MZ1Bl6L,Saajanwa,Saajanwa,Aanchal Tyagi,Aanchal Tyagi,"indian indie,hindi indie,hindi hip hop",2022,2022-11-23,42,0,Universal Music India Pvt Ltd.,Indie_Beats,0.775,0.527,2,-6.342,0,0.0356,0.44,3.54e-06,0.114,0.615,104.964,4,162285
6rwdhQQCa85NfHxrx9fjjk,Lavender,Lavender,Azooz;SangeetKir;PINNOCIO,Azooz,"desi hip hop,hindi hip hop,hindi indie,indian indie,haryanvi pop",2022,2022-06-05,40,0,SangeetKir,Indie_Beats,0.677,0.588,10,-11.611,0,0.0693,0.264,0.0,0.135,0.425,139.934,4,180000
0PGU5mcLncBYE8yuVpSwqA,Bye,Bye,Aditya Bhardwaj,Aditya Bhardwaj,"indian indie,hindi indie,desi pop",2022,2022-12-02,68,0,Warner Music India,Indie_Beats,0.571,0.814,6,-7.515,1,0.121,0.0433,8.73e-05,0.0762,0.461,168.064,4,174285
7fY8qVujvm5lZBrt5Y1sIJ,Khayaal,Khayaal,Arijit Anand;Ankita Barwad,Arijit Anand,"indian indie,hindi indie",2022,2022-02-11,44,0,2022 Arijit Anand,Indie_Beats,0.702,0.326,1,-11.575,1,0.0313,0.731,0.000287,0.146,0.556,110.022,4,149749
5XseQZ9TGr06Rv1Ye6wCu0,Dhundhala,Dhundhala,Yashraj;Dropped Out;Talwiinder,Yashraj,"desi hip hop,hindi hip hop,indian indie,hindi indie,punjabi hip hop,punjabi pop,desi",2022,2022-02-18,71,0,Universal Music India Pvt. Ltd. (on behalf of Yashraj),Indie_Beats,0.641,0.449,5,-9.568,0,0.162,0.133,6.39e-05,0.139,0.491,99.899,4,182400
1ZiReD9pPTttQWwSoYqdyH,Aankhon Se Batana,Aankhon Se Batana,Dikshant,Dikshant,"indian indie,hindi indie",2022,2022-04-12,72,0,Sony Music Entertainment India Pvt. Ltd.,Indie_Beats,0.544,0.307,10,-11.361,1,0.0334,0.791,0.0,0.11,0.335,177.808,4,221271
2AB7fsbG0eZJjDGile69CQ,Mera Safar,Mera Safar,Iqlipse Nova,Iqlipse Nova,"indian indie,hindi indie",2022,2022-09-01,60,0,Sony Music Entertainment India Pvt. Ltd.,Indie_Beats,0.775,0.536,1,-9.011,1,0.0741,0.25,0.0,0.0708,0.423,91.001,4,190549
3s5Rz3KFms39ZrFDw2jt4r,Mehmaan,Mismatched: Season 2 (Soundtrack from the Netflix Series),Sickflip;Mismatched - Cast;Raitila Rajasthan,Sickflip,"indian indie,tamil hip hop,hindi indie,desi hip hop,hindi hip hop,tamil indie,ghazal,hindi pop",2022,2022-09-30,49,0,Netflix Music,Folklore,0.367,0.518,11,-9.946,1,0.464,0.814,0.071,0.16,0.53,98.24,4,170400
4k7feahPXeSdkUf5aZXBCp,Aisi Mhari Preet (Eternal Love) - Sabr,Aisi Mhari Preet (Eternal Love) [Sabr],Kabir Cafe;Parthiv Gohil,Kabir Cafe,"bhajan,sufi,indian indie,hindi indie,devotional,gujarati garba,gujarati pop",2022,2022-01-14,28,0,Songdew,Folklore,0.757,0.468,7,-7.359,1,0.0275,0.802,3.18e-06,0.117,0.349,109.998,1,332181
0ywHt5qfKPIF0cAf6FZm21,Kalla Killah,Kalla Killah,Siddhant;Faichan,Siddhant,"punjabi pop,hindi indie,desi hip hop,indian indie,hindi hip hop",2022,2022-06-17,13,0,Saregama India Ltd,Folklore,0.632,0.548,5,-6.476,0,0.324,0.377,0.0,0.11,0.39,68.632,4,165517
3SgtqdoD4Ij4OzGc0hFhLK,Ram Darshan,Ram Setu,Narci,Narci,"bhajan,devotional",2022,2022-09-19,1,0,1516631 Records DK,Folklore,0.459,0.739,3,-8.343,0,0.15,0.827,2.67e-05,0.0833,0.794,81.773,4,309019
2Wjb9YBjkNFKVP6KH8olUY,Saadho,Saadho,Aabhas - Shreyas,Aabhas - Shreyas,"bhajan,sufi,hindi indie,indian indie",2022,2022-08-21,18,0,Aabhas - Shreyas,Folklore,0.447,0.297,7,-8.311,1,0.0523,0.948,0.0,0.112,0.711,80.372,4,309352
7LCjS2wQhtTi3S5kaCn60I,Mohi Tohi Laagi,Mohi Tohi Laagi,Samarth Janve,Samarth Janve,,2022,2022-01-01,2,0,Martand Studio,Folklore,0.667,0.319,8,-10.698,0,0.0354,0.6,0.0,0.116,0.254,114.964,1,200869
4pvlIt0wHcfpFGLA1JS3Ca,Dua,Dua,Vishnu Sunil;Kasthoori Rawat,Vishnu Sunil,"ghazal,indian indie",2022,2022-05-20,8,1,Vishnu Sunil,Folklore,0.572,0.38,0,-9.954,1,0.0307,0.524,2.74e-06,0.079,0.565,137.004,3,199000
3pFiolkiuB5DOwegrBbeMO,Mitwaa Jee Le Zaraa,Mitwaa Jee Le Zaraa,Anish Kanchan,Anish Kanchan,"indian indie,hindi indie",2022,2022-03-15,0,0,Anish Kanchan,Folklore,0.71,0.894,4,-5.363,1,0.0447,0.131,0.00235,0.0973,0.737,99.984,4,196798
5VPmgcbmfHZc8ZvdqTEC86,Dhol,Dhol,Amit Trivedi;Asees Kaur;Aamir Mir,Amit Trivedi,"bollywood,hindi pop,gujarati garba,desi,gujarati pop,ghazal",2022,2022-09-15,0,0,Amit Trivedi Azaad,Folklore,0.637,0.62,6,-6.957,1,0.236,0.461,0.0105,0.0968,0.824,189.055,3,208650
4ARRU7JHxKzE89rPPXcsmh,Natkhat Nadiya,Songs Of The River - Ganga,Shantanu Moitra;Taba Chake;Maati Baani,Shantanu Moitra,"bollywood,bhajan,indian indie,hindi indie",2022,2022-08-22,19,0,Shantanu Moitra,Folklore,0.544,0.624,2,-7.631,1,0.0409,0.431,1.54e-05,0.105,0.43,159.902,4,339000
2cKuAtVSGPmF46462RuQOW,Rasarkeli Bo,Rasarkeli Bo,Sona Mohapatra;Ram Sampath,Sona Mohapatra,"bollywood,desi,hindi pop",2022,2022-12-09,29,0,Warner Music India,Folklore,0.548,0.809,10,-4.315,0,0.038,0.529,0.0,0.0863,0.538,101.334,3,205800
4IMOTtavuplugtakpEyTVU,"Jaag Uthi Usha - From ""Songs Of The River - Ganga""","Jaag Uthi Usha (From ""Songs Of The River - Ganga"")",Shantanu Moitra;Bombay Jayashri,Shantanu Moitra,"bollywood,bhajan,tamil pop,kollywood",2022,2022-08-22,20,0,Shantanu Moitra,Folklore,0.261,0.231,9,-12.298,1,0.0286,0.937,0.00016,0.188,0.372,92.264,3,268615
2zTNlHeGIOgRqyYCsVopHc,Madano,Madano,Aabha Hanjura,Aabha Hanjura,indian indie,2022,2022-08-04,0,0,Aabha Hanjura,Folklore,0.423,0.451,10,-9.525,1,0.0352,0.792,0.000355,0.109,0.143,73.57,4,268969
2u0ICFRfSD74m0Bl1beHA7,Nakkashi,Nakkashi,Jatra Collective,Jatra Collective,"hindi indie,indian indie",2022,2022-06-24,0,0,View Music,Indie_Beats,0.298,0.337,2,-13.253,1,0.0373,0.718,0.000744,0.22,0.185,81.626,4,220235
24tI4KfHROiG1cZNPerXWo,Samjhe Na,Samjhe Na,Amit Trivedi;Shellee;Mame Khan;Ruchika Chauhan,Amit Trivedi,"bollywood,hindi pop,gujarati garba,desi,sufi,indian indie",2022,2022-08-10,5,0,Amit Trivedi Azaad,Folklore,0.935,0.483,8,-8.266,0,0.176,0.401,0.00106,0.0949,0.692,100.028,4,197277
7a2juqZ6j3kJCFWNSjeJRT,Jag Baurana,Jag Baurana,Aabhas - Shreyas;Indie Routes,Aabhas - Shreyas,"bhajan,sufi,hindi indie,indian indie",2022,2022-12-20,24,0,Aabhas - Shreyas,Folklore,0.57,0.455,4,-7.531,1,0.0458,0.636,6.7e-06,0.109,0.708,117.744,3,352048
1PYV3TA7E1elt9AFcQmOIZ,Dhun,Dhun,Navjot Ahuja,Navjot Ahuja,"hindi indie,indian indie",2022,2022-11-05,57,0,Navjot Ahuja,Indie_Beats,0.659,0.314,4,-8.398,1,0.026,0.406,6.96e-05,0.0968,0.267,95.028,4,241054
15Hh48XELbgkS3HQUC2hUq,Zehen,Zehen,Mitraz,Mitraz,"indian indie,hindi indie,desi pop,desi,hindi pop",2022,2022-11-18,54,0,Mitraz Records,Indie_Beats,0.565,0.635,10,-6.534,1,0.0491,0.305,3.71e-06,0.0996,0.404,193.991,4,154091
4lo28ybIGL9rtHtyEAggdX,Lage Nahi Man,Lage Nahi Man,Vismay Patel,Vismay Patel,"hindi indie,indian indie",2022,2022-05-10,26,0,Caartel Music,Indie_Beats,0.621,0.318,6,-16.181,1,0.0267,0.849,0.00105,0.117,0.507,124.937,3,191770
3AyClQiz8NqjBIl296BJEM,Kabhi Kabhi,Kabhi Kabhi,Anumita Nadesan,Anumita Nadesan,"indian indie,hindi indie",2022,2022-08-10,0,0,Anumita Nadesan,Indie_Beats,0.355,0.5,3,-9.249,1,0.0405,0.339,0.00095,0.0914,0.444,180.239,3,208000
1bqUw1KWD8e9SiZx9vXTNh,Heer Ranjha (Reprise),Heer Ranjha (Reprise),Rito Riba;Lisa Mishra;Rajat Nagpal,Rito Riba,"indian indie,hindi indie,desi pop,bollywood,desi hip hop,punjabi pop,hindi pop",2022,2022-12-22,48,0,PlayDMF,Indie_Beats,0.573,0.381,11,-9.053,1,0.0349,0.887,0.0,0.221,0.379,139.705,4,235000
5J9L7IbadCt0ivs9xmNrr0,Ranjheya Ve,Ranjheya Ve,Zain Zohaib,Zain Zohaib,"qawwali,sufi,ghazal",2022,2022-10-13,77,0,Zain Zohaib,Indie_Beats,0.51,0.479,3,-9.007,1,0.0868,0.249,0.0,0.0936,0.4,186.299,4,278474
01kfSdF9zfcDLri5sSWEoL,RAVE,RAVE,Dxrk ダーク,Dxrk ダーク,"phonk,drift phonk",2022,2022-03-18,71,0,Dxrk,Phonk,0.716,0.748,8,-6.06,1,0.0356,0.235,0.849,0.114,0.338,119.918,4,169245
2PWTZV5znjLtZC5T1EVJvL,this is what falling in love feels like,this is what ____ feels like (Vol. 1-4),JVKE,JVKE,,2022,2022-09-23,80,0,JVKE,Soothing,0.422,0.44,11,-5.53,1,0.0544,0.617,0.0,0.0837,0.332,128.934,5,120308
5Sk39LuvdwuvL84jD01Dum,vendetta!,vendetta!,MUPP;Sadfriendd,MUPP,"phonk,drift phonk",2022,2022-05-20,66,1,Sadfriendd x MUPP,Phonk,0.706,0.91,1,-3.527,1,0.146,0.175,2e-06,0.11,0.667,126.007,4,107044
0G17UriYHMjXnZE2OJJSMR,SUNRISE (Slowed + Reverb),SUNRISE (Slowed + Reverb),Xantesha,Xantesha,"phonk,drift phonk,brazilian phonk",2022,2022-06-10,60,0,Xantesha,Phonk,0.74,0.934,10,-8.178,1,0.0384,0.063,0.831,0.198,0.261,119.693,4,138857
1418IuVKQPTYqt7QNJ9RXN,Maan Meri Jaan,Champagne Talk,King,King,"desi hip hop,hindi hip hop,desi pop,hindi pop,hindi indie",2022,2022-09-13,71,0,Warner Music India,Indie_Beats,0.698,0.505,6,-8.242,0,0.0356,0.354,0.0,0.0995,0.396,95.868,4,194653
2BH3j05ZXWr5PR30sW079d,Crystals,Crystals,Isolate.exe,Isolate.exe,"phonk,drift phonk",2022,2022-01-28,65,1,Isolate.exe,Phonk,0.692,0.729,11,-10.435,1,0.0554,0.438,0.656,0.0939,0.13,100.015,4,139200
1WwW7b7w1b9QJGcuEt6lrL,Badra Bahara,Badra Bahara,Vismay Patel,Vismay Patel,"hindi indie,indian indie",2022,2022-03-12,24,0,Caartel Music,Indie_Beats,0.766,0.276,0,-14.926,1,0.0316,0.513,0.0552,0.121,0.445,99.988,4,156107
0GiepUHAIfTH1WzpHqtVXT,最果て,最果て,SennaRin,SennaRin,anime,2022,2022-10-18,49,0,Sony Music Labels Inc.,YaNiMe,0.687,0.873,9,-4.504,0,0.126,0.0891,7.55e-05,0.222,0.624,115.995,4,180319
2y7fdOLYBFFbuuMs96KndV,Par Chanaa De,Coke Studio: Season 9,Shilpa Rao;Noori,Shilpa Rao,"bollywood,hindi pop,desi,sufi,qawwali,ghazal,hindi indie",2022,2022-07-05,63,0,Mainstage Productions,Folklore,0.49,0.624,0,-5.597,1,0.034,0.279,0.0,0.206,0.171,155.961,4,666000
0kEXWokTVYKFxRnNH1xvlg,知らないままで,知らないままで,Rokudenashi,Rokudenashi,"j-pop,anime",2022,2022-06-17,64,0,Rokudenashi,YaNiMe,0.602,0.819,6,-4.991,1,0.0317,0.476,3.4e-06,0.098,0.872,184.069,4,134221
1nThz7yEG2vbyI4UmInj5z,Number One - Bankai,Number One - Bankai,Shiro SAGISU;Hazel Fernandes,Shiro SAGISU,"anime,soundtrack",2022,2022-12-14,65,0,Aniplex Inc.,YaNiMe,0.582,0.831,0,-5.125,1,0.0384,0.000289,1.13e-05,0.369,0.326,138.064,4,276746
6k0X05danQOXSBTVek5DU1,The Rumbling,The Rumbling,SiM,SiM,"anime,j-rock",2022,2022-02-07,72,0,PONY CANYON INC.,YaNiMe,0.459,0.878,5,-1.399,0,0.0688,5.62e-05,0.000307,0.371,0.494,144.852,4,220799
4pw7EuK2WTWGHI51jCKuGJ,Akuma no Ko,Saiaku Saiai,Ai Higuchi,Ai Higuchi,"anime,j-pop",2022,2022-03-02,64,0,PONY CANYON INC.,YaNiMe,0.567,0.663,6,-6.402,0,0.0503,0.223,0.0,0.129,0.187,89.961,4,229960
3gmn76fCtpDazGMnN0QMHX,NIGHT DANCER,POP CUBE,imase,imase,j-pop,2022,2022-11-09,76,0,Universal Music LLC,YaNiMe,0.924,0.563,7,-7.899,0,0.0802,0.0879,0.0,0.103,0.872,117.06,4,210600
6R7JCVkaRuepbFer78ZxE0,Akuma no Ko,Akuma no Ko,Samuel Kim,Samuel Kim,anime,2022,2022-01-21,0,0,Samuel Kim Music,YaNiMe,0.216,0.538,11,-6.511,1,0.0326,0.367,0.0,0.132,0.231,81.053,4,263310
6qyS9qBy0mEk3qYaH8mPss,Murder In My Mind,Murder In My Mind,Kordhell,Kordhell,"phonk,drift phonk",2022,2022-01-21,76,1,Kordhell,Phonk,0.712,0.972,10,-0.514,1,0.112,0.00547,7.06e-05,0.128,0.568,119.966,4,145000
7lvDsmTRXFE3dK4OjvRiWB,Pasoori,Pasoori,Ali Sethi;Shae Gill,Ali Sethi,"ghazal,sufi,qawwali,desi,hindi indie,indian indie,hindi pop,desi pop",2022,2022-02-07,60,0,Giraffe Pakistan,Folklore,0.714,0.596,11,-6.206,0,0.043,0.0657,0.0,0.0625,0.669,91.991,4,224146
2xRtXbFAmk3cW6xE1zF7ye,Tu Jhoom,Tu Jhoom,Naseebo Lal;Abida Parveen,Naseebo Lal,"sufi,qawwali,bhangra,desi,ghazal",2022,2022-01-19,54,0,Giraffe Pakistan,Folklore,0.42,0.481,7,-8.949,1,0.0395,0.255,0.000414,0.0909,0.0594,84.794,4,397546
00Z4zBOh25NUzsUGffMrZS,Ras Ke Bhare,Ras Ke Bhare,Sona Mohapatra;Sparsh Agrawal,Sona Mohapatra,"bollywood,desi,hindi pop,indian indie,hindi indie",2022,2022-12-01,12,0,Omgrown Music,Folklore,0.373,0.503,5,-6.205,0,0.0368,0.313,0.0,0.122,0.172,85.86,4,233181
4UfxiCLAbE25k5cIRsr36r,Jao Piya,Jao Piya,Maati Baani;Ambi Subramaniam;Abhay Nayampally,Maati Baani,"indian indie,hindi indie,maloya",2022,2022-04-16,9,0,Maati Baani,Folklore,0.547,0.549,5,-9.56,0,0.141,0.512,0.0248,0.103,0.859,135.036,4,370222
1FKR1MFGHdjrIMoel4VyXc,Bhagirathi,Songs Of The River - Ganga,Shantanu Moitra;Kaushiki Chakraborty;Ambi Subramaniam,Shantanu Moitra,"bollywood,bhajan,ghazal,bangla pop,maloya",2022,2022-08-22,13,0,Shantanu Moitra,Folklore,0.627,0.833,4,-7.039,1,0.168,0.349,2.94e-06,0.059,0.824,164.85,3,253636
1FZTOS0J00x7DOZSPy7O4r,Rang Na,Rang Na,Pratibha Baghel;Harshit Chauhan,Pratibha Baghel,"ghazal,gujarati pop",2022,2022-06-24,22,0,Music 24 Records,Folklore,0.681,0.446,2,-8.929,1,0.0312,0.798,7.29e-06,0.109,0.291,118.046,1,254491
34H4D8wcZnmg2JxnRD3Wdx,Bedu Pako,Bedu Pako,Pawandeep Rajan;Clinton Cerejo;Bianca Gomes,Pawandeep Rajan,"bhajan,bangla pop,bollywood",2022,2022-12-02,16,0,Merchant Records,Folklore,0.671,0.646,9,-5.401,0,0.0677,0.148,3.67e-05,0.0904,0.78,159.009,3,201509
4pbPoOscv0QqX6nUuU3GPf,Theme of Shiva,Theme of Shiva,Armonian,Armonian,"devotional,bhajan",2022,2022-05-13,52,0,Armonian Records,Liked_Songs,0.446,0.558,8,-11.543,1,0.0427,0.446,0.6,0.119,0.283,189.998,4,197965
2DolnMsowdoeGwD9f1P9iJ,Barsan Lagi,Barsan Lagi,Abhay Jodhpurkar,Abhay Jodhpurkar,"marathi pop,tamil pop,bollywood,kollywood",2022,2022-12-22,9,0,Strumm Entertainment Pvt. Ltd.,Folklore,0.708,0.594,0,-5.046,0,0.0395,0.28,0.0,0.161,0.604,137.972,3,219456
0vGJ3GunYw48vpTJwJ03T0,Eighteen Color (feat. Kopi),Eighteen Color (feat. Kopi),kobasolo;kopi,kobasolo,j-pop,2022,2022-02-15,38,0,KOBASOLO,YaNiMe,0.637,0.539,5,-5.511,1,0.0258,0.234,0.0,0.0748,0.393,90.979,4,279631
5GfeZNDNUu0nHKEfEI43RH,Parda,Parda,Deepak Rathore,Deepak Rathore,"indian indie,hindi indie,desi pop",2022,2022-11-10,46,0,Deepak Rathore Project,Indie_Beats,0.604,0.344,5,-11.237,1,0.0441,0.869,1.98e-06,0.111,0.495,145.926,3,192323
1d5lpW3gUyq537iuyrb9Lf,Samjho Na,Samjho Na,Aditya Rikhari,Aditya Rikhari,"hindi indie,indian indie,desi pop,hindi pop",2022,2022-02-10,78,0,CollabX Productions,Indie_Beats,0.744,0.328,0,-12.535,1,0.231,0.681,0.0002,0.128,0.532,98.923,4,172408
6jdwbcH788txYS6Doy1F1j,Step Back!,Step Back!,1nonly;SXMPRA,1nonly,"phonk,drift phonk,trap metal",2022,2022-09-02,69,1,NSF Productions LLC,Phonk,0.783,0.89,1,-5.995,1,0.2,0.185,0.00417,0.0969,0.437,127.996,4,150674
7KmbiagSkUbepU88x7NWjb,Scopin,Scopin,Kordhell,Kordhell,"phonk,drift phonk",2022,2022-04-08,60,1,Kordhell,Phonk,0.809,0.972,8,-1.653,1,0.0616,0.065,0.12,0.0311,0.641,98.013,4,101632
36jYuqoGDDlfZBst0p4JGy,Mehfooz,Mimmi,Ritviz,Ritviz,"indian indie,hindi indie,hindi pop",2022,2022-09-02,40,0,Ritviz,Indie_Beats,0.453,0.643,1,-9.842,1,0.0913,0.0855,0.000621,0.0891,0.318,91.992,4,142201
5XAY3PGTV5bbBv5cd6cVQk,Divine Krishna,We for Love,Amaan Ali Bangash;Ayaan Ali Bangash;Malini Awasthi,Amaan Ali Bangash,"sufi,bhajan,bhojpuri pop",2022,2022-01-21,0,0,Affetto Recordings,Folklore,0.464,0.429,7,-8.611,0,0.0275,0.534,0.00852,0.0897,0.216,85.044,4,293500
2eQaRaRfo0QfXXm7rR2eBk,Duniya,Duniya,Salim–Sulaiman;Vijay Prakash,Salim–Sulaiman,"bollywood,sufi,desi,hindi pop,qawwali,kannada pop,sandalwood,tollywood,telugu pop,tamil pop,kollywood",2022,2022-12-16,3,0,Merchant Records,Folklore,0.436,0.701,8,-6.618,1,0.133,0.0983,0.000126,0.108,0.274,130.128,4,294933
4BuKcv3m61D3feQaJVW4oF,Pukaar,Mimmi,Ritviz,Ritviz,"indian indie,hindi indie,hindi pop",2022,2022-09-02,34,0,Ritviz,Indie_Beats,0.534,0.476,7,-8.268,1,0.0325,0.0337,0.0,0.629,0.593,106.891,4,136751
144TS04R5kwzBqaM805g9E,Kahaani,Kahaani,Santanu Ghatak;Anirban Chowdhury,Santanu Ghatak,"indian indie,hindi indie",2022,2022-03-13,12,0,Sharaj Music,Folklore,0.56,0.358,3,-7.655,1,0.0307,0.848,0.0,0.105,0.205,127.906,4,243750
0iEdt7cayQ2XbicDeWFztj,Khwaab,Khwaab,Anumita Nadesan,Anumita Nadesan,"indian indie,hindi indie",2022,2022-02-04,52,0,Big Bang Records,Indie_Beats,0.676,0.376,2,-11.282,1,0.0351,0.887,0.000183,0.0853,0.226,113.948,4,178421
5SkBHaKVgdhTzKMnlgTsGJ,Pyar Diwana Hota Hai,Sanam - Pyar Diwana Hota Hai,Sanam,Sanam,"hindi pop,desi pop",2022,2022-05-05,40,0,Saregama India Ltd,Samui,0.743,0.739,11,-5.83,1,0.0987,0.544,6.03e-05,0.349,0.78,132.049,4,236976
7CFyJ2EPn3BLmnOIAo9Y5l,Babul Mora,Babul Mora,Prajakta Shukre,Prajakta Shukre,"bhajan,marathi pop",2022,2022-06-03,6,0,Strumm Entertainment Pvt. Ltd.,Folklore,0.531,0.741,7,-7.894,1,0.0362,0.09,0.00786,0.54,0.39,100.011,4,342600
7mLWNwcvwRdEviz6SfYp8A,GigaChad Theme - Phonk House Version,GigaChad Theme (Phonk House Version),g3ox_em,g3ox_em,"phonk,drift phonk",2022,2022-08-22,69,1,g3ox_em,Phonk,0.588,0.496,9,-5.947,1,0.0417,0.00166,0.936,0.186,0.582,128.001,4,146274
3PjbA0O5olhampPMdaB0V1,WORTH NOTHING (feat. Oliver Tree) - Fast & Furious: Drift Tape/Phonk Vol 1,WORTH NOTHING (feat. Oliver Tree) [Fast & Furious: Drift Tape/Phonk Vol 1],TWISTED;Oliver Tree;Fast & Furious: The Fast Saga,TWISTED,"phonk,drift phonk",2022,2022-09-28,77,1,APG Inc – FF10,Phonk,0.604,0.601,2,-7.887,0,0.0628,0.15,0.000579,0.168,0.156,139.88,4,164629
5RAZtbW6hkkVG4cMGPO6f2,Gulaab,Zehen,Mitraz,Mitraz,"indian indie,hindi indie,desi pop,desi,hindi pop",2022,2022-11-18,55,0,Mitraz Records,Indie_Beats,0.839,0.471,7,-8.926,0,0.0394,0.375,0.000346,0.0853,0.563,104.003,4,169633
2oSnGQbI4tZxImmCs2c4PP,Nasamajh,Nasamajh,Aditya Rikhari,Aditya Rikhari,"hindi indie,indian indie,desi pop,hindi pop",2022,2022-07-28,56,0,CollabX Productions,Indie_Beats,0.638,0.515,9,-8.912,0,0.0645,0.28,5.02e-06,0.105,0.691,107.021,4,249538
0q5e5KtUOhYQujmhLP0pKd,Dooron Dooron,Dooron Dooron,Paresh Pahuja;Shiv Tandan;Meghdeep Bose,Paresh Pahuja,"indian indie,hindi indie",2022,2022-01-18,82,0,Paresh Pahuja,Indie_Beats,0.39,0.286,11,-10.182,1,0.0314,0.8,1.24e-05,0.141,0.344,189.633,3,215946
2QophXhN2Ls2URfoPmiviC,Kho Gaye,Mismatched: Season 2 (Soundtrack from the Netflix Series),Taaruk Raina;Mismatched - Cast,Taaruk Raina,"indian indie,hindi indie,desi pop,ghazal,hindi pop",2022,2022-09-30,68,0,Netflix Music,Indie_Beats,0.478,0.374,8,-11.627,0,0.0361,0.628,0.000736,0.0979,0.218,76.163,4,197763
764XnzLSpfB7VSMkKywfMB,Baaton Baaton Main,Baaton Baaton Main,Shashwat Sachdev;Anumita Nadesan,Shashwat Sachdev,"bollywood,hindi pop,desi pop,indian indie,hindi indie",2022,2022-08-29,39,0,Universal Music India Pvt Ltd.,Indie_Beats,0.656,0.381,9,-7.447,1,0.18,0.536,0.000184,0.356,0.462,164.949,4,234374
3wwLWFRLiReDf5AqgmAJwT,Heer Ranjha,Heer Ranjha,Rito Riba;Rajat Nagpal;Rana Sotal,Rito Riba,"indian indie,hindi indie,punjabi pop,hindi pop,bollywood,desi pop",2022,2022-10-18,67,0,PlayDMF,Indie_Beats,0.576,0.72,9,-3.842,1,0.0409,0.438,0.0,0.0814,0.6,140.031,4,223107
52lObaMpTZyYt2aACIkBmC,Woh Raat,Woh Raat,Shivoryx;Ronit Vinta,Shivoryx,"indian indie,hindi indie",2022,2022-05-04,47,0,Sony Music Entertainment India Pvt. Ltd.,Indie_Beats,0.516,0.419,1,-10.856,1,0.0275,0.816,0.223,0.0846,0.123,88.966,4,191460
322TxW77VZdX9gHynK5Xue,Aaj Na,Mimmi,Ritviz,Ritviz,"indian indie,hindi indie,hindi pop",2022,2022-09-02,56,0,Ritviz,Indie_Beats,0.659,0.345,11,-8.464,1,0.107,0.106,0.0,0.107,0.338,84.761,4,193425
6oURWs2pULRYC9JAhLEaw8,Muskurahat,Muskurahat,Mitraz,Mitraz,"indian indie,hindi indie,desi pop,desi,hindi pop",2022,2022-06-27,57,0,Mitraz Records,Indie_Beats,0.681,0.667,8,-7.339,1,0.0345,0.0344,0.000187,0.0943,0.372,100.001,4,258716
4hGHgXcTOD8BzJKMz062ZN,Raaz Tera Mera,Raaz Tera Mera,Akanksha Sethi,Akanksha Sethi,"indian indie,hindi indie",2022,2022-06-02,0,0,Akanksha Sethi,Indie_Beats,0.307,0.254,0,-13.692,1,0.0265,0.845,6.08e-06,0.373,0.332,81.028,3,208500
72iyEnh9p6PoyJoEnAJDjO,DEMONS IN MY SOUL,DEMONS IN MY SOUL,SCXR SOUL;Sx1nxwy,SCXR SOUL,"phonk,drift phonk",2022,2022-09-23,64,1,SCXR SOUL,Phonk,0.765,0.428,2,-2.789,1,0.0492,0.0249,0.92,0.297,0.422,100.006,4,117637
1xSKxa1J5NHMQBX4wMZW2g,Meri Baaton Mein Tu,Meri Baaton Mein Tu,Anuv Jain,Anuv Jain,"indian indie,hindi indie,hindi pop",2022,2022-03-04,64,0,Universal Music India Pvt. Ltd. (on behalf of Anuv Jain),Indie_Beats,0.623,0.454,0,-9.813,1,0.0302,0.431,0.0,0.144,0.228,142.884,4,214000
31B7wLv4yvtjDoTTmbnxeE,Jungle,Jungle,Fred again..,Fred again..,"stutter house,house,edm",2022,2022-06-29,66,1,Atlantic Records UK,Phonk,0.665,0.727,1,-8.073,0,0.0391,0.00984,0.394,0.172,0.397,133.922,4,198805
2X0fOTMRb7flJlkk5Rz7Ji,"Mujhe Kaise, Pata Na Chala","Mujhe Kaise, Pata Na Chala",Papon;Meet Bros.,Papon,"bollywood,sufi,hindi pop,desi pop,desi",2022,2022-10-01,27,0,MB Music,Indie_Beats,0.299,0.402,7,-7.409,1,0.0528,0.765,0.0,0.418,0.294,74.291,4,317118
1t5zysJLU50ZKjPZJLWuAx,ビンクスの酒 - ～ロジャー海賊団ver.～,"ONE PIECE オリジナルサウンドトラック""WANOKUNI""",ロジャー海賊団,ロジャー海賊団,anime,2022,2022-03-16,57,0,avex pictures,YaNiMe,0.628,0.548,3,-11.384,1,0.0338,0.717,6.68e-05,0.172,0.777,111.993,4,199233
3379h7xHKY0t9ihq58mUOf,Sri Krishna Govind Hare Murari,Sri Krishna Govind Hare Murari,Armonian,Armonian,"devotional,bhajan",2023,2023-09-07,46,0,Armonian Records,Liked_Songs,0.462,0.439,9,-14.282,1,0.0335,0.682,0.0,0.095,0.257,81.986,4,223074
1kPoNSnxGFq5UZbGyNymsK,River,River,Anonymouz,Anonymouz,anime,2023,2023-01-17,53,0,Sony Music Labels Inc.,YaNiMe,0.485,0.778,7,-3.359,1,0.0338,0.035,0.0,0.32,0.469,88.053,4,197997
6A7sTvj68RJAVgTduJEQnA,Paradox,Paradox,Survive Said The Prophet,Survive Said The Prophet,"anime,j-rock",2023,2023-04-04,55,0,Sony Music Labels Inc.,YaNiMe,0.282,0.97,11,-4.511,0,0.0891,0.00989,0.0,0.447,0.135,98.887,4,241153
5VOPZfKO6Q03IAiVckyAvU,Raise,for you,Chilli Beans.,Chilli Beans.,"japanese indie,j-pop,j-rock",2023,2023-08-09,51,0,A.S.A.B,YaNiMe,0.418,0.855,2,-4.982,0,0.138,0.0325,0.0,0.33,0.45,118.886,4,214943
2xWa9kEA3s1vTresZTK1nX,Rutho Jo Tum ( Tum Prem Ho),Rutho Jo Tum (Tum Prem Ho),Mohit Lalwani;Bharat Kamal,Mohit Lalwani,"bhajan,devotional",2023,2023-07-20,55,0,ML Records,Liked_Songs,0.258,0.151,2,-13.556,1,0.0305,0.941,0.458,0.217,0.15,86.031,1,203743
6sQNYW4YycsO1c8uhZpdA2,Timi Nacha Na,Timi Nacha Na,Wangden Sherpa,Wangden Sherpa,,2023,2023-10-20,54,0,"Wangden Sherpa, under exclusive license to Garage Entertainment",Liked_Songs,0.848,0.516,1,-6.183,0,0.0413,0.808,0.000326,0.0933,0.6,103.011,4,179417
0IOasZouiW0Zr9osyXhFT0,Kho Gaya Kyun,Kho Gaya Kyun,Ronit Vinta,Ronit Vinta,"indian indie,hindi indie",2023,2023-02-21,29,0,Sony Music / Big Bang Records Pvt. Ltd.,Liked_Songs,0.302,0.232,1,-14.102,1,0.0336,0.708,0.0,0.0894,0.623,173.905,4,160229
2GqtfmjchEJtXPlaDMatHG,Andaaz-E-Karam,Andaaz-E-Karam,Zain Zohaib,Zain Zohaib,"qawwali,sufi,ghazal",2023,2023-09-18,43,0,Zain Zohaib,Liked_Songs,0.284,0.258,3,-7.058,0,0.0305,0.872,0.0,0.251,0.46,83.303,4,186598
6rGKXgJh12aYXNa7tJtQBY,Radhakrishna Naamawali Chant,Radhakrishna Naamawali Chant,Mohit Lalwani;Akanksha Bhandari;Bharat Kamal,Mohit Lalwani,"bhajan,devotional,indian indie,hindi indie",2023,2023-03-28,60,0,ML Records,Liked_Songs,0.691,0.531,4,-11.539,1,0.0316,0.751,0.0,0.173,0.358,110.014,1,500000
5Ld85m0tR7ipmpVT6vDXUV,Ae Mere Zohra Jabeen,The Veteran Actor Balraj Sahni,Manna Dey,Manna Dey,"bangla pop,ghazal,qawwali,bhajan",2023,2023-08-29,47,0,Saregama India Ltd,Old_Melodies,0.441,0.463,6,-11.476,0,0.0742,0.984,0.151,0.0993,0.514,79.582,3,235333
606UwPF1MMoE220tv9ITut,Bhikhaari,Bhikhaari,Oasis Thapa,Oasis Thapa,,2023,2023-06-10,59,0,Oasis Thapa,Nepali_Gem,0.574,0.211,3,-14.641,1,0.0295,0.912,0.000293,0.113,0.557,130.344,3,212800
5nQA7m7xypeL7dFaGRwJO5,Timro Pratiksa,Timro Pratiksa,Shallum Lama,Shallum Lama,,2023,2023-11-29,60,0,Sony Music Entertainment India Pvt. Ltd.,Nepali_Gem,0.526,0.315,2,-13.191,1,0.0322,0.514,4.79e-06,0.152,0.199,145.011,3,241616
5trLYW0GIV2xESg4lbJrhY,Ek Raat,Ek Raat,Vilen,Vilen,"hindi indie,desi pop",2023,2023-04-14,68,0,Universal Music India Pvt Ltd.,Indie_Beats,0.643,0.534,4,-5.424,0,0.0308,0.144,4.56e-06,0.0859,0.305,90.032,4,224064
2AVeBa9qxScO2tKBXExdIx,Aankhein,Aankhein,Vilen,Vilen,"hindi indie,desi pop",2023,2023-04-14,49,0,Universal Music India Pvt Ltd.,Indie_Beats,0.416,0.363,6,-8.371,1,0.0294,0.512,1.3e-05,0.106,0.469,140.061,5,219428
4lKHw9LqWelunwEvUDukF0,Jane Woh Kaise Log The,"Baarishein, Chai Aur Hemant Kumar",Hemant Kumar,Hemant Kumar,"bangla pop,ghazal",2023,2023-07-12,59,0,Saregama India Ltd,Old_Melodies,0.512,0.273,4,-8.322,1,0.0377,0.956,0.0,0.0829,0.492,92.875,4,259120
1mC69g7fLMb4shU8D6cyB4,Je Chhau Timi,Je Chhau Timi,Swoopna Suman,Swoopna Suman,,2023,2023-03-26,54,0,Swoopna Suman,Liked_Songs,0.352,0.247,6,-13.284,1,0.0385,0.82,2.76e-06,0.095,0.236,174.81,3,236571
0Dea6lSNStSGx3XiLqXIT9,Narazi,Narazi,Taaruk Raina,Taaruk Raina,"indian indie,hindi indie,desi pop",2023,2023-01-31,47,0,Taaruk Raina,Indie_Beats,0.436,0.526,9,-9.595,0,0.0314,0.68,3.92e-05,0.169,0.373,92.741,4,168064
0TL0LFcwIBF5eX7arDIKxY,Husn,Husn,Anuv Jain,Anuv Jain,"indian indie,hindi indie,hindi pop",2023,2023-12-01,79,0,Universal Music India Pvt. Ltd. (on behalf of Anuv Jain),Indie_Beats,0.527,0.376,5,-9.974,1,0.0298,0.682,0.0,0.142,0.24,151.928,4,217894
6YewfSA18qq5xl1KlJQkpY,Chor,Chor,Justh,Justh,"indian indie,hindi indie",2023,2023-12-15,56,0,Justh,Indie_Beats,0.776,0.408,6,-9.378,1,0.106,0.701,0.0,0.293,0.496,119.888,4,208250
67LdLmIj2GVrGf4ZUuLaE1,Aa Mil,Aa Mil,Zaeden;Lisa Mishra,Zaeden,"indian indie,hindi indie,desi pop,bollywood,desi hip hop",2023,2023-10-06,48,0,Universal Music India Pvt. Ltd. (on behalf of A to Zae),Indie_Beats,0.484,0.526,0,-8.629,1,0.0354,0.394,0.000831,0.281,0.444,80.008,4,147562
1GMFeGQBppaepcx6NsR7qB,Sunday,Sunday,Aditya A;NAALAYAK,Aditya A,"indian indie,hindi indie,hindi pop",2023,2023-11-24,55,0,Sony Music India / Brown,Indie_Beats,0.405,0.56,1,-8.869,1,0.0766,0.819,0.00844,0.162,0.608,128.258,4,144923
4AIhGvokKunj4NEdVlOxFb,Kya Hua Tera Wada,Kya Hua Tera Wada,Sanam,Sanam,"hindi pop,desi pop",2023,2023-04-19,46,0,Saregama India Ltd,Samui,0.606,0.716,7,-7.057,1,0.0365,0.21,5.91e-05,0.0958,0.285,109.004,4,228990
5NxBsVjjQvkl60SzRAyZ6e,Aur Iss Dil Mein,Aur Iss Dil Mein,Sanam,Sanam,"hindi pop,desi pop",2023,2023-03-29,42,0,Saregama India Ltd,Samui,0.628,0.622,7,-11.179,1,0.0336,0.0829,3.29e-05,0.131,0.336,96.956,4,201002
35cOgLNLOckQSNlnekWAtw,Tere Vaaste x O Mere Dil - Knockwell Mashup,Tere Vaaste x O Mere Dil - Knockwell Mashup,Knockwell;Sachin-Jigar;Altamash Faridi;Varun Jain;Shadab Faridi;Sanam,Knockwell,"gujarati pop,bollywood,hindi pop,desi,gujarati garba,sufi,desi pop",2023,2023-10-10,48,0,Saregama India Ltd,Samui,0.702,0.9,7,-5.191,1,0.0295,0.13,1.02e-05,0.0832,0.438,116.03,4,180080
5Z2GQ0eBKoatNYqbGayihP,Lamhey,Lamhey,Anubha Bajaj,Anubha Bajaj,"indian indie,hindi indie",2023,2023-02-24,59,0,Sony Music Entertainment India Pvt. Ltd.,Indie_Beats,0.571,0.395,2,-10.502,1,0.0372,0.601,0.000247,0.255,0.631,173.998,4,148966
2dEvh4AAZvD8qwq0VGTAe6,Aasmaan Jaley,Aasmaan Jaley,Abhay Jodhpurkar;Abhijeet Srivastava,Abhay Jodhpurkar,"marathi pop,tamil pop,bollywood,kollywood,indian indie,hindi indie,desi pop,hindi pop",2023,2023-12-06,51,0,Unbound Records Pvt Ltd.,Indie_Beats,0.773,0.495,6,-5.565,1,0.0496,0.357,4.64e-05,0.136,0.623,130.046,4,166615
6KvXpACADAz73IPrCgXobL,Alfaazo,Alfaazo,Mitraz,Mitraz,"indian indie,hindi indie,desi pop,desi,hindi pop",2023,2023-01-19,61,0,Sony Music / Big Bang Records Pvt. Ltd.,Indie_Beats,0.688,0.523,2,-8.67,1,0.0349,0.365,0.0038,0.122,0.284,100.055,4,158447
4L0bU9ecxMP6U6o0ZnPyCt,Kaise Banu,Kaise Banu,Taaruk Raina,Taaruk Raina,"indian indie,hindi indie,desi pop",2023,2023-08-22,47,0,Ishtar Music,Indie_Beats,0.586,0.574,7,-10.934,0,0.0628,0.818,0.000398,0.101,0.434,171.883,4,174418
3P28ppmcMTiHRGSpeFpdal,Savan,Savan,Vilen,Vilen,"hindi indie,desi pop",2023,2023-04-14,48,0,Universal Music India Pvt Ltd.,Indie_Beats,0.622,0.402,4,-12.283,1,0.0605,0.523,0.0217,0.716,0.366,80.026,4,233299
7uZLUFqPgGqwzD5rzOl8Sa,Mulaqat,Mulaqat,Prateek Kuhad,Prateek Kuhad,"indian indie,hindi indie",2023,2023-10-03,57,0,Elektra (NEK),Indie_Beats,0.717,0.182,4,-13.629,1,0.0355,0.736,0.000248,0.0746,0.232,81.99,4,246519
5leuT90qq5V4glfgAs651F,Kyun Dhunde,Kyun Dhunde,Vilen,Vilen,"hindi indie,desi pop",2023,2023-04-20,54,0,Universal Music India Pvt Ltd.,Indie_Beats,0.261,0.484,7,-9.289,1,0.045,0.061,0.0,0.094,0.456,183.941,4,213260
0iS2TpV9BRKuG16syCeQMy,Main Pal Do Pal Ka Shair Hoon,Bachchan Wala Love,Mukesh,Mukesh,"ghazal,tamil dance",2023,2023-10-10,54,0,Saregama India Ltd,Old_Melodies,0.565,0.334,4,-13.626,1,0.0309,0.85,0.0,0.632,0.64,124.193,4,204040
13deMFIZMCLvrO8ZaW9nvU,DATA FUNK - Slowed,DATA FUNK (Remixes),DJ KLEITON,DJ KLEITON,"brazilian phonk,phonk",2023,2023-10-27,56,0,DJ KLEITON,Phonk,0.825,0.939,1,-1.064,1,0.0422,0.00299,0.0,0.128,0.505,108.877,4,96444
3VvcKToPY3diGRjERt8NvD,Sea Of Problems,Sea Of Problems,glichery,glichery,"phonk,drift phonk,brazilian phonk",2023,2023-03-11,65,1,glichery,Phonk,0.743,0.684,7,-10.807,0,0.033,0.00335,0.945,0.0989,0.867,127.996,4,110624
5XuCHa19u2xLeGa8MJHAwu,Fluxxwave,Fluxxwave,Clovis Reyes,Clovis Reyes,phonk,2023,2023-05-07,69,0,The System,Phonk,0.513,0.467,5,-9.138,0,0.0632,0.0328,0.00922,0.249,0.162,75.307,4,150441
2V3hsJU3bTOATih0Fm4aDp,BRODYAGA FUNK,BRODYAGA FUNK,Eternxlkz,Eternxlkz,"phonk,brazilian phonk",2023,2023-11-17,68,1,Eternxlkz,Phonk,0.593,0.738,11,-2.956,0,0.0351,0.269,0.968,0.292,0.591,130.0,4,134785
0hEjvk5rMwLzt9rUcFmZG7,Sequência da Dz7,Sequência da Dz7,TRASHXRL;Mc Menor Do Alvorada,TRASHXRL,"phonk,brazilian phonk",2023,2023-05-07,64,1,broke,Phonk,0.585,0.977,10,0.781,1,0.191,0.443,0.597,0.0971,0.831,129.975,4,119231
5N21MtYa2f16k5XrgweCv6,Khoya Khoya,Khoya Khoya,Anumita Nadesan,Anumita Nadesan,"indian indie,hindi indie",2023,2023-06-06,28,0,Sony Music / Big Bang Records Pvt. Ltd.,Indie_Beats,0.486,0.25,8,-12.966,1,0.0272,0.81,4.39e-06,0.0732,0.409,92.676,4,211495
31nfdEooLEq7dn3UMcIeB5,Vois sur ton chemin - Techno Mix,Vois sur ton chemin (Techno Mix),BENNETT,BENNETT,"hypertechno,techno",2023,2023-08-04,81,0,Warner Music Central Europe,Phonk,0.634,0.824,2,-3.394,0,0.047,0.0908,0.0711,0.119,0.371,137.959,4,178156
6C2nVSSeXNqfoY8t6tliZ4,jeans,jeans,2hollis,2hollis,"hyperpop,electroclash",2023,2023-10-27,69,1,2hollis,Phonk,0.634,0.906,1,-4.762,1,0.0454,0.0103,0.00234,0.179,0.224,142.932,4,181258
0Gz4Q1Bmyef5yA0G6LIIQZ,poster boy,2,2hollis,2hollis,"hyperpop,electroclash",2023,2023-05-11,80,1,2hollis,Phonk,0.683,0.959,6,-0.505,0,0.056,0.0804,3.84e-06,0.0708,0.912,111.035,4,121089
4u0D2jZ20wQaEMHBSqsDnZ,Tu Jaana Na Piya,NEW LIFE,King,King,"desi hip hop,hindi hip hop,desi pop,hindi pop,hindi indie",2023,2023-10-18,60,0,Warner Music India,Indie_Beats,0.691,0.709,9,-6.136,1,0.0301,0.359,0.0,0.149,0.395,102.012,4,226029
7pepsLqAidcUMFfOVuKzvt,Girte Hue Boondon,Girte Hue Boondon,Gayatri Asokan;Amarabha Banerjee;Purbayan Chatterjee,Gayatri Asokan,"malayalam pop,mollywood,sufi,hindi pop",2023,2023-01-07,0,0,Gayatri Asokan,Folklore,0.428,0.475,9,-11.392,1,0.0767,0.731,0.0,0.104,0.394,98.044,4,233750
6KJnxgN0lVgv9npvMBje3P,Holi Re Rasiya,Holi Re Rasiya,Mahan;Maithili Thakur;Seedhe Maut;Ravi Kishan;Amaan Ali Bangash;Ayaan Ali Bangash,Mahan,"bhajan,devotional,desi hip hop,hindi hip hop,hardcore hip hop,bhojpuri pop,sufi",2023,2023-02-21,35,0,Universal Music India Pvt Ltd.,Folklore,0.63,0.632,2,-7.04,1,0.35,0.173,2.98e-05,0.0943,0.808,118.54,4,223881
3wcG9v5Z22SjvWsK7YGJvC,Udja,Udja,OAFF;Savera;Jasleen Royal;Burrah,OAFF,"indian indie,hindi indie,bollywood,desi pop,hindi pop,desi,gujarati pop,desi hip hop,hindi hip hop",2023,2023-02-07,35,0,Universal Music India Pvt Ltd.,Folklore,0.617,0.714,0,-6.462,1,0.0393,0.379,0.0169,0.0977,0.449,125.952,4,199050
7jtXjZ3JViUo9M3ogYAapO,燈,i 触れる SAD UFO,Soushi Sakiyama,Soushi Sakiyama,"anime,j-pop",2023,2023-08-09,56,0,Sony Music Labels Inc.,YaNiMe,0.645,0.72,5,-4.515,1,0.0355,0.27,0.0,0.277,0.634,127.052,4,239106
3qaRvg6ycuTAQKgTnlhpjn,Tinka,Tinka,Aditya Rikhari,Aditya Rikhari,"hindi indie,indian indie,desi pop,hindi pop",2023,2023-05-30,49,0,Universal Music India Pvt Ltd.,Indie_Beats,0.647,0.375,6,-10.706,0,0.0349,0.437,0.0,0.0805,0.394,99.992,4,199500
6gprR0rGv59wALbBU7yZkl,Meri Banogi Kya,Meri Banogi Kya,Rito Riba;Rajat Nagpal,Rito Riba,"indian indie,hindi indie,punjabi pop,hindi pop,bollywood",2023,2023-03-20,74,0,PlayDMF,Indie_Beats,0.607,0.562,0,-7.77,0,0.0341,0.523,0.0,0.0877,0.443,137.901,3,215035
1X0ZbfKmPJHNCy385PH7z9,Tu Jae Jahan,Tu Jae Jahan,Osho Jain;Sanchi,Osho Jain,"hindi indie,indian indie",2023,2023-06-20,37,0,Universal Music India Pvt Ltd.,Indie_Beats,0.585,0.535,4,-8.398,1,0.0318,0.792,5.21e-06,0.0995,0.398,105.997,4,175638
5diWIwtjfub2zoxIwgiRia,Aaj Rang Hai,Aaj Rang Hai,Prithvi Gandharv,Prithvi Gandharv,ghazal,2023,2023-01-19,9,0,Strumm Entertainment Pvt. Ltd.,Folklore,0.536,0.668,7,-5.489,1,0.0404,0.138,0.0,0.177,0.308,159.94,4,247874
086QwUtJ8RkXkpiyPEpPPO,Jane Kahan Mera Jigar Gaya Ji,Vintage Melody Geeta Dutt,Geeta Dutt;Mohammed Rafi,Geeta Dutt,ghazal,2023,2023-08-29,45,0,Saregama India Ltd,Old_Melodies,0.917,0.532,6,-5.145,1,0.059,0.877,0.0,0.0751,0.977,121.316,4,218373
6mhRdDoAN5N4xv9kcUgTDW,Abhi Na Jao Chhod Kar,Dev - 100 Not Out - Romance,Asha Bhosle;Mohammed Rafi,Asha Bhosle,"ghazal,marathi pop,bangla pop,bollywood,hindi pop",2023,2023-09-26,56,0,Saregama India Ltd,Old_Melodies,0.521,0.421,3,-9.856,1,0.0355,0.607,0.187,0.329,0.551,96.444,3,255026
0RLBGkQJma7zd0fHch5xQP,Night Dancer,EP15,Shania Yan,Shania Yan,,2023,2023-06-23,0,0,Ostereo Limited,YaNiMe,0.768,0.32,2,-12.287,0,0.0388,0.824,5.01e-06,0.0989,0.527,116.978,4,168888
5NInFFyIEpOOEp73ALYFMw,Saajan Salona,Saajan Salona,Aabhas Joshi;Aabhas - Shreyas;Indie Routes,Aabhas Joshi,"tollywood,hindi indie,bhajan,sufi,indian indie",2023,2023-01-13,3,0,Merchant Records,Folklore,0.548,0.369,3,-11.826,1,0.0483,0.809,0.00102,0.122,0.816,155.999,4,210000
0xkZgmczPHC7H6EUbP3Rxy,Theme of Radha,Theme of Radha,Armonian,Armonian,"devotional,bhajan",2023,2023-03-01,31,0,Armonian Records,Liked_Songs,0.497,0.27,2,-13.762,1,0.031,0.916,0.411,0.095,0.441,110.027,4,283110
6hoULlok15tOEkSke2dAp8,"Good-bye, See You Tomorrow","Good-bye, See You Tomorrow",Rokudenashi,Rokudenashi,"j-pop,anime",2023,2023-04-19,28,0,Rokudenashi,YaNiMe,0.597,0.77,1,-3.772,1,0.0341,0.00558,0.0,0.129,0.52,95.031,4,186446
4n8b9euCV1LPbu7upnARpc,Aaja Sanam Madhur Chandni Men,Chanda Re - Over the Moon,Lata Mangeshkar;Manna Dey,Lata Mangeshkar,"ghazal,bollywood,hindi pop,bhajan,marathi pop,bangla pop,qawwali",2023,2023-08-24,46,0,Saregama India Ltd,Old_Melodies,0.32,0.439,3,-11.324,0,0.0422,0.95,0.0426,0.104,0.796,81.706,3,265743
4H1FLy4H7nS9wy9gg9JeFQ,"Unakku Thaan - From ""Chithha""","Unakku Thaan (From ""Chithha"")",Santhosh Narayanan;Dhvani Kailas;Vivek,Santhosh Narayanan,"tamil pop,kollywood,tamil hip hop,tamil dance",2023,2023-09-22,58,0,Think Music,Southie,0.578,0.389,1,-5.439,0,0.0304,0.875,1.28e-06,0.0973,0.559,139.64,3,216214
7mawUh4upc0sJVHgkgY3wb,Baby you,Baby you,YUKA,YUKA,j-pop,2023,2023-01-18,55,0,"Nippon Columbia Co., Ltd./NIPPONOPHONE",YaNiMe,0.813,0.578,11,-4.035,0,0.0674,0.16,0.0,0.151,0.873,169.916,4,163466
77GGe1iI6TipMCaWuxfWXr,Mori no chiisana restaurant,Mori no chiisana restaurant,Aoi Teshima,Aoi Teshima,j-pop,2023,2023-04-12,58,0,Victor,YaNiMe,0.653,0.319,1,-10.723,1,0.05,0.912,0.0068,0.107,0.929,168.002,3,153033
1cek46u96NSWBTwqOTayTO,Spica,The Flower of Love,Rokudenashi,Rokudenashi,"j-pop,anime",2023,2023-12-27,56,0,Rokudenashi,YaNiMe,0.661,0.811,7,-4.81,1,0.0303,0.00771,0.000283,0.25,0.926,137.991,4,165000
0uNmOW9ock1EUkbBzjTk0L,The Flame of Love,The Flower of Love,Rokudenashi,Rokudenashi,"j-pop,anime",2023,2023-12-27,58,0,Rokudenashi,YaNiMe,0.667,0.233,8,-9.438,1,0.0367,0.968,4.22e-05,0.144,0.68,183.992,4,199333
1fAK3UoI0u36xBpaeJXd9S,Nezuko Theme (Season 3 Finale),Nezuko Theme (Season 3 Finale),Axel Avix,Axel Avix,,2023,2023-06-19,0,0,Twilight Music,YaNiMe,0.495,0.132,2,-14.461,1,0.0332,0.972,0.00299,0.0672,0.25,69.931,4,126857
0eLtIxPRNJfsmehITZ1qaJ,Sahiba,Sahiba,Aditya Rikhari,Aditya Rikhari,"hindi indie,indian indie,desi pop,hindi pop",2023,2023-12-19,85,0,T-Series,Indie_Beats,0.675,0.432,10,-9.076,0,0.0332,0.551,0.0,0.0772,0.431,100.007,4,190098
6KxgptZSrQC4Vv21ZBOG7S,golden hour - Fujii Kaze Remix,golden hour (Fujii Kaze Remix),JVKE;Fujii Kaze,JVKE,j-pop,2023,2023-04-21,60,0,JVKE,"Soothing,YaNiMe",0.333,0.582,4,-5.499,1,0.0383,0.612,0.000765,0.152,0.311,93.777,3,159000
3eSm4iAkLsn3BeggfiQOH9,"Kaise Ab Kahein - From ""Gutar Gu""","Kaise Ab Kahein (From ""Gutar Gu"")",Gaurav Chatterji;Aasa Singh;Hansika Pareek;Hrishi Giridhar;Pratik Gangavane,Gaurav Chatterji,"indian indie,hindi indie",2023,2023-04-13,65,0,Sikhya Entertainment Records,Indie_Beats,0.443,0.396,7,-11.071,1,0.037,0.891,0.0,0.0926,0.488,89.114,4,120000
04fUBhT63GeEuOhoIONitJ,Sab Rab,Sab Rab,Rochak Kohli;Nikhita Gandhi;Sanjoy;Gurpreet Saini,Rochak Kohli,"bollywood,hindi pop,punjabi pop,desi pop,punjabi hip hop",2023,2023-09-27,27,0,R Music,Indie_Beats,0.69,0.602,0,-7.217,1,0.0498,0.527,6.65e-05,0.426,0.37,138.577,5,184615
6k1hBhDbcwyh1KuSFAoLTJ,Tere Bina,Tere Bina,KASYAP,KASYAP,"indian indie,hindi indie,desi pop",2023,2023-02-09,39,0,"Day One, a division of Sony Music Entertainment India Pvt. Ltd.",Indie_Beats,0.629,0.652,9,-8.926,1,0.0386,0.522,6.96e-05,0.222,0.492,83.993,4,172823
4mpRxleD4q4rxgRBgC6TpB,Raaton,Raaton,Aditya Rikhari,Aditya Rikhari,"hindi indie,indian indie,desi pop,hindi pop",2023,2023-07-15,50,0,T-Series,Indie_Beats,0.537,0.374,1,-9.385,1,0.047,0.779,0.00198,0.107,0.102,149.806,3,200237
3XjjpMYeKHGiiI9oM8rwSF,Aisi Woh Baarish,Aisi Woh Baarish,Twin Strings,Twin Strings,"indian indie,hindi indie",2023,2023-06-22,40,0,Universal Music India Pvt Ltd.,Indie_Beats,0.561,0.31,7,-12.519,0,0.0274,0.808,0.00038,0.422,0.19,140.824,3,187553
6PCFM6hZ5CZb6MZhNXvX92,Saara Jahaan,Saara Jahaan,Akanksha Bhandari,Akanksha Bhandari,"indian indie,hindi indie,bhajan,devotional",2023,2023-04-07,24,0,Akanksha Bhandari,Indie_Beats,0.574,0.565,2,-8.204,1,0.0684,0.764,0.00234,0.165,0.361,93.953,4,157659
36zJvaFktpReO0ZpO7zK7H,Noor,Noor,Akshath,Akshath,"indian indie,hindi indie,hindi pop",2023,2023-01-09,43,0,Sony Music / Big Bang Records Pvt. Ltd.,Indie_Beats,0.528,0.415,0,-11.882,0,0.036,0.856,0.0307,0.0995,0.333,81.0,4,192592
1HjYunwHNWb8YPgG5HJjnj,I Wanna Be Yours (Violin),I Wanna Be Yours (Violin),Dramatica,Dramatica,,2023,2023-07-25,61,0,Dramatic Violin,Soothing,0.324,0.537,11,-6.573,0,0.0298,0.771,0.305,0.245,0.217,134.9,4,121000
5tjwZLExAjnxs2rsRrVMLn,After You,After You,Yuka Nagase;Amane Uyama,Yuka Nagase,"japanese indie,hyperpop",2023,2023-05-26,15,0,汽元象レコード,YaNiMe,0.817,0.668,2,-6.85,1,0.194,0.0243,2.43e-06,0.193,0.746,95.003,4,219840
0EqczV3o6fwksegAavIHpX,LOVELY BASTARDS,LOVELY BASTARDS,ZWE1HVNDXR;yatashigang,ZWE1HVNDXR,"phonk,brazilian phonk,drift phonk",2023,2023-08-25,68,1,ZWE1HVNDXR,Phonk,0.613,0.81,1,-6.16,1,0.488,0.832,0.899,0.137,0.686,150.251,4,116104
2U6mFmBDjaAu6oCCDRpRet,斜陽,斜陽,Yorushika,Yorushika,"j-pop,j-rock,anime,japanese indie",2023,2023-05-08,67,0,Universal Music LLC,The_Dangers_In_My_Heart,0.786,0.45,5,-6.182,1,0.0453,0.0325,0.0,0.226,0.88,123.995,4,200186
3qujwlukYDnnW8YMhDuUMf,数センチメンタル,数センチメンタル,こはならむ,こはならむ,"anime,j-pop",2023,2023-04-10,43,0,avex trax,The_Dangers_In_My_Heart,0.694,0.664,11,-2.759,1,0.0323,0.349,0.0,0.204,0.64,117.999,4,186683
6hI3PnULFXwkOQSHLHNfOO,Where You Are - Zedd Remix,Where You Are (Zedd Remix),John Summit;HAYLA;Zedd,John Summit,"house,tech house,edm",2023,2023-07-28,59,0,Experts Only/Darkroom Records,Phonk,0.547,0.616,9,-6.451,0,0.043,0.0396,0.000144,0.13,0.0661,129.979,4,184649
3VpxEo6vMpi4rQ6t2WVVkK,Escape (feat. Hayla),Kx5,Kx5;deadmau5;Kaskade;HAYLA,Kx5,"melodic house,edm,progressive house,dubstep",2023,2023-03-17,70,0,mau5trap Recordings Limited / Arkade / Epicwin Ltd.,Phonk,0.659,0.798,9,-6.933,0,0.0749,0.175,0.000379,0.708,0.15,126.064,4,240445
0HJjUJtA8apuyM7rRuWQ7E,9mm,9mm,Memphis Cult;Groove Dealers;SPLYXER,Memphis Cult,"phonk,drift phonk",2023,2023-02-23,71,1,Memphis Cult,Phonk,0.737,0.915,0,-2.749,1,0.0412,0.00322,2.58e-05,0.084,0.304,154.964,4,86709
59alvnjzlbX6LaHhXGDZYv,Khwab,Khwab,Iqlipse Nova;Aditya A,Iqlipse Nova,"indian indie,hindi indie,hindi pop",2023,2023-03-02,65,0,Sony Music Entertainment India Pvt. Ltd.,Indie_Beats,0.697,0.315,10,-10.168,1,0.0503,0.932,0.0,0.392,0.659,113.695,4,158910
7vOmSP2647oNUGGEhWd1cr,Montagem Mysterious Game,Montagem Mysterious Game,LXNGVX,LXNGVX,"phonk,brazilian phonk",2023,2023-12-01,70,0,LANGA,Phonk,0.537,0.64,1,-10.441,1,0.104,0.146,0.878,0.157,0.222,130.051,4,103495
3SyDOTuzoU0QFCznjgrSFe,MONTAGEM - PR FUNK,MONTAGEM - PR FUNK,S3BZS;Mc Gw;Mc Menor Do Alvorada,S3BZS,"phonk,brazilian phonk,brazilian funk,funk carioca,funk bruxaria,brega funk",2023,2023-05-01,64,1,S3BZS,Phonk,0.878,0.804,9,-3.197,1,0.0499,0.749,0.0487,0.087,0.83,130.027,4,61673
5MQLDkiEagOTLKpfa59a06,Jadoo,Jadoo,Akshath,Akshath,"indian indie,hindi indie,hindi pop",2023,2023-03-09,51,0,Sony Music / Big Bang Records Pvt. Ltd.,Indie_Beats,0.614,0.468,9,-7.147,1,0.0275,0.732,3.81e-05,0.336,0.4,114.07,4,190601
5sHtSBMrHITVhXAGTAee1J,Nadiyon Sa,Nadiyon Sa,Mitraz,Mitraz,"indian indie,hindi indie,desi pop,desi,hindi pop",2023,2023-05-13,55,0,Mitraz Records,Indie_Beats,0.689,0.479,0,-7.935,0,0.0446,0.356,0.00531,0.119,0.598,98.992,4,160000
2JIzOc3HHo4MhiyZzhpBUV,Automotivo Bibi Fogosa,Automotivo Bibi Fogosa,Bibi Babydoll;Dj Brunin XM;KZA Produções,Bibi Babydoll,"phonk,brazilian phonk",2023,2023-11-10,74,1,WM Brazil,Phonk,0.721,0.848,9,-3.371,1,0.0266,0.26,2.11e-06,0.097,0.774,135.048,4,129799
7ofq7AcSmMCB2fKpj1iDoo,Tum Jaise Ho,Tum Jaise Ho,Utsavi Jha,Utsavi Jha,"indian indie,hindi indie",2023,2023-09-22,26,0,Universal Music India Pvt Ltd.,Indie_Beats,0.451,0.334,1,-10.754,1,0.0318,0.925,0.00011,0.104,0.455,159.714,3,250124
0aoN9BQostK81IFddJn8Ej,Chidiya,Chidiya,Vilen,Vilen,"hindi indie,desi pop",2023,2023-04-14,67,0,Universal Music India Pvt Ltd.,Indie_Beats,0.483,0.494,6,-8.56,1,0.0326,0.715,0.0,0.109,0.414,179.976,4,253333
38CMq8hlI8zIzGbENBBG1P,Tu Aazma,Tu Aazma,Garvit - Priyansh;JUNO;Priyansh Srivastava;Garvit Soni,Garvit - Priyansh,"indian indie,hindi indie",2023,2023-09-10,37,0,Garvit - Priyansh,Indie_Beats,0.367,0.246,1,-12.589,1,0.0427,0.906,0.0,0.122,0.336,173.406,3,198688
3euf8ftyX9tjpqXJgF5NlM,Mann,Mann,The Yellow Diary,The Yellow Diary,"indian indie,hindi indie",2023,2023-08-30,50,0,Sony Music India / Brown,Indie_Beats,0.715,0.43,6,-12.266,1,0.0467,0.879,0.025,0.0937,0.699,86.984,4,191015
6eqPTXbERj4fj48rKzT0TZ,Baavre Ho Gaye,Baavre Ho Gaye,Suzonn,Suzonn,"hindi indie,indian indie",2024,2024-05-02,37,0,Suzonn,Indie_Beats,0.45,0.467,0,-10.742,1,0.0332,0.248,0.00807,0.471,0.683,82.709,4,228614
5krdUoQBfXMlgiD2ufpvrt,MTG - RITMO ZELDA - Super Slowed,MTG - RITMO ZELDA,JXM;Polaris,JXM,"phonk,brazilian phonk",2024,2024-06-28,66,0,Polaris Records,Phonk,0.704,0.837,10,-5.083,1,0.354,0.422,0.502,0.0671,0.37,136.941,5,107093
42oFAKZp13nkMiEkDVGu7Q,Angel Music,girl EDM (disc 1),Ninajirachi;MGNA Crrrta,Ninajirachi,"hyperpop,electroclash,witch house,new rave",2024,2024-09-06,52,0,NLV Records,Phonk,0.697,0.87,10,-4.922,0,0.406,0.018,0.000927,0.372,0.644,141.92,4,127634
0Ga86OpGoHJ5XjyfxYc4ov,AVANGARD,AVANGARD,LONOWN,LONOWN,"phonk,witch house,electroclash",2024,2024-06-28,63,1,Armada Music,Phonk,0.51,0.877,10,0.181,1,0.0312,0.109,0.113,0.111,0.713,149.99,4,156843
4VL5XwfATZuAVTW471Wpro,FUNKED UP - SLOWED,FUNKED UP,xxanteria;isq,xxanteria,"phonk,brazilian phonk",2024,2024-01-19,68,0,25/7 Records LLC.,Phonk,0.755,0.927,11,0.254,0,0.0645,0.00288,0.925,0.0567,0.702,109.952,4,115348
6yIkBXij6NSjmRGRpQupqO,X-TALI,X-TALI,MXCCREE;DJ GL3CHEKY;MC PR,MXCCREE,"phonk,brazilian phonk,brega funk,brazilian funk",2024,2024-08-23,66,0,Tribal Trap,Phonk,0.488,0.964,7,0.379,1,0.0607,0.0116,1.39e-05,0.371,0.111,135.992,4,72352
03E0f4JneWZEtrQPU6EsIV,BLOODY! - ULTRA SLOWED,BLOODY!,M4GN;DJ Oliver Mendes,M4GN,"phonk,brazilian phonk",2024,2024-08-27,66,0,"M4GN, DJ Oliver Mendes",Phonk,0.715,0.775,1,-7.484,1,0.0818,0.715,0.00388,0.195,0.598,163.772,4,139384
1KCMF9fdF7sNE74R2V46af,You,Childish,Lane 8;Kasablanca,Lane 8,"melodic house,progressive house,deep house,melodic techno",2024,2024-09-27,67,0,This Never Happened,Phonk,0.549,0.749,2,-8.636,1,0.0364,0.169,0.349,0.132,0.126,124.041,4,254516
12CxO4DKn60OU9NPdVPYmy,on our own,on our own,Ordley,Ordley,stutter house,2024,2024-06-21,41,0,"Method 808, distributed by gamma.",Phonk,0.727,0.706,1,-5.584,1,0.266,0.102,0.618,0.208,0.574,140.037,4,178285
4oQVLOACv9GfeB9KcDRIo8,Wake Up,Wake Up,Alan Walker,Alan Walker,,2024,2024-07-31,46,0,Monstercat,Phonk,0.642,0.915,6,-5.153,0,0.0665,0.339,0.0573,0.18,0.222,105.024,4,173714
2A1aS3mwuGuX2yk1bgxOvA,Kisses (feat. bbyclose),Kisses (feat. bbyclose),BL3SS;CamrinWatsin;bbyclose,BL3SS,,2024,2024-03-22,83,0,Atlantic Records UK,Phonk,0.793,0.779,9,-4.609,0,0.0581,0.279,0.000311,0.314,0.687,142.002,4,138246
3Sv9eoZL7BD1UtcnMdeV7W,The Basement,The Basement,Kissimjau,Kissimjau,norwegian pop,2024,2024-11-15,38,0,Playground Music,Phonk,0.6,0.867,2,-4.37,1,0.0497,0.0016,0.526,0.203,0.55,174.042,4,136946
0q4442eIt44kTWEhkoTlh8,Safar,Safar,Bayaan;Sherazam,Bayaan,"indian indie,hindi indie,desi",2024,2024-10-03,75,0,Bayaan,Indie_Beats,0.627,0.557,6,-8.413,1,0.0745,0.619,0.000173,0.0648,0.597,104.079,4,216923
72NqtoCppciV4ijrLmQWUl,Raaston,Raaston,Shaur,Shaur,"hindi indie,indian indie",2024,2024-11-14,55,0,Indica Records,Indie_Beats,0.571,0.397,5,-9.349,1,0.0285,0.898,3.38e-05,0.196,0.371,130.785,3,187658
6Aj9XTMnSm5jv2bIKRxNbN,Jhim Jhimaune Aankha,Jhim Jhimaune Aankha,Ekdev Limbu,Ekdev Limbu,,2024,2024-12-01,56,0,Ekdev Limbu,Liked_Songs,0.496,0.41,10,-10.31,1,0.105,0.885,0.0409,0.121,0.253,116.108,5,206658
3pQOhRPdlf1g3o0tek8akx,Namami Shamishan,Namami Shamishan,Religious India,Religious India,"bhajan,devotional",2024,2024-02-23,67,0,Skyline Production And Entertainments,Liked_Songs,0.832,0.318,8,-11.799,1,0.0321,0.741,0.000498,0.0722,0.349,134.018,3,324168
4zdOY2zRsFjG2B8OMH17sJ,Parkha Na,Parkha Na,Sushant KC,Sushant KC,,2024,2024-02-02,55,0,NINE4,Liked_Songs,0.691,0.374,3,-11.623,1,0.0789,0.553,1.07e-05,0.113,0.381,151.954,4,242000
7iomJ39If7lmWmHVW97sSq,"Makhamali - From "" Oonko Sweater[The Woolen Sweater]""","Makhamali (From "" Oonko Sweater[The Woolen Sweater]"")",Sujan Chapagain;ArtMandu;Sunita Thegim,Sujan Chapagain,,2024,2024-12-26,57,0,ArtMandu,"Liked_Songs,Nepali_Gem",0.378,0.411,5,-10.757,1,0.0326,0.67,3.78e-06,0.0856,0.414,84.486,4,306000
0zZ86TrgtxtJVrFgBTI6SI,Shiv Kailash (Live in Mumbai),Shiv Kailash (Live in Mumbai),Rishab Rikhiram Sharma,Rishab Rikhiram Sharma,"bhajan,devotional",2024,2024-11-10,61,0,Des Records,Liked_Songs,0.384,0.405,2,-9.709,1,0.0309,0.68,0.0,0.0922,0.25,93.648,3,460000
620OQL1u31pVipOAQcs9yD,Shiv Panchakshar Stotra,Shiv Panchakshar Stotra,Religious India,Religious India,"bhajan,devotional",2024,2024-04-29,62,0,Skyline Production And Entertainments,Liked_Songs,0.687,0.484,1,-12.587,1,0.028,0.824,0.00179,0.0968,0.696,137.911,3,161044
0nw7lqE0z4hASkq2YLiJ8B,Ashutosh Shashank Shekhar,Ashutosh Shashank Shekhar,Religious India,Religious India,"bhajan,devotional",2024,2024-05-13,58,0,Skyline Production And Entertainments,Liked_Songs,0.811,0.322,3,-13.542,1,0.0294,0.736,7.68e-05,0.103,0.5,104.998,1,1010058
6IiWjepMqnEk8TFNHPH4VK,"Mathi Mathi Pantharai ma - From "" Oonko Sweater[The Woolen Sweater]""","Mathi Mathi Pantharai ma (From "" Oonko Sweater[The Woolen Sweater]"")",Sujan Chapagain;ArtMandu,Sujan Chapagain,,2024,2024-12-26,42,0,ArtMandu,Nepali_Gem,0.314,0.135,5,-16.592,1,0.0421,0.904,1.29e-06,0.118,0.353,118.025,4,81562
5EuI6Zyz3kuFiv4JLhhbR1,Phool Oonko Sweater,Phool Oonko Sweater,Sujan Chapagain;ArtMandu,Sujan Chapagain,,2024,2024-02-15,57,0,ArtMandu,Nepali_Gem,0.356,0.284,7,-12.388,1,0.0307,0.856,0.000123,0.148,0.336,139.272,3,302015
6ROaRGDkFPTRkDa68JV5Am,Bagaicha Ma,Bagaicha Ma,Subodh KC,Subodh KC,,2024,2024-09-09,50,0,Audio Sound,Nepali_Gem,0.487,0.128,7,-16.812,1,0.0447,0.715,1.2e-06,0.0916,0.312,91.074,4,192170
4sTlQPMyoFMPdhAJvErBN3,PASSO BEM SOLTO - Slowed,PASSO BEM SOLTO,ATLXS,ATLXS,"phonk,brazilian phonk",2024,2024-04-23,82,0,broke,Phonk,0.602,0.867,1,-5.698,0,0.0312,0.00702,0.00442,0.259,0.399,115.899,4,116072
2QOKKcttlDxX3kjiC0aaD6,Predator,Brute,Mital Hardik Singot,Mital Hardik Singot,bhojpuri pop,2024,2024-10-15,50,1,Mital Hardik Singot,Phonk,0.798,0.935,8,-3.235,1,0.297,0.0712,0.23,0.0276,0.891,168.155,4,124419
7IBqHkoP94VrgYKVns4eNz,FUNK DO BOUNCE (Slowed),FUNK DO BOUNCE (Slowed),Ariis,Ariis,"phonk,brazilian phonk",2024,2024-08-30,76,0,Tribal Trap,Phonk,0.818,0.92,6,2.194,0,0.0716,0.111,0.00122,0.0879,0.793,110.449,4,107539
2r5BsQ93MzyPILYaottKrG,PASSO BEM SOLTO,PASSO BEM SOLTO,ATLXS,ATLXS,"phonk,brazilian phonk",2024,2024-04-23,71,0,broke,Phonk,0.59,0.856,6,-5.346,1,0.0305,0.00176,0.00226,0.26,0.556,130.033,4,103403
43jExF2HeZ6cJIGrWF0ie4,Funk de Beleza - Slowed,Funk de Beleza,Nateki;Scythermane;MC MAYAH,Nateki,"phonk,drift phonk,brazilian phonk,funk",2024,2024-10-04,73,1,Nateki,Phonk,0.743,0.838,9,0.195,0,0.0755,0.168,0.0683,0.101,0.848,105.927,4,145115
4aT2W9wchQKAimxVFSRIva,SPOOKY,SPOOKY,fennecxx;DJ ALEX,fennecxx,"phonk,brazilian phonk",2024,2024-10-24,63,1,Lunar Media,Phonk,0.645,0.907,8,-1.85,0,0.18,0.0157,0.0538,0.452,0.357,130.131,4,96923
67smGwuPEtA6GAfeweAVNO,SLAY!,SLAY!,Eternxlkz,Eternxlkz,"phonk,brazilian phonk",2024,2024-03-15,74,1,Eternxlkz,Phonk,0.681,0.773,1,-4.706,1,0.0345,0.0863,0.734,0.0978,0.504,129.923,4,107076
1zzejMGRYKP5XOa3FmzXfa,"Katchi Sera - From ""Think Indie""","Katchi Sera (From ""Think Indie"")",Sai Abhyankkar,Sai Abhyankkar,"tamil indie,tamil pop,kollywood",2024,2024-01-22,72,0,Think Music,Southie,0.765,0.642,7,-8.48,0,0.115,0.243,0.00104,0.339,0.822,148.465,3,181818
0MTdYgTZ25sLCO6kVnDoje,"Aasa Kooda - From ""Think Indie""","Aasa Kooda (From ""Think Indie"")",Sai Abhyankkar;Sai Smriti,Sai Abhyankkar,"tamil indie,tamil pop,kollywood",2024,2024-06-13,74,0,Think Music,Southie,0.675,0.537,5,-9.401,1,0.0352,0.48,0.00112,0.12,0.534,98.003,4,215510
4Equ5LEIUjA1pKLprqfF9n,"Kutty Kudiye (From ""Premalu"")","Kutty Kudiye (From ""Premalu"")",Vishnu Vijay;Suhail Koya;Sanjith Hegde,Vishnu Vijay,"malayalam pop,mollywood,malayalam hip hop,kannada pop,sandalwood",2024,2024-01-05,58,0,Bhavana Studios,Southie,0.814,0.571,0,-8.251,1,0.109,0.354,5.84e-05,0.137,0.513,97.994,4,184836
2ezMnGfGww3WSOJp7TwI1N,blue,blue,yung kai,yung kai,,2024,2024-08-02,0,0,ykw,YaNiMe,0.746,0.317,4,-11.982,1,0.0342,0.933,0.0186,0.121,0.585,97.49,3,214357
0kFVB5NkRjIOaNcOfR5Lk1,"Makane - From ""Vaazha""","Makane (From ""Vaazha"")",Parvatish Pradeep;Sooraj Santhosh;B.K. Harinarayanan,Parvatish Pradeep,"malayalam pop,mollywood,tollywood",2024,2024-08-14,55,0,Think Music,Southie,0.45,0.213,1,-11.739,1,0.0279,0.813,0.0802,0.0712,0.108,104.991,4,272142
3qXHJ7BfnsU7reHngWMI4f,"Thenkizhakku - From ""Vaazhai""","Thenkizhakku (From ""Vaazhai"")",Santhosh Narayanan;Dhee;Yugabharathi,Santhosh Narayanan,"tamil pop,kollywood,tamil hip hop,tamil dance,tollywood",2024,2024-07-18,60,0,Think Music,Southie,0.763,0.573,11,-6.743,1,0.117,0.141,0.032,0.348,0.356,96.03,4,262656
6hZGsChumRhWG24OEh698c,Ela Joga na Hora,Ela Joga na Hora,Mc Pogba;DJ Guih Da ZO,Mc Pogba,"phonk,brazilian phonk,brazilian funk",2024,2024-03-28,66,1,SUNDAY,Phonk,0.949,0.669,2,-3.922,0,0.222,0.36,0.000592,0.169,0.843,130.05,4,132922
5bUGTPa2WYYS9P49MzAljd,Beautiful Nightmare,Neon Nights,Alan Walker;bludnymph,Alan Walker,,2024,2024-08-07,61,0,Monstercat,Phonk,0.646,0.962,8,-4.148,0,0.0485,0.0853,0.000838,0.493,0.685,161.042,4,167855
60AVJqYgyAlCckC6Nh2tgO,X-SLIDE,X-SLIDE,2KE;808iuli,2KE,"phonk,brazilian phonk",2024,2024-05-10,68,0,broke,Phonk,0.531,0.991,1,1.047,1,0.102,0.118,0.926,0.156,0.961,145.054,4,79452
2FAZskT9yRjp2Oow9szJD8,The Days - NOTION Remix,The Days (NOTION Remix),Chrystal;NOTION,Chrystal,"bassline,bass house,uk garage,drum and bass",2024,2024-11-08,87,0,Polydor Records,Phonk,0.62,0.843,6,-5.321,0,0.0844,0.0062,4.63e-06,0.55,0.237,137.812,4,233229
6fxeXlCSt4WLVlbqxgUBMB,Funk of Galáctico,Funk of Galáctico,SXID;Bibi Babydoll,SXID,"phonk,brazilian phonk",2024,2024-04-05,65,1,SXID,Phonk,0.609,0.967,5,-4.192,1,0.0662,0.0181,0.0761,0.374,0.0989,130.06,4,90461
3jMnqeT4NZb50RccpZ7prO,SPOOKY,SPOOKY,fennecxx;DJ ALEX,fennecxx,"phonk,brazilian phonk",2024,2024-10-25,72,1,Lunar Media,Phonk,0.631,0.944,8,-1.811,0,0.0783,0.0094,0.0138,0.587,0.508,130.024,4,96923
38dHd7r4mSSVhRvVulD1na,SPACE! - Super Slowed,SPACE!,NAOMI;DRAWMEDEATH,NAOMI,"phonk,brazilian phonk",2024,2024-04-26,70,0,NAOMI,Phonk,0.71,0.885,9,-0.23,1,0.0275,0.000642,0.755,0.15,0.9,105.427,4,109848
5VZ0soW5syQfefCUj603DW,MASHA ULTRAFUNK,MASHA ULTRAFUNK,HISTED;TXVSTERPLAYA,HISTED,"phonk,brazilian phonk",2024,2024-03-07,68,0,broke,Phonk,0.652,0.891,10,1.808,0,0.0368,0.001,0.0148,0.336,0.576,100.265,4,93650
0ePdvQb4qFBA9Ps1QZwhMu,hypnotic - super slowed,hypnotic,isq,isq,"phonk,brazilian phonk",2024,2024-05-31,73,0,isq,Phonk,0.731,0.921,11,-1.065,0,0.174,0.00031,0.894,0.145,0.0504,95.272,4,120796
06PqeO7IInus2yvzsZwZhf,CUTE DEPRESSED,CUTE DEPRESSED,Dyan Dxddy,Dyan Dxddy,"phonk,brazilian phonk",2024,2024-02-02,71,0,ALT:Vision Records,Phonk,0.83,0.919,10,-2.12,0,0.145,0.503,0.748,0.0757,0.848,151.221,4,96946
7livoZ5D5L93Rd1GWzdjQm,GLORY,GLORY,Ogryzek,Ogryzek,"phonk,brazilian phonk",2024,2024-05-24,76,0,Sketch Music,Phonk,0.331,0.765,1,-6.789,1,0.0298,0.000421,0.879,0.109,0.0923,171.455,4,149522
4TPzlNgzfy026ndNAvVDsm,Eu Sento Gabu!,Eu Sento Gabu!,PXLWYSE,PXLWYSE,"phonk,brazilian phonk",2024,2024-04-19,71,1,Duetti,Phonk,0.575,0.882,11,-3.948,1,0.0317,0.000465,0.71,0.11,0.758,129.977,4,83755
0Te5HOIalCkHM4Mxi19C3b,I think dearly of you,TVアニメ「僕の心のヤバイやつ」オリジナルサウンドトラック,kensuke ushio,kensuke ushio,anime,2024,2024-03-27,25,0,avex pictures,The_Dangers_In_My_Heart,0.398,0.16,0,-12.255,1,0.0443,0.966,0.563,0.0755,0.193,119.8,4,191238
4ZNYAf1OuvP1m1kpGJhDwW,the dangers in our hearts,TVアニメ「僕の心のヤバイやつ」オリジナルサウンドトラック,kensuke ushio,kensuke ushio,anime,2024,2024-03-27,35,0,avex pictures,The_Dangers_In_My_Heart,0.361,0.175,2,-14.922,1,0.0454,0.898,0.919,0.0694,0.068,126.353,4,214366
25EjH8afEtEVAo545MsfOi,Dear sunrise,Dear sunrise,Maki Otsuki,Maki Otsuki,anime,2024,2024-01-08,49,0,avex pictures,YaNiMe,0.555,0.575,2,-5.058,1,0.0368,0.375,3.78e-05,0.289,0.651,136.965,4,219386
4N9iXiStXDsfS8a5yshYvG,jealous,TVアニメ「僕の心のヤバイやつ」オリジナルサウンドトラック,kensuke ushio,kensuke ushio,anime,2024,2024-03-27,11,0,avex pictures,The_Dangers_In_My_Heart,0.86,0.493,5,-11.638,0,0.0482,0.089,0.67,0.136,0.94,100.012,4,118058
4HsYIBuVFFl3bCLy4LHoz6,farewell address,TVアニメ「僕の心のヤバイやつ」オリジナルサウンドトラック,kensuke ushio,kensuke ushio,anime,2024,2024-03-27,18,0,avex pictures,The_Dangers_In_My_Heart,0.538,0.281,7,-17.842,1,0.028,0.964,0.954,0.149,0.178,84.983,3,86232
6Xg0OCVm274nPUgoWT5zXy,our emotions,TVアニメ「僕の心のヤバイやつ」オリジナルサウンドトラック,kensuke ushio,kensuke ushio,anime,2024,2024-03-27,20,0,avex pictures,The_Dangers_In_My_Heart,0.521,0.167,2,-16.278,1,0.0278,0.882,0.0563,0.0924,0.0374,139.911,4,131765
52IWvMVLGm3W0mJhUwVabX,a thing,TVアニメ「僕の心のヤバイやつ」オリジナルサウンドトラック,kensuke ushio,kensuke ushio,anime,2024,2024-03-27,21,0,avex pictures,The_Dangers_In_My_Heart,0.784,0.243,2,-20.201,1,0.052,0.969,0.939,0.13,0.321,139.973,4,93680
6xciEHPJwWt5W5k6huau1B,shoot,TVアニメ「僕の心のヤバイやつ」オリジナルサウンドトラック,kensuke ushio,kensuke ushio,anime,2024,2024-03-27,18,0,avex pictures,The_Dangers_In_My_Heart,0.587,0.476,2,-8.57,1,0.0339,0.548,0.91,0.0588,0.316,114.974,3,109730
4j0kAs3HIWr7z55t8gdLJ5,seriously troubled,TVアニメ「僕の心のヤバイやつ」オリジナルサウンドトラック,kensuke ushio,kensuke ushio,anime,2024,2024-03-27,16,0,avex pictures,The_Dangers_In_My_Heart,0.558,0.311,11,-15.96,0,0.034,0.972,0.955,0.0859,0.126,119.989,4,131840
2eXnJGCCHEfV34Z49dkHzS,come running,TVアニメ「僕の心のヤバイやつ」オリジナルサウンドトラック,kensuke ushio,kensuke ushio,anime,2024,2024-03-27,15,0,avex pictures,The_Dangers_In_My_Heart,0.609,0.515,4,-10.96,0,0.029,0.722,0.832,0.282,0.146,100.036,3,111272
4gEmHEtGiaArzYwMiMPHzC,suspicious relationships,TVアニメ「僕の心のヤバイやつ」オリジナルサウンドトラック,kensuke ushio,kensuke ushio,anime,2024,2024-03-27,11,0,avex pictures,The_Dangers_In_My_Heart,0.6,0.934,0,-6.652,1,0.0476,0.000184,0.944,0.0662,0.451,119.993,4,93886
0q57AmGlAqsyXtDO8sboBb,BAD PARENTING FUNK V2 - Ultra Slowed,BAD PARENTING FUNK V2,Sayfalse;DJ CEREJASS;ßino;Lyke,Sayfalse,"phonk,brazilian phonk,funk",2024,2024-10-21,56,0,0to8,Phonk,0.811,0.548,4,-3.341,0,0.129,0.402,0.591,0.107,0.415,145.857,3,109388
3Vn1b7EolQzTqoJCCEnS3Q,Not My Problem Funk,Not My Problem Funk,DJZRX,DJZRX,"phonk,brazilian phonk",2024,2024-08-14,66,0,Tribal Trap,Phonk,0.748,0.812,11,-3.405,0,0.117,0.204,0.341,0.142,0.516,129.989,4,88629
0VAeFJybwdYFrLpAgm480Y,FUNK INFERNAL (SLOWED),FUNK INFERNAL (SLOWED),DYGO;Mxng0,DYGO,"phonk,brazilian phonk",2024,2024-09-27,65,0,Tribal Trap,Phonk,0.725,0.917,1,-1.313,0,0.0536,0.0074,0.933,0.372,0.117,110.126,4,106363
1mGe9BD3NBL1FVFrHRAfPo,two of us,TVアニメ「僕の心のヤバイやつ」オリジナルサウンドトラック,kensuke ushio,kensuke ushio,anime,2024,2024-03-27,21,0,avex pictures,The_Dangers_In_My_Heart,0.523,0.121,2,-18.196,1,0.042,0.922,0.142,0.0758,0.12,59.824,4,134840
1T9L1YOI4xmfChATQdR6Zk,I will come to you,TVアニメ「僕の心のヤバイやつ」オリジナルサウンドトラック,kensuke ushio,kensuke ushio,anime,2024,2024-03-27,21,0,avex pictures,The_Dangers_In_My_Heart,0.535,0.392,4,-9.615,0,0.0248,0.478,0.95,0.0869,0.381,100.036,4,102674
4uuPP1MISG1QWNPFNzc3y9,damn it!,TVアニメ「僕の心のヤバイやつ」オリジナルサウンドトラック,kensuke ushio,kensuke ushio,anime,2024,2024-03-27,12,0,avex pictures,The_Dangers_In_My_Heart,0.729,0.625,5,-10.395,0,0.212,0.659,0.878,0.0832,0.965,160.073,4,78978
2TOSW539hHQJ0Fs00i8fzS,heart beating/fast,TVアニメ「僕の心のヤバイやつ」オリジナルサウンドトラック,kensuke ushio,kensuke ushio,anime,2024,2024-03-27,11,0,avex pictures,The_Dangers_In_My_Heart,0.741,0.167,6,-18.101,0,0.161,0.15,0.409,0.0874,0.475,160.035,4,102616
2OjnNNyTObjny8qp9hPiPX,anxiety and relief,TVアニメ「僕の心のヤバイやつ」オリジナルサウンドトラック,kensuke ushio,kensuke ushio,anime,2024,2024-03-27,11,0,avex pictures,The_Dangers_In_My_Heart,0.642,0.114,6,-11.204,0,0.0426,0.52,0.0167,0.0821,0.204,139.993,4,123112
0hnCXdM4WJax57WNjAJnjG,milk tea,TVアニメ「僕の心のヤバイやつ」オリジナルサウンドトラック,kensuke ushio,kensuke ushio,anime,2024,2024-03-27,30,0,avex pictures,The_Dangers_In_My_Heart,0.502,0.211,0,-14.53,1,0.0339,0.775,0.237,0.0776,0.117,70.051,4,122602
1Ddu8t2Yhv6ybxdT2ANqLh,sweet devil,TVアニメ「僕の心のヤバイやつ」オリジナルサウンドトラック,kensuke ushio,kensuke ushio,anime,2024,2024-03-27,26,0,avex pictures,The_Dangers_In_My_Heart,0.581,0.122,2,-25.231,1,0.0434,0.975,0.936,0.0916,0.281,159.923,4,126669
6xw3q53A4pC9HaBOGSj7Kh,missing,TVアニメ「僕の心のヤバイやつ」オリジナルサウンドトラック,kensuke ushio,kensuke ushio,anime,2024,2024-03-27,21,0,avex pictures,The_Dangers_In_My_Heart,0.125,0.0192,7,-32.984,1,0.0454,0.989,0.955,0.0944,0.0618,77.683,4,153493
1glgD58BAfCDhAhXZWxvhP,a date for two,TVアニメ「僕の心のヤバイやつ」オリジナルサウンドトラック,kensuke ushio,kensuke ushio,anime,2024,2024-03-27,13,0,avex pictures,The_Dangers_In_My_Heart,0.798,0.764,0,-6.415,1,0.0287,0.711,0.859,0.0798,0.723,120.045,4,134560
149LDhZONuWipTMFqs12vX,memories,TVアニメ「僕の心のヤバイやつ」オリジナルサウンドトラック,kensuke ushio,kensuke ushio,anime,2024,2024-03-27,18,0,avex pictures,The_Dangers_In_My_Heart,0.794,0.128,2,-17.048,1,0.0391,0.88,0.807,0.0971,0.223,140.035,4,156002
4G5Uel05542IHjKJJRTM8O,our gradation,TVアニメ「僕の心のヤバイやつ」オリジナルサウンドトラック,kensuke ushio,kensuke ushio,anime,2024,2024-03-27,15,0,avex pictures,The_Dangers_In_My_Heart,0.461,0.061,7,-26.321,1,0.0374,0.985,0.862,0.122,0.234,75.037,3,125690
6ixWjcP2EWQQpHw8Bz5KsL,sigh…,TVアニメ「僕の心のヤバイやつ」オリジナルサウンドトラック,kensuke ushio,kensuke ushio,anime,2024,2024-03-27,11,0,avex pictures,The_Dangers_In_My_Heart,0.82,0.283,0,-8.654,1,0.0882,0.0308,0.102,0.0745,0.871,100.003,4,81520
2dRtpuFuxJlAKS8Gf32QJv,gentle ending,TVアニメ「僕の心のヤバイやつ」オリジナルサウンドトラック,kensuke ushio,kensuke ushio,anime,2024,2024-03-27,17,0,avex pictures,The_Dangers_In_My_Heart,0.725,0.0982,5,-22.297,1,0.0426,0.988,0.948,0.089,0.186,100.005,4,113853
5CO6euIDZ4jge0a7nqsVVG,go straight,TVアニメ「僕の心のヤバイやつ」オリジナルサウンドトラック,kensuke ushio,kensuke ushio,anime,2024,2024-03-27,20,0,avex pictures,The_Dangers_In_My_Heart,0.369,0.0413,2,-22.959,1,0.05,0.977,0.0915,0.118,0.077,70.128,5,74570
4qtBBH7SNNtrcNH4iXyKKU,grow apart?,TVアニメ「僕の心のヤバイやつ」オリジナルサウンドトラック,kensuke ushio,kensuke ushio,anime,2024,2024-03-27,18,0,avex pictures,The_Dangers_In_My_Heart,0.461,0.216,11,-24.542,0,0.0321,0.984,0.894,0.115,0.51,179.912,3,106552
6XEi1D0pK8rU1Yj11ARhFY,happiness,TVアニメ「僕の心のヤバイやつ」オリジナルサウンドトラック,kensuke ushio,kensuke ushio,anime,2024,2024-03-27,25,0,avex pictures,The_Dangers_In_My_Heart,0.577,0.268,3,-18.279,0,0.0584,0.895,0.946,0.287,0.599,180.068,4,140101
6E2akbIZA6dqWYFyM19ClS,from the bottom of my heart,TVアニメ「僕の心のヤバイやつ」オリジナルサウンドトラック,kensuke ushio,kensuke ushio,anime,2024,2024-03-27,21,0,avex pictures,The_Dangers_In_My_Heart,0.298,0.063,0,-19.894,1,0.0499,0.986,0.935,0.127,0.0424,139.821,4,106010
03MpxiFkwFQVwaM9la2Yyn,hearts get closer,TVアニメ「僕の心のヤバイやつ」オリジナルサウンドトラック,kensuke ushio,kensuke ushio,anime,2024,2024-03-27,29,0,avex pictures,The_Dangers_In_My_Heart,0.602,0.0431,2,-25.689,1,0.0467,0.966,0.83,0.0796,0.062,139.979,5,95688
7m24ko8usViPQ44OVZzo0i,gentle heart,TVアニメ「僕の心のヤバイやつ」オリジナルサウンドトラック,kensuke ushio,kensuke ushio,anime,2024,2024-03-27,23,0,avex pictures,The_Dangers_In_My_Heart,0.694,0.0385,6,-24.589,1,0.062,0.987,0.964,0.0971,0.075,120.046,4,107210
3ogMHJ2TPI92KU5z1BTL1X,restless heart,TVアニメ「僕の心のヤバイやつ」オリジナルサウンドトラック,kensuke ushio,kensuke ushio,anime,2024,2024-03-27,25,0,avex pictures,The_Dangers_In_My_Heart,0.477,0.211,5,-17.922,1,0.0348,0.966,0.932,0.0895,0.132,149.989,4,133749
09Yec4EIwKbgq61nbyly6I,bad vibes,TVアニメ「僕の心のヤバイやつ」オリジナルサウンドトラック,kensuke ushio,kensuke ushio,anime,2024,2024-03-27,20,0,avex pictures,The_Dangers_In_My_Heart,0.284,0.121,1,-23.262,1,0.0358,0.983,0.822,0.118,0.406,66.223,4,95560
2vdPsBAoFBoyb7qWQyoSEc,upset!,TVアニメ「僕の心のヤバイやつ」オリジナルサウンドトラック,kensuke ushio,kensuke ushio,anime,2024,2024-03-27,13,0,avex pictures,The_Dangers_In_My_Heart,0.686,0.894,10,-5.519,0,0.042,0.00282,0.627,0.0632,0.982,139.988,4,101397
4gwE7GFCR4TXLrd8wP1JkN,happy days,TVアニメ「僕の心のヤバイやつ」オリジナルサウンドトラック,kensuke ushio,kensuke ushio,anime,2024,2024-03-27,14,0,avex pictures,The_Dangers_In_My_Heart,0.865,0.336,0,-11.657,1,0.0882,0.574,0.923,0.114,0.969,110.01,4,113301
52CX0y6812kzZzKy742yyb,explanation,TVアニメ「僕の心のヤバイやつ」オリジナルサウンドトラック,kensuke ushio,kensuke ushio,anime,2024,2024-03-27,11,0,avex pictures,The_Dangers_In_My_Heart,0.738,0.654,11,-9.361,1,0.0643,0.00112,0.895,0.211,0.573,140.036,4,61130
2dUF0TVPkJAsZGXZbyyRZJ,in the classroom,TVアニメ「僕の心のヤバイやつ」オリジナルサウンドトラック,kensuke ushio,kensuke ushio,anime,2024,2024-03-27,13,0,avex pictures,The_Dangers_In_My_Heart,0.723,0.251,0,-10.958,1,0.0413,0.878,0.906,0.0824,0.609,120.036,4,70330
02aS18j3lIbwxZFwynd80x,snuggling up,TVアニメ「僕の心のヤバイやつ」オリジナルサウンドトラック,kensuke ushio,kensuke ushio,anime,2024,2024-03-27,19,0,avex pictures,The_Dangers_In_My_Heart,0.712,0.074,2,-22.17,1,0.405,0.993,0.907,0.0873,0.651,179.969,4,91674
7gfoX9ahfEnJbMBn0XwsYB,sadness,TVアニメ「僕の心のヤバイやつ」オリジナルサウンドトラック,kensuke ushio,kensuke ushio,anime,2024,2024-03-27,21,0,avex pictures,The_Dangers_In_My_Heart,0.557,0.00972,7,-23.91,1,0.0449,0.99,0.949,0.0885,0.307,60.408,4,113429
35AVkFesPfwWH4f2z2Xfkn,what should I do?,TVアニメ「僕の心のヤバイやつ」オリジナルサウンドトラック,kensuke ushio,kensuke ushio,anime,2024,2024-03-27,20,0,avex pictures,The_Dangers_In_My_Heart,0.599,0.137,9,-21.336,0,0.0619,0.989,0.94,0.138,0.0459,140.06,4,99760
2KZbHTYHSW4ch352aTEyaw,it begins,TVアニメ「僕の心のヤバイやつ」オリジナルサウンドトラック,kensuke ushio,kensuke ushio,anime,2024,2024-03-27,24,0,avex pictures,The_Dangers_In_My_Heart,0.746,0.134,2,-22.809,1,0.042,0.979,0.965,0.144,0.291,119.983,4,200320
1BTu44LGN8ecVjQUktWOFL,conflict,TVアニメ「僕の心のヤバイやつ」オリジナルサウンドトラック,kensuke ushio,kensuke ushio,anime,2024,2024-03-27,19,0,avex pictures,The_Dangers_In_My_Heart,0.763,0.243,7,-13.606,1,0.0524,0.983,0.892,0.0976,0.327,80.043,4,125757
5W5duoOxiCtmrVjdSX3ljX,true feeling,TVアニメ「僕の心のヤバイやつ」オリジナルサウンドトラック,kensuke ushio,kensuke ushio,anime,2024,2024-03-27,17,0,avex pictures,The_Dangers_In_My_Heart,0.397,0.456,5,-9.381,1,0.0299,0.783,0.32,0.323,0.083,74.913,4,131704
0AnMjJ7ny5oDPeO7XtaFan,can't stop looking at you,TVアニメ「僕の心のヤバイやつ」オリジナルサウンドトラック,kensuke ushio,kensuke ushio,anime,2024,2024-03-27,20,0,avex pictures,The_Dangers_In_My_Heart,0.376,0.339,2,-9.98,1,0.0351,0.638,0.351,0.134,0.0819,119.782,4,174757
56BZSVROHDzuiYM8C2Zv3y,FUNK INFERNAL,FUNK INFERNAL,DYGO;Mxng0,DYGO,"phonk,brazilian phonk",2024,2024-09-27,72,0,Tribal Trap,Phonk,0.6,0.977,7,-1.675,1,0.165,0.0061,0.916,0.171,0.376,130.068,4,90000
0OsIJ1ZY3fZIb5utt4j2jH,SPACE! - Slowed,SPACE!,NAOMI;DRAWMEDEATH,NAOMI,"phonk,brazilian phonk",2024,2024-04-26,59,0,NAOMI,Phonk,0.733,0.878,11,0.022,1,0.0317,0.00105,0.377,0.105,0.962,112.523,4,102861
62dL2rUkI4T7mAgwCVclJi,恋してる自分すら愛せるんだ,恋してる自分すら愛せるんだ,こはならむ,こはならむ,"anime,j-pop",2024,2024-01-08,46,0,avex trax,The_Dangers_In_My_Heart,0.719,0.566,7,-6.763,1,0.0536,0.447,0.0,0.105,0.588,127.988,4,212317
4JuliEnH9EGveGSeGNBtoG,†countdown to death†,TVアニメ「僕の心のヤバイやつ」オリジナルサウンドトラック,kensuke ushio,kensuke ushio,anime,2024,2024-03-27,15,0,avex pictures,The_Dangers_In_My_Heart,0.362,0.813,2,-9.44,0,0.0478,0.262,0.0552,0.103,0.162,150.146,4,100311
31bx28ahr4hEltqnjcKlzK,Yamada's theme,TVアニメ「僕の心のヤバイやつ」オリジナルサウンドトラック,kensuke ushio,kensuke ushio,anime,2024,2024-03-27,20,0,avex pictures,The_Dangers_In_My_Heart,0.878,0.291,0,-18.394,1,0.0679,0.991,0.91,0.146,0.943,110.001,4,81576
3QXjSWHvFCvfHGahHqHOIp,our conversation,TVアニメ「僕の心のヤバイやつ」オリジナルサウンドトラック,kensuke ushio,kensuke ushio,anime,2024,2024-03-27,17,0,avex pictures,The_Dangers_In_My_Heart,0.637,0.0419,2,-15.147,1,0.188,0.943,0.163,0.0928,0.462,116.821,4,140901
62fSiYJtBXdJMO6Ok4njJy,feeling conscious,TVアニメ「僕の心のヤバイやつ」オリジナルサウンドトラック,kensuke ushio,kensuke ushio,anime,2024,2024-03-27,23,0,avex pictures,The_Dangers_In_My_Heart,0.441,0.0205,9,-24.538,1,0.0591,0.928,0.887,0.11,0.179,163.867,5,105061
1JCJlnIJGKiSUBrRjAbmTY,thinking,TVアニメ「僕の心のヤバイやつ」オリジナルサウンドトラック,kensuke ushio,kensuke ushio,anime,2024,2024-03-27,19,0,avex pictures,The_Dangers_In_My_Heart,0.348,0.0277,2,-21.557,0,0.0367,0.957,0.103,0.12,0.0392,119.909,4,154506
6iNQlvAuNopbg9rMcbxpFo,the shine,TVアニメ「僕の心のヤバイやつ」オリジナルサウンドトラック,kensuke ushio,kensuke ushio,anime,2024,2024-03-27,24,0,avex pictures,The_Dangers_In_My_Heart,0.423,0.227,2,-13.242,1,0.0365,0.881,0.854,0.0864,0.0873,80.037,4,116101
6agqhn63GgbV6J1dmqr7ID,the dangers in my heart,TVアニメ「僕の心のヤバイやつ」オリジナルサウンドトラック,kensuke ushio,kensuke ushio,anime,2024,2024-03-27,27,0,avex pictures,The_Dangers_In_My_Heart,0.631,0.00414,5,-28.054,1,0.0495,0.984,0.265,0.0789,0.137,120.492,4,171413
5uJOkhUYFa6kkDrlEmZk3D,「僕は...」,「僕は...」,Atarayo,Atarayo,j-pop,2024,2024-01-08,58,0,A.S.A.B,The_Dangers_In_My_Heart,0.422,0.924,2,-3.43,1,0.114,0.152,0.0,0.165,0.544,180.076,4,239761
1Vj7ZZgVpNIKqkC2bA9mpx,He's A Pirate (Save Me),He's A Pirate (Save Me),Gabry Ponte;Steve Aoki;KEL,Gabry Ponte,"italo dance,slap house,electro house,edm",2024,2024-08-02,66,0,Warner Music Central Europe,Phonk,0.336,0.935,2,-3.527,1,0.0727,0.00116,0.000121,0.319,0.235,143.892,4,153125
3HrHhTWonBqF4mDasi8xvC,BACKBONE,BACKBONE,Chase & Status;Stormzy,Chase & Status,"drum and bass,jungle,grime,uk grime,uk drill",2024,2024-08-08,74,1,EMI,Phonk,0.777,0.934,2,-0.959,1,0.254,0.285,3.86e-05,0.275,0.637,88.009,4,166448
39glDGcpBhLVMSsQhvtqHR,I Only Smoke When I Drink,I Only Smoke When I Drink,nimino,nimino,"stutter house,melodic house",2024,2024-08-22,78,0,Counter Records,Phonk,0.88,0.729,11,-6.378,0,0.176,0.334,0.0113,0.185,0.246,127.028,4,198425
69fbCB3rhoJKlOEKcWa267,Kana's theme,TVアニメ「僕の心のヤバイやつ」オリジナルサウンドトラック,kensuke ushio,kensuke ushio,anime,2024,2024-03-27,11,0,avex pictures,The_Dangers_In_My_Heart,0.777,0.623,2,-6.974,1,0.128,0.611,0.914,0.331,0.876,100.038,4,103581
7vCjTxOL3bHTntKje9dmO9,dokidoki,TVアニメ「僕の心のヤバイやつ」オリジナルサウンドトラック,kensuke ushio,kensuke ushio,anime,2024,2024-03-27,23,0,avex pictures,The_Dangers_In_My_Heart,0.523,0.0471,6,-23.427,1,0.034,0.972,0.694,0.0975,0.164,140.162,4,127528
6wp0ns4NKdMuDs1Fj64fiw,true,TVアニメ「僕の心のヤバイやつ」オリジナルサウンドトラック,kensuke ushio,kensuke ushio,anime,2024,2024-03-27,19,0,avex pictures,The_Dangers_In_My_Heart,0.627,0.128,0,-13.575,1,0.0315,0.899,0.0558,0.133,0.145,80.001,4,115368
3bmsaFp11I9pbicxzlStf3,nadaaniyan,nadaaniyan,Akshath,Akshath,"indian indie,hindi indie,hindi pop",2024,2024-05-19,69,0,Universal Music India Pvt Ltd.,Indie_Beats,0.698,0.334,6,-6.297,0,0.0291,0.721,0.0,0.0836,0.694,94.123,4,171063
0M0ANKNzmM4Odd7FNKghzW,"Akhiyaan Gulaab (From ""Teri Baaton Mein Aisa Uljha Jiya"")","Akhiyaan Gulaab (From ""Teri Baaton Mein Aisa Uljha Jiya"")",Mitraz,Mitraz,"indian indie,hindi indie,desi pop,desi,hindi pop",2024,2024-01-19,74,0,T-Series,Indie_Beats,0.763,0.587,8,-8.299,0,0.0381,0.358,6.03e-06,0.13,0.794,106.977,4,171147
02WKo37gebkkQKor2TCuTk,Beeper Funk - Slowed,Beeper Funk (Slowed),DJ Paulinho Mondi Da Baixa Baviera;Mc Vitorioso,DJ Paulinho Mondi Da Baixa Baviera,"phonk,brazilian phonk",2024,2024-08-09,67,0,All Ways Dance,Phonk,0.939,0.724,1,-0.467,1,0.0974,0.221,7.32e-05,0.3,0.894,123.022,4,103375
19xg284tQrdnm4zZGnajs0,Faz de Chicote,Faz de Chicote,Lyu;ITALO SENA;DJ PBeats;DJ VYZ,Lyu,"phonk,brazilian phonk,brazilian funk",2024,2024-09-17,67,1,DJ PBEATS,Phonk,0.79,0.56,6,-10.23,0,0.269,0.00852,0.000688,0.121,0.627,130.067,4,150569
5Uph2AVeAtXBBdNIBUKeB1,UH VEI VEI,UH VEI VEI,KREZUS,KREZUS,"phonk,brazilian phonk",2024,2024-10-04,64,0,KREZUS,Phonk,0.779,0.713,5,-5.253,0,0.0591,0.701,0.892,0.0803,0.599,129.96,4,90461
6yKJ79xxOazt97C09GvxSK,SLAVA FUNK!,SLAVA FUNK! (Remixes),MVSTERIOUS;Hxmr;yngastrobeatz.,MVSTERIOUS,"phonk,brazilian phonk",2024,2024-11-11,71,0,MNRC,Phonk,0.548,0.919,8,0.655,1,0.0567,0.00861,0.00527,0.103,0.308,104.089,4,113169
466x7CJlVwiFdNTLvIXwZl,FUNK UNIVERSO,FUNK UNIVERSO,Irokz,Irokz,"phonk,brazilian phonk",2024,2024-07-03,71,0,Rylaris Music Group,Phonk,0.503,0.874,7,-0.986,0,0.0508,0.0349,0.964,0.289,0.205,127.871,4,127500
7xsDWgQfb3szawKuUZyk5N,MAZKO,MAZKO,S4nri0;MC LyC4N,S4nri0,"phonk,brazilian phonk",2024,2024-10-25,68,0,broke,Phonk,0.709,0.565,5,-11.07,1,0.0975,0.708,0.344,0.15,0.709,130.195,4,75692
6xBpb9zNWlRHTslOAe6kXF,Slide da Treme Melódica v2,Slide da Treme Melódica v2,DJ FNK;Polaris,DJ FNK,"phonk,brazilian phonk",2024,2024-05-17,67,0,Polaris Records UK,Phonk,0.768,0.897,10,-0.522,1,0.126,0.0352,0.0,0.156,0.155,140.025,4,165107
6jHKYVdEP3LdDeXwCYMHAv,AUTOMOTIVO MANGOS,AUTOMOTIVO MANGOS,DJ BRZ 013,DJ BRZ 013,"phonk,brazilian phonk",2024,2024-06-21,65,1,"10X Records, LLC",Phonk,0.935,0.795,6,0.907,1,0.292,0.627,0.847,0.107,0.811,129.944,4,95066
6kJjlOWBwnDwIBsvlwTNIF,BAD PARENTING FUNK,BAD PARENTING FUNK,DJ CEREJASS;Sayfalse,DJ CEREJASS,"phonk,brazilian phonk,funk",2024,2024-10-22,65,0,0to8,Phonk,0.777,0.798,1,-0.705,1,0.247,0.66,0.0907,0.133,0.508,140.153,4,87834
5hL2t5WyC9bibNDVkhVvDx,NEXT!,NEXT!,NCTS,NCTS,"phonk,brazilian phonk",2024,2024-06-07,75,0,broke,Phonk,0.632,0.75,1,-2.219,0,0.0297,0.0894,0.0839,0.182,0.333,129.945,4,99692
6DI3lah2sebJfcVEYFwBQf,O Yaara - Trosk Remix,O Yaara (Trosk Remix),Kaavish;Trosk,Kaavish,"hindi indie,indian indie,ghazal,sufi,desi,tropical house",2024,2024-06-06,51,0,Giraffe Music,Indie_Beats,0.384,0.658,10,-6.297,1,0.0484,0.582,1.65e-05,0.108,0.287,140.142,4,243428
5ByLpy1feHoHXoM4IC4BvW,Paaro,Paaro,Aditya Rikhari,Aditya Rikhari,"hindi indie,indian indie,desi pop,hindi pop",2024,2024-03-26,72,0,Universal Music India Pvt Ltd.,Indie_Beats,0.623,0.424,6,-10.633,0,0.0665,0.552,3.3e-06,0.167,0.425,140.052,4,153214
0Yf9Tgv5f55njDQeuRUnQH,"Tenu Sang Rakhna (From ""Jigra"")","Tenu Sang Rakhna (From ""Jigra"")",Achint;Arijit Singh;Anumita Nadesan;Varun Grover,Achint,"gujarati garba,gujarati pop,hindi pop,bollywood,desi,bangla pop,indian indie,hindi indie,ghazal",2024,2024-10-03,70,0,Saregama India Ltd,Indie_Beats,0.604,0.354,2,-6.716,1,0.0249,0.845,0.000148,0.0921,0.277,110.036,4,249818
5Wf61wso1rDW8lvhX6Ccry,Ratiyaan,Ratiyaan,Hansika Pareek;Sagnik Kolay;Soham Majumdar,Hansika Pareek,"indian indie,hindi indie",2024,2024-07-23,63,0,StereoAux Entertainment Private Limited,Indie_Beats,0.633,0.373,1,-9.84,1,0.0459,0.924,4.17e-06,0.0877,0.559,97.388,4,175181
1TtX2QDYyCkJ0567Fanbas,Kehne Lagaa,Kehne Lagaa,Rushil Aswal,Rushil Aswal,"hindi indie,indian indie",2024,2024-09-07,64,0,Mashooriya Originals,Indie_Beats,0.591,0.414,8,-15.752,1,0.0403,0.85,0.000421,0.106,0.615,99.809,4,263550
1WXLlS4NR1Fzg44gF54ESK,Sukoon,Sukoon,gini,gini,"indian indie,hindi indie",2024,2024-07-10,49,0,Molfa,Indie_Beats,0.583,0.274,0,-9.778,0,0.0293,0.584,3.17e-05,0.126,0.378,121.859,4,186393
2Repz4eP8qEqOVz8CltLZ0,Baawra,Baawra,Kushagra;Tanishka Bahl;Akash Rajput,Kushagra,"indian indie,hindi indie,desi pop,hindi pop",2024,2024-08-09,62,0,EYP Creations,Indie_Beats,0.454,0.215,0,-14.226,1,0.0543,0.863,0.0,0.109,0.383,139.871,4,268000
487NdFWy4ie4r5xb0avzKw,Dilshad,Dilshad,Yawar Abdal;Sifar,Yawar Abdal,"indian indie,hindi indie,sufi",2024,2024-11-27,56,0,Universal Music India Pvt Ltd.,Indie_Beats,0.581,0.246,3,-13.097,0,0.0314,0.926,3.82e-06,0.195,0.315,139.848,3,223714
5zK7gzWMZlT4TUf2iN2Wjw,Dekha Hi Nahi,Uff,Osho Jain,Osho Jain,"hindi indie,indian indie",2024,2024-10-10,71,0,Osho Jain,Indie_Beats,0.569,0.221,4,-12.755,1,0.0595,0.791,0.0,0.101,0.384,156.24,4,221057
4XA2TXEycTQL3xhPV7L2kt,Savera,Savera,Iqlipse Nova;Anubha Bajaj,Iqlipse Nova,"indian indie,hindi indie",2024,2024-06-13,62,0,Sony Music India / Brown,Indie_Beats,0.775,0.418,6,-10.342,1,0.0327,0.527,0.0,0.108,0.822,108.057,4,143472
3anHs4ijBd3Iw0E0fBPwtH,Kashish,Kashish,Ashish Bhatia;Omkar Singh;Kashish Ratnani,Ashish Bhatia,,2024,2024-06-11,78,0,Sony Music India / Nine,Indie_Beats,0.785,0.576,0,-6.473,1,0.0747,0.256,0.0,0.109,0.47,96.043,4,193124
0eCajpR75pDW0r64U6hP2x,Jo Tum Mere Ho,Jo Tum Mere Ho,Anuv Jain,Anuv Jain,"indian indie,hindi indie,hindi pop",2024,2024-08-02,83,0,Universal Music India Pvt. Ltd. (on behalf of Anuv Jain),Indie_Beats,0.46,0.302,1,-12.934,0,0.0398,0.661,0.0,0.293,0.176,123.871,5,251813
6nRGPf5tpeJtKpXZO5cgIT,Paro,Paro,Aditya Rikhari;UNPLG'd,Aditya Rikhari,"hindi indie,indian indie,desi pop,hindi pop",2024,2024-11-12,79,0,Universal Music India Pvt Ltd.,Indie_Beats,0.694,0.292,10,-9.85,0,0.139,0.907,0.0,0.143,0.733,150.495,4,70400
01JcMZVoGUIWpCacWTiJzb,Jaadugari,Jaadugari,maahi;Shayra Apoorva,maahi,"indian indie,hindi indie",2024,2024-05-22,52,0,Saregama India Ltd,Indie_Beats,0.619,0.364,7,-9.447,1,0.127,0.288,0.0,0.322,0.422,169.708,4,153882
7hDoxkN20lLb06zifzYnD2,"Ishq - From ""Lost;Found""","Ishq (From ""Lost;Found"")",Faheem Abdullah;Rauhan Malik;Amir Ameer,Faheem Abdullah,"hindi pop,indian indie",2024,2024-03-09,71,0,Artiste First,Indie_Beats,0.383,0.547,4,-8.862,0,0.0275,0.423,0.0466,0.147,0.236,95.068,4,228639
4xjl6sWP6L2CxuuJ2Ue3U0,Tuu,Tuu,Akanksha Bhandari,Akanksha Bhandari,"indian indie,hindi indie,bhajan,devotional",2024,2024-05-17,37,0,Universal Music India Pvt. Ltd. (on behalf of Akanksha Bhandari),Indie_Beats,0.741,0.617,2,-7.226,1,0.0281,0.65,2.1e-06,0.264,0.491,107.993,4,190000
4ByPoS1tU7Gvbimkj29GQu,Laut Aao Na,Laut Aao Na,Hansika Pareek,Hansika Pareek,"indian indie,hindi indie",2024,2024-02-10,33,0,Quick Music,Indie_Beats,0.644,0.326,2,-10.336,1,0.0287,0.817,0.0,0.0915,0.108,109.95,1,227000
5ymkm3U65CzrLbij6eerzp,CLIMA LINDO - SLOWED,CLIMA LINDO,GXMZ;Repsaj,GXMZ,"phonk,brazilian phonk,funk",2025,2025-06-06,75,0,GXMZ,Phonk,0.85,0.39,6,-5.309,0,0.0895,0.729,0.202,0.0855,0.569,169.835,4,81995
5NIZYJQRhR00YEJgpCypWk,UNO Y SOLO - Super Slowed,UNO Y SOLO,svlient,svlient,"phonk,drift phonk,brazilian phonk",2025,2025-05-09,59,0,Diverse Records,Phonk,0.745,0.931,1,-0.921,1,0.0569,0.0344,0.149,0.106,0.515,110.039,4,98220
35egmKvIZbJjbirRX7OFGe,GOZALO - Slowed,GOZALO,Ariis,Ariis,"phonk,brazilian phonk",2025,2025-09-26,78,0,Tribal Trap,Phonk,0.778,0.645,6,-2.701,1,0.427,0.406,0.00166,0.16,0.827,78.202,3,120263
1RnPdd7EKKhKN3E4o4DRsh,MONTAGEM BAILÃO,MONTAGEM BAILÃO,Repsaj;MXZI;ATLXS;Mc Jhey,Repsaj,"phonk,brazilian phonk,funk,brazilian funk,funk bruxaria",2025,2025-04-04,77,1,repsaj,Phonk,0.67,0.976,1,-2.113,1,0.044,0.027,1.59e-06,0.124,0.34,130.103,4,103727
2UbLtO7CH3jhez0n2T7uDC,MONTAGEM COMA,MONTAGEM COMA,ANDROMEDA;elysian.,ANDROMEDA,"phonk,brazilian phonk",2025,2025-06-06,79,0,Elysian Records,Phonk,0.652,0.872,11,-2.616,1,0.0356,0.000285,0.759,0.117,0.731,120.052,4,73480
2r2vr5ujMEZN9hJzwwc6Jk,Montagem Supersonic,Montagem Supersonic,KHAOS;Jmilton;Mc Jajá,KHAOS,"phonk,brazilian phonk,funk",2025,2025-07-04,81,1,KHAOS,Phonk,0.568,0.926,0,-4.836,0,0.0532,0.0056,0.046,0.329,0.624,132.031,4,87816
2VGT3UYAMvZPh49w6qb0Zk,From The Start - Slowed,From The Start,-Prey;ZMAJOR;zxnc;Emrld!,-Prey,"phonk,brazilian phonk,funk",2025,2025-11-07,2,0,void,Phonk,0.873,0.73,1,-1.459,0,0.126,0.271,2.16e-05,0.237,0.894,95.218,4,90834
72YttnPRxyHe8zCG50jYhj,NO BATIDÃO - Slowed,NO BATIDÃO,ZXKAI;slxughter,ZXKAI,"phonk,brazilian phonk",2025,2025-09-05,85,1,ZXKAI,Phonk,0.642,0.951,2,0.614,1,0.0344,0.083,0.0,0.179,0.538,108.128,4,107933
54veCY5M8Y9k92idKlJZ44,SEMPERO - Slowed,SEMPERO,QMIIR,QMIIR,"phonk,brazilian phonk",2025,2025-07-25,70,0,Sketch Music LLC,Phonk,0.855,0.842,10,-3.068,0,0.0314,0.104,0.031,0.106,0.206,104.985,4,124000
395JBsYNNT60jOUDrkoUec,Priya Phool,Unko Sweater: The Woolen Sweater,Kobid Bazra;Bikesh Bazra;Deepson Putuwar;Kriti Nepali;Sujan Chapagain,Kobid Bazra,,2025,2025-06-02,37,0,Naad Music Group,Nepali_Gem,0.246,0.232,7,-14.132,1,0.0298,0.74,0.748,0.0721,0.141,137.003,3,176889
2Glr3HhyB8KLChU10qWAFk,Kafle,Kafle,Jhuma Limbu,Jhuma Limbu,,2025,2025-04-11,51,0,Jhuma Limbu,Nepali_Gem,0.698,0.414,7,-9.321,1,0.0444,0.822,0.0,0.346,0.347,129.824,4,221538
6ks7ANL4XwxwrAIcTODGo6,"Chainejo Jindaganima - From(""Oonko Sweater[The Woolen Sweater]"")",Chainejo Jindaganima,Sujan Chapagain;ArtMandu;Salina Bk,Sujan Chapagain,,2025,2025-05-11,55,0,Artmandu Nepal,Nepali_Gem,0.467,0.646,5,-10.382,1,0.0814,0.646,6.72e-06,0.111,0.599,175.823,3,263863
2ve1Mb0G8NcaiSiWJQl7JK,VAI VAI TRAIR,VAI VAI TRAIR,DJ Asul,DJ Asul,"phonk,brazilian phonk,funk",2025,2025-07-25,74,1,INTERTONE,Phonk,0.637,0.97,9,-0.56,0,0.0564,0.346,0.0,0.55,0.433,127.878,4,90351
11gZL0HigsqfzjTHOpdFjE,MENTE MÁ,MENTE MÁ,Nakama;Mc Staff,Nakama,"phonk,brazilian phonk,funk",2025,2025-05-16,80,0,void,Phonk,0.8,0.71,3,-2.922,0,0.0346,0.297,0.0902,0.0404,0.965,129.922,4,75302
1sEoiXscPwfpnfHZX0ynl3,LOUCURA LETAL - Ultra Slowed,LOUCURA LETAL,Nakama;Nxxkz,Nakama,"phonk,brazilian phonk,funk",2025,2025-09-12,67,0,void,Phonk,0.433,0.832,0,-1.342,1,0.0355,0.0624,0.0,0.206,0.48,184.014,4,115218
5R9FQXymzyhxjAYAkdbq5Q,ACELERADA,ACELERADA,sma$her;MXZI,sma$her,"phonk,brazilian phonk,funk",2025,2025-06-27,80,0,Tribal Trap,Phonk,0.727,0.714,5,-2.734,0,0.0287,0.171,1.12e-05,0.0739,0.732,130.084,4,61269
0ZBEsHnU3wGuah9XlElxmj,Saino साइनो (Official Audio),Saino साइनो (Official Audio),Bakemono Gurung,Bakemono Gurung,,2025,2025-10-02,50,0,BakemonoG,Nepali_Gem,0.492,0.329,6,-9.494,1,0.0348,0.856,2.22e-06,0.0842,0.274,150.161,3,228891
2yTIFb9JKmzJmrcTkbKB1t,Radha,Radha,Swoopna Suman;Abhigya Ghimire,Swoopna Suman,,2025,2025-04-28,52,0,Swoopna Suman,Nepali_Gem,0.475,0.44,3,-10.042,1,0.043,0.853,3.14e-06,0.152,0.332,167.947,3,351298
47RTQoh3pzjhWLUMllNRRJ,Deewaana Deewaana,Tere Ishk Mein,A.R. Rahman;Irshad Kamil,A.R. Rahman,"tamil pop,kollywood,bollywood,sufi,hindi pop,desi",2025,2025-11-12,81,0,T-Series,Hindie,0.665,0.852,11,-5.494,0,0.0416,0.152,0.000413,0.337,0.745,136.012,3,337233
3X8brnRnXeUWvNEfWObbYI,Oonko Sweater,Unko Sweater: The Woolen Sweater,Kobid Bazra;Bikesh Bazra;Deepson Putuwar;Kriti Nepali;Artmandu,Kobid Bazra,,2025,2025-06-02,5,0,Naad Music Group,Nepali_Gem,0.385,0.203,7,-12.635,1,0.0355,0.906,0.577,0.242,0.322,119.496,3,104307
6NPlUYCY1UoXvmfJRwXtnP,DREAM FUNK - Slowed,DREAM FUNK,LUMIX;KXRSED,LUMIX,"phonk,brazilian phonk,funk",2025,2025-12-31,69,0,GOAT / broke,Phonk,0.854,0.923,7,-1.829,1,0.128,0.197,0.000154,0.146,0.233,120.02,4,104000
2VcGydspMOKlVxhAbNapaH,Fendi 2 - Slowed,Fendi 2,Rakhim;Khim;ayv1o,Rakhim,phonk,2025,2025-10-10,62,0,SilentTrap,Phonk,0.82,0.452,1,-10.946,0,0.703,0.00211,1.4e-05,0.0957,0.561,209.639,4,96842
3N5cbnA6C2TYqVvWobo0jt,EL CONTROL - Slowed,EL CONTROL,M4GN,M4GN,"phonk,brazilian phonk",2025,2025-08-22,72,0,broke,Phonk,0.629,0.899,10,-4.949,0,0.0392,0.0128,0.00084,0.175,0.266,115.873,4,111900
1wOgtAfNr4ybN8SlUZS7bb,MONTAGEM RITMO ASTRAL (SLOWED),MONTAGEM RITMO ASTRAL,M4GN,M4GN,"phonk,brazilian phonk",2025,2025-04-18,71,0,Tribal Trap,Phonk,0.758,0.746,8,-6.697,1,0.0312,0.273,0.00776,0.181,0.974,77.9,4,125526
6OP023QvaLAW94Dkt3Yltr,FREIA - Slowed,FREIA,Brevis;Trihoof,Brevis,"brazilian phonk,g-house,phonk",2025,2025-12-19,56,0,Lacuna & Maniac Records LLC,Phonk,0.653,0.802,1,-4.06,0,0.0267,0.0199,0.00788,0.193,0.241,115.112,4,112619
586SiXQ5ri9HHmgh37LbY7,Sem Tempo - Slowed,Sem Tempo,SCARIONIX,SCARIONIX,"phonk,brazilian phonk",2025,2025-09-09,67,0,SCARIONIX,Phonk,0.692,0.674,0,-6.302,1,0.0266,0.000197,0.117,0.234,0.42,106.659,4,110254
3Ps8JNTwHxtRrqdhrUMjXb,LUZ ROJA - Super Slowed,LUZ ROJA,bxkq,bxkq,"phonk,brazilian phonk",2025,2025-11-28,67,0,Cresta La Cultura,Phonk,0.604,0.795,4,-1.418,0,0.0271,0.0704,0.0,0.187,0.237,100.013,4,137977
1W2I6JfEGm5FIJ0jsqZSuo,PERDIDO - Slowed,PERDIDO,SXYGX,SXYGX,"phonk,brazilian phonk",2025,2025-10-30,55,0,RioX Records,Phonk,0.687,0.942,1,-2.708,1,0.0312,0.174,0.518,0.117,0.353,106.118,4,121673
3sRLayspROqc62YZ0DhEdR,DOORS LIGHT FUNK - SLOWED,DOORS LIGHT FUNK,DJ VTTT77;DJ VYZ;Mc Rd,DJ VTTT77,"phonk,brazilian phonk,funk,brazilian funk,funk carioca,funk bruxaria",2025,2025-06-13,72,1,DJ VTTT77,Phonk,0.698,0.342,7,-15.925,1,0.0305,0.604,0.875,0.132,0.188,100.93,4,103495
7ByDLSDy1lJc6MvFmZR53W,Vem Vem - Slowed,Vem Vem,Jmilton;MC Xangai,Jmilton,"phonk,brazilian phonk,funk,funk de bh",2025,2025-05-30,62,1,Jmilton,Phonk,0.742,0.984,8,-0.863,1,0.155,0.151,1.2e-05,0.215,0.739,115.919,4,93366
63eP0T5gXN0xqp5xMrWhhs,NO ERA AMOR,NO ERA AMOR,DJ Asul,DJ Asul,"phonk,brazilian phonk,funk",2025,2025-08-26,55,0,INTERTONE,Phonk,0.586,0.918,1,-0.858,1,0.029,0.0336,0.0651,0.232,0.785,130.007,4,82915
7CIK3G9hCuBYmAupyTBf0g,MENTE MÁ - Slowed,MENTE MÁ,Nakama;Mc Staff,Nakama,"phonk,brazilian phonk,funk",2025,2025-05-16,68,0,void,Phonk,0.815,0.722,1,-3.458,0,0.0306,0.397,0.00828,0.0407,0.745,115.755,4,84526
78sepVck6zdrdCYyIY4M1p,MONTAGEM BAILÃO - Slowed,MONTAGEM BAILÃO,Repsaj;MXZI;ATLXS;Mc Jhey,Repsaj,"phonk,brazilian phonk,funk,brazilian funk,funk bruxaria",2025,2025-04-04,64,1,repsaj,Phonk,0.699,0.977,7,-3.235,1,0.046,0.0371,0.0,0.243,0.341,115.851,4,116575
7jqxHXlu3Ya7WF7lD7tIXj,MATADORA,MATADORA,DJ Asul,DJ Asul,"phonk,brazilian phonk,funk",2025,2025-09-19,81,0,INTERTONE,Phonk,0.697,0.872,10,-0.302,0,0.102,0.165,3.03e-06,0.289,0.608,130.226,4,88615
1kmSd5kmmv6pCSCvYBnNbl,AL NACER!,AL NACER!,Sayfalse;Nulteex,Sayfalse,"phonk,brazilian phonk,funk",2025,2025-04-25,72,0,PCR,Phonk,0.673,0.965,7,-1.633,0,0.0346,0.00915,0.00274,0.258,0.403,123.631,4,108656
094IjHeVUviN4aBnSXYsuj,DIA DELÍCIA,DIA DELÍCIA,Nakama;ΣP,Nakama,"phonk,brazilian phonk,funk",2025,2025-04-25,80,1,Nakama,Phonk,0.826,0.743,8,-3.721,1,0.0336,0.366,3.06e-06,0.0281,0.541,130.021,4,75461
4oFXV9F1OhUZy9cEGqrGHe,HOMAGE FUNK,HOMAGE FUNK,KIXIA;KREZUS;Mc Kaique SP,KIXIA,"phonk,brazilian phonk,funk",2025,2025-10-08,72,0,"KIXIA, KREZUS, Mc Kaique SP",Phonk,0.844,0.857,0,-1.968,1,0.0456,0.0495,0.645,0.228,0.479,130.016,4,121771
4CdFhK8D7bn5Qe6wvmuEwH,Fendi 2,Fendi 2,Rakhim;Khim;ayv1o,Rakhim,phonk,2025,2025-10-10,80,0,SilentTrap,Phonk,0.99,0.539,10,-9.03,1,0.154,0.00187,0.0,0.102,0.659,113.979,4,90526
2FnkrCrbXJuebXxnVtXiHI,Vem Vem,Vem Vem,Jmilton;MC Xangai,Jmilton,"phonk,brazilian phonk,funk,funk de bh",2025,2025-05-30,76,1,Jmilton,Phonk,0.723,0.987,9,-0.344,1,0.122,0.231,2.95e-05,0.144,0.553,129.997,4,83183
49t3uvN9hUNefdvtaD6HBj,LUNA BALA - Slowed,LUNA BALA,Yb Wasg'ood;Ariis;MC PR,Yb Wasg'ood,"phonk,brazilian phonk,brega funk,brazilian funk",2025,2025-04-18,79,0,void,Phonk,0.72,0.93,7,-1.518,0,0.0342,0.0157,0.878,0.368,0.283,110.071,4,124110
026OJSwDl3UOP4T8puJXj9,NO ERA AMOR - Slowed,NO ERA AMOR,DJ Asul,DJ Asul,"phonk,brazilian phonk,funk",2025,2025-08-26,74,0,INTERTONE,Phonk,0.623,0.909,11,-1.066,1,0.0334,0.124,0.00469,0.131,0.72,115.747,4,93066
6bwsvblZ0PyZt9eOKBCb34,MONTAGEM XONADA - Slowed,MONTAGEM XONADA,MXZI;Dj Samir;DJ Javi26,MXZI,"phonk,brazilian phonk,funk",2025,2025-07-02,65,0,Lunar Media,Phonk,0.549,0.95,4,-2.364,0,0.0411,0.113,0.0,0.394,0.576,115.858,4,84447
3XoLR9DrOjAsXftA6qH8qc,MONTAGEM ADEUS - SLOWED,MONTAGEM ADEUS,SYNN,SYNN,"phonk,brazilian phonk",2025,2025-08-29,48,0,Xcile Media,Phonk,0.487,0.858,4,-1.101,0,0.071,0.0231,0.0632,0.808,0.369,120.106,4,87750
7A5FfZD01BN8CmggEVFuUb,MONTAGEM COMA - Slowed,MONTAGEM COMA,ANDROMEDA;elysian.,ANDROMEDA,"phonk,brazilian phonk",2025,2025-06-06,64,0,Elysian Records,Phonk,0.676,0.875,7,-3.273,1,0.0318,0.00198,0.895,0.082,0.454,106.908,4,82480
6YAK1Sle1Wl7jOurqwWCfh,MONTAGEM CAMERA LENTA,MONTAGEM CAMERA LENTA,DJ DUARTE;DJ ORBITAL;Dj Rs,DJ DUARTE,"brazilian funk,funk bruxaria,phonk,brazilian phonk",2025,2025-10-10,49,1,Prime Funk,Phonk,0.726,0.772,4,-10.86,0,0.168,0.0585,0.00166,0.111,0.414,129.924,4,169850
3ThLp7YS0F2rWHJaiNDLdy,ESTA NOCHE,ESTA NOCHE,sma$her,sma$her,"phonk,brazilian phonk",2025,2025-06-20,67,0,Tribal Trap,Phonk,0.589,0.952,0,-2.188,1,0.0312,0.0212,0.714,0.337,0.371,131.012,4,68702
4OLGisfNPciEsrM54xZm9G,The birth,Dude - Side A (Original Score),Sai Abhyankkar,Sai Abhyankkar,"tamil indie,tamil pop,kollywood",2025,2025-12-02,38,0,Think Music,Southie,0.262,0.192,3,-16.128,0,0.0427,0.989,0.794,0.133,0.255,68.465,3,32000
5qXrFnaUK1qFV64LgL1sAJ,Muththa muththarame,Dude - Side A (Original Score),Sai Abhyankkar,Sai Abhyankkar,"tamil indie,tamil pop,kollywood",2025,2025-12-02,21,0,Think Music,Southie,0.138,0.364,3,-10.68,1,0.0368,0.832,0.0686,0.11,0.211,147.437,3,29538
31MiFR6sayInFEgBq3faDV,Nallaru Po × Oorum Blood – Orchestral Unplugged,Dude - Side B (Original Score),Sai Abhyankkar,Sai Abhyankkar,"tamil indie,tamil pop,kollywood",2025,2025-12-02,55,0,Think Music,Southie,0.212,0.31,10,-12.436,0,0.0504,0.897,0.231,0.121,0.13,113.242,5,77538
7EyTAAgH5jME3tKxbr8W12,MONTAGEM SANTA FE 2,MONTAGEM SANTA FE 2,qaraqshy;Dj B7 o Piranhão,qaraqshy,"phonk,brazilian phonk,funk",2025,2025-12-17,77,1,INTERTONE / 0to8,Phonk,0.821,0.976,3,2.225,0,0.0652,0.123,0.000269,0.241,0.964,129.974,4,105665
78HO14AQvQdcyntciSHgUK,Montagem Supersonic - Slowed,Montagem Supersonic,KHAOS;Jmilton;Mc Jajá,KHAOS,"phonk,brazilian phonk,funk",2025,2025-07-04,68,1,KHAOS,Phonk,0.586,0.93,10,-5.037,0,0.0474,0.0037,0.0139,0.137,0.534,117.628,4,98571
3DXxNFEYRt2Fro0mHBa4Qd,CLIMA LINDO,CLIMA LINDO,GXMZ;Repsaj,GXMZ,"phonk,brazilian phonk,funk",2025,2025-06-06,62,0,GXMZ,Phonk,0.822,0.464,7,-4.875,0,0.0717,0.677,0.592,0.0873,0.683,180.02,4,77392
37CaSYZIi8GMTtkvfP2nut,VOCE NA MIRA - Slowed,VOCE NA MIRA,Hwungii;DJ VGK1,Hwungii,"phonk,brazilian phonk,funk,funk rock",2025,2025-05-30,73,0,0to8,Phonk,0.619,0.75,7,-2.663,1,0.0324,5.78e-05,0.0,0.177,0.377,104.013,4,170919
7hCUHXMZknrymWCyeMx8B6,MONTAGEM RUGADA,MONTAGEM RUGADA,cape;JXNDRO;Sayfalse,cape,"phonk,brazilian phonk,funk",2025,2025-08-27,80,0,Zime Media AB,Phonk,0.514,0.975,2,-0.755,1,0.0538,0.0176,1.47e-05,0.136,0.663,130.051,4,92384
2Gs0iF27my40p0dANv2rAg,MONTAGEM XONADA,MONTAGEM XONADA,MXZI;Dj Samir;DJ Javi26,MXZI,"phonk,brazilian phonk,funk",2025,2025-07-02,83,0,Lunar Media,Phonk,0.524,0.971,6,-1.945,0,0.0504,0.0685,0.0,0.157,0.718,130.095,4,75682
4ZXj2cFkijPwyq1goIyrC3,MONTAGEM DANAÇÃO - Super Slowed,MONTAGEM DANAÇÃO,DARKANASE;ewyx;Dyan Dxddy,DARKANASE,"phonk,brazilian phonk",2025,2025-11-14,54,0,BIG Records,Phonk,0.767,0.909,6,-4.946,0,0.0568,0.128,0.00216,0.102,0.3,117.738,4,119299
6kamZOSWb8ahxRkrYARPNG,HEAVENLY JUMPSTYLE,HEAVENLY JUMPSTYLE,TWXNY;Sxilwix;INNXCENCE,TWXNY,"phonk,brazilian phonk",2025,2025-11-07,68,0,0to8,Phonk,0.661,0.867,1,-2.502,0,0.0452,0.142,0.00057,0.147,0.589,130.028,4,114461
4hdZooF26IGJ8AzsqAvlvj,LOUCURA LETAL - Slowed,LOUCURA LETAL,Nakama;Nxxkz,Nakama,"phonk,brazilian phonk,funk",2025,2025-09-12,73,0,void,Phonk,0.588,0.935,4,-0.948,0,0.0422,0.00768,0.0,0.368,0.405,115.756,4,91450
10qomjO8NneeeKl0A2XxWA,FUNK ROMÂNTICO,FUNK ROMÂNTICO,Ariis;DRKZN;DXMND,Ariis,"phonk,brazilian phonk",2025,2025-12-19,51,1,void,Phonk,0.83,0.953,6,-1.433,1,0.18,0.178,0.0,0.436,0.782,130.985,4,117272
3yqXW3gmqCyhhqDioJtTqJ,MONTAGEM TACADA,MONTAGEM TACADA,NXCLYPSE;ZETREX;MIDNIGHT,NXCLYPSE,"phonk,brazilian phonk",2025,2025-11-21,56,0,MIDNIGHT SHADOW MEDIA,Phonk,0.576,0.997,8,-2.167,1,0.105,0.000957,1.3e-05,0.246,0.64,129.971,4,84923
1nVfT0ohgEj73cJaExsloO,ULTIMA NOCHE!,ULTIMA NOCHE!,LXST DRAGON;Aditya Sharma,LXST DRAGON,"brazilian phonk,phonk",2025,2025-10-17,54,0,Unstoppable Records,Phonk,0.59,0.859,6,-1.04,1,0.0288,0.00159,0.142,0.217,0.795,123.041,4,112682
2qd8sLKzHzkntKPBijeAkv,MONTAGEM XONADA - Super Slowed,MONTAGEM XONADA,MXZI;Dj Samir;DJ Javi26,MXZI,"phonk,brazilian phonk,funk",2025,2025-07-02,64,0,Lunar Media,Phonk,0.566,0.867,2,-2.669,0,0.0369,0.188,0.0,0.138,0.558,103.264,4,94788
234KD55nuUtWSIvXFW1kJY,MONTAGEM PERIGOSA - Slowed,MONTAGEM PERIGOSA,KVRXD;SEKIMANE;Dj Samir,KVRXD,"phonk,brazilian phonk,funk",2025,2025-09-23,69,0,Lunar Media / Zime Media AB,Phonk,0.474,0.988,2,-0.306,1,0.0328,0.0052,0.000202,0.208,0.328,106.881,4,92041
1W9VNBag0ffSt4oPixJqj3,MONTAGEM REBOLA,MONTAGEM REBOLA,ATLXS;DJ FKU,ATLXS,"phonk,brazilian phonk",2025,2025-10-03,68,0,Tribal Trap,Phonk,0.512,0.96,11,-1.575,0,0.16,0.147,0.0,0.385,0.869,135.436,4,101333
6vlNWoIrFDRv36L4C2cMDy,MONTAGEM LADRAO - Slowed,MONTAGEM LADRAO,ATLXS;MXZI;Itamar Mc,ATLXS,"phonk,brazilian phonk,funk",2025,2025-02-05,67,1,ATLXS,Phonk,0.832,0.893,1,-9.084,1,0.181,0.0519,0.308,0.107,0.803,115.808,4,84471
3N9myNS3hIxP9iHzop3Tmg,Phantom Ride,Phantom Ride,Metito,Metito,phonk,2025,2025-12-24,51,0,Independent,Phonk,0.734,0.695,1,-12.401,1,0.0757,0.0128,0.733,0.0626,0.808,127.969,4,93959
57Ju5lrvYBZJvmxKFrtzSt,envy - slowed,envy,slxughter,slxughter,"phonk,brazilian phonk",2025,2025-07-11,73,1,slxughter,Phonk,0.761,0.705,10,-7.718,1,0.0588,0.514,0.935,0.1,0.265,92.542,4,126401
1ZPszVMluDbqsEx9MJTjJd,FUNK SIGILO - SLOWED,FUNK SIGILO,h6itam,h6itam,"phonk,brazilian phonk,funk",2025,2025-03-14,75,1,h6itam,Phonk,0.687,0.953,10,-2.216,1,0.0258,0.103,0.342,0.258,0.421,96.149,4,103587
0Bb3JNNt7wi7PnsAyOD7v6,CANTO DE LUNA - SUPER SLOWED,CANTO DE LUNA,h6itam;DYSMANE;ICEDMANE,h6itam,"phonk,brazilian phonk,funk",2025,2025-05-16,74,0,D.Y.S Records,Phonk,0.437,0.937,8,-1.428,0,0.0396,0.325,0.124,0.186,0.282,179.804,4,109333
0Vwr5FWiQmHttCKuMj5I5N,ACELERADA - Slowed,ACELERADA,sma$her;MXZI,sma$her,"phonk,brazilian phonk,funk",2025,2025-06-27,65,0,Tribal Trap,Phonk,0.803,0.708,3,-3.098,0,0.0274,0.226,0.0,0.284,0.801,115.839,4,68772
7tS2rOAJtdl1PDJCYqBpxr,I Run,I Run,Nakama;Yb Wasg'ood,Nakama,"phonk,brazilian phonk,funk",2025,2025-12-12,56,0,Tribal Trap,Phonk,0.805,0.86,4,-0.632,0,0.0432,0.241,0.0248,0.325,0.61,129.955,4,91384
4HyawPkxzJxnt181a1a81e,Pal Pal Dil Ke Paas,Pal Pal Dil Ke Paas,Sanam,Sanam,"hindi pop,desi pop",2025,2025-06-26,47,0,Universal Music India Pvt Ltd.,Samui,0.762,0.443,9,-7.026,1,0.0285,0.594,3.97e-05,0.0925,0.632,124.97,4,221760
0YRpv07J0y7J73X87efpia,I’m Done. - I-Popstar: Vol. 1,I-Popstar: Vol. 1 | Episodes 1–3,Maan Panu,Maan Panu,hindi indie,2025,2025-10-20,75,0,Warner Music India,Indie_Beats,0.677,0.492,1,-11.444,1,0.0555,0.823,0.00982,0.136,0.474,80.022,4,159187
7Gcvs2G5kvwPa2suJlBQQY,SOL VIBRA - Slowed,SOL VIBRA,DJ Zarek;Mc Staff;ΣP,DJ Zarek,"phonk,brazilian phonk,funk",2025,2025-06-20,67,1,Σlysium Phonk,Phonk,0.754,0.932,7,-0.159,0,0.0322,0.186,0.17,0.0875,0.536,114.526,4,102816
7kR5akjqP7yi3wcLx3utiI,AIRTEL PHONK,AIRTEL PHONK,Mashuq Haque,Mashuq Haque,phonk,2025,2025-11-06,67,0,IgniteDistrict (Distribution),Phonk,0.614,0.528,0,-3.045,1,0.0411,0.000408,0.526,0.438,0.305,119.871,4,92000
7e4zDInS6tA2jwzphvs2Ay,Jamaican (Bam Bam),Jamaican (Bam Bam),HUGEL;SOLTO (FR),HUGEL,"latin house,afro house,techengue,house",2025,2025-11-07,92,0,MoBlack Records,Phonk,0.87,0.944,9,-4.525,1,0.0464,0.394,0.243,0.0398,0.635,121.979,4,156393
4gkFITdBI8imDCSrukDT6p,VISION,UDISTRUCT,UdieNnx;HXVSAGE;Duduzinho,UdieNnx,"phonk,brazilian phonk,drift phonk",2025,2025-03-21,68,0,0to8,Phonk,0.681,0.734,8,-7.623,0,0.0279,0.0402,0.901,0.165,0.248,105.03,4,109732
0N6sC7f6VYChn4QdZQNwnv,MONTAGEM SILICONADE - Slowed,MONTAGEM SILICONADE,SICXRIUS,SICXRIUS,"phonk,brazilian phonk",2025,2025-08-08,67,1,SICXRIUS,Phonk,0.909,0.962,10,-2.458,0,0.174,0.114,0.0,0.0739,0.842,115.779,4,109730
0lZSad8ojli0h9SAwcyIS5,ECOS DO ABISMO - Super Slowed,ECOS DO ABISMO,Flame Runner;ZIMXN,Flame Runner,"phonk,brazilian phonk",2025,2025-01-07,68,0,Zime Media AB / PCR,Phonk,0.484,0.769,10,-4.188,0,0.0517,0.056,0.966,0.242,0.116,175.267,4,126942
42LVPOontV4oKeKmcX6Ht6,NO REPLY,NO REPLY,NTPV;Sei Lean;GodDamn;Phonk King,NTPV,"phonk,brazilian phonk,rally house,drift phonk",2025,2025-08-29,65,0,Magic Records,Phonk,0.531,0.513,2,-14.406,1,0.0331,0.0881,0.621,0.177,0.206,105.003,4,128047
129zR3hX9D2BYXOMtk2jaT,⁠⁠Butterflies,Butterflies,Martin Garrix;Matisse & Sadko;BARBZ,Martin Garrix,"edm,progressive house,electronica,big room",2025,2025-09-26,62,0,STMPD RCRDS,Phonk,0.2,0.801,0,-4.4,1,0.0424,0.00211,2.53e-06,0.186,0.191,127.004,4,227735
7bKOSK0A7avlnrnoDLnete,Subliminals,Subliminals,Saint Ludo;Kasst 8,Saint Ludo,"grime,uk grime",2025,2025-10-01,56,1,Isekai / broke,Phonk,0.664,0.865,7,-6.229,0,0.251,0.0905,0.0,0.0616,0.635,75.455,4,154100
2Tp2YibEFrKpvMTJSw2C4w,MONTAGEM TENTANA - Ultra Slowed,MONTAGEM TENTANA,OTVphonk;ZERTAL,OTVphonk,"phonk,brazilian phonk",2025,2025-10-24,69,1,Enarma Records,Phonk,0.745,0.968,1,0.407,1,0.0429,0.239,0.844,0.346,0.76,163.818,4,99638
0EZKUbPRGEJBxgfZiDLtkV,MONTAGEM DANZA,MONTAGEM DANZA,Dj Samir;Fyex;DJ DUDA,Dj Samir,"phonk,brazilian phonk,funk,hypertechno",2025,2025-10-02,61,0,Lunar Media,Phonk,0.726,0.972,11,0.895,0,0.0883,0.182,2.4e-06,0.276,0.528,107.209,4,103403
4dUh3eDgedCqDzJevus6CK,LATIN LIKE - Slowed,LATIN LIKE,S4nri0,S4nri0,"phonk,brazilian phonk",2025,2025-05-23,55,0,broke,Phonk,0.574,0.766,2,-5.384,1,0.0616,0.00464,0.694,0.206,0.649,109.198,4,123769
7kEJE253VLY00mSUhRSOq3,MONTAGEM SANTA FE 2 - Slowed,MONTAGEM SANTA FE 2,qaraqshy;Dj B7 o Piranhão,qaraqshy,"phonk,brazilian phonk,funk",2025,2025-12-17,66,1,INTERTONE / 0to8,Phonk,0.827,0.953,5,2.023,0,0.0494,0.196,0.00107,0.3,0.801,110.209,4,124734
7mixpZVqU8AWHvSqOL0wKy,HEAVENLY JUMPSTYLE - Slowed,HEAVENLY JUMPSTYLE,TWXNY;Sxilwix;INNXCENCE,TWXNY,"phonk,brazilian phonk",2025,2025-11-28,70,0,0to8,Phonk,0.672,0.91,11,-2.541,0,0.0473,0.228,5.24e-05,0.286,0.7,115.831,4,128477
4lXsvpjLhG7YqEehJFqpKV,TIKI TIKI - Slowed,TIKI TIKI,QMIIR;SALIMA CHICA,QMIIR,"phonk,brazilian phonk,kizomba",2025,2025-12-12,82,0,volume100,Phonk,0.686,0.85,4,-2.753,0,0.0725,0.106,1.63e-06,0.512,0.323,137.998,4,121739
5AelUGt81dd3SYbnYBXmdF,VAI SENTAR - Super Slowed,VAI SENTAR,NEAR DEATH;mc pl alves,NEAR DEATH,"phonk,brazilian phonk,funk carioca,brazilian funk",2025,2025-08-30,60,1,NEAR DEATH,Phonk,0.641,0.869,9,-2.533,1,0.0627,0.0826,0.899,0.328,0.619,178.209,4,92216
3nAWDZR895qtXw7Ij6YQfH,BRISA TE LEVAR - SUPER SLOWED,BRISA TE LEVAR,M4GN,M4GN,"phonk,brazilian phonk",2025,2025-08-08,60,0,broke,Phonk,0.79,0.696,8,-7.151,0,0.0269,0.169,7.69e-05,0.0537,0.562,103.178,4,139560
5IsUgXiIFs4UsRvGhhSNtc,FUNK CRIMINAL - SUPER SLOWED,FUNK CRIMINAL,ICEDMANE;DYSMANE,ICEDMANE,"phonk,brazilian phonk",2025,2025-08-22,47,0,D.Y.S Records,Phonk,0.647,0.939,10,1.079,0,0.0617,0.0189,0.0224,0.21,0.26,96.062,4,104020
5tXdO5gmq40fl5mkFdp1u3,MONTAGEM FUEGO - SUPER SLOWED,MONTAGEM FUEGO,qõke;fenekot;tvoy,qõke,phonk,2025,2025-05-23,66,0,cloudlight,Phonk,0.688,0.9,1,-1.022,1,0.0784,0.000799,0.00016,0.361,0.222,94.006,4,122921
2PG7ykbxu3b0N0gDaOUivA,Phool,Unko Sweater: The Woolen Sweater,Kobid Bazra;Bikesh Bazra;Deepson Putuwar;Kriti Nepali,Kobid Bazra,,2025,2025-06-02,12,0,Naad Music Group,Liked_Songs,0.493,0.216,7,-12.373,1,0.0294,0.72,0.177,0.103,0.295,90.132,3,113076
2XsyfvFIPzyGEYcPRP6Cml,Mayaa - Acoustic,Mayaa (Acoustic),Prince Deukadi,Prince Deukadi,,2025,2025-08-07,46,0,ThunderBolt Records,Liked_Songs,0.524,0.121,7,-15.61,0,0.0362,0.896,0.0,0.078,0.419,112.013,3,141827
6yP0B3DkulVQtVtcgOzVmU,Mithe Ras Se Bharyo Radha Rani Lage,Mithe Ras Se Bharyo Radha Rani Lage,The Bundeli Artists,The Bundeli Artists,"bhajan,devotional",2025,2025-01-16,46,0,[YoungTunez Digital Media] The Bundeli Artists,Liked_Songs,0.642,0.709,1,-10.928,0,0.0749,0.788,0.0284,0.391,0.788,80.419,4,278799
1md3lGhPmFBgpdmoM2SbGs,Ma Haraye,Ma Haraye,Subodh KC,Subodh KC,,2025,2025-07-09,52,0,Sansic Productions,Liked_Songs,0.644,0.319,11,-15.667,1,0.0339,0.476,0.00327,0.25,0.35,122.025,4,213589
7vg9noSnFEyPfwLiaCW4vi,NO BATIDÃO,NO BATIDÃO,ZXKAI;slxughter,ZXKAI,"phonk,brazilian phonk",2025,2025-09-05,86,1,ZXKAI,Phonk,0.642,0.957,1,1.181,1,0.046,0.14,6.91e-05,0.17,0.889,130.056,4,89745
3Yju0AQsjm06w7Q53xt4Ht,X-COOL! - Slowed,X-COOL!,tienanh109;HDN;MC K3,tienanh109,"phonk,brazilian phonk",2025,2025-09-19,67,0,TAZ8 Records,Phonk,0.69,0.976,7,1.255,1,0.141,0.112,0.000982,0.777,0.182,115.894,4,115976
2NVGVvibqKnRLhKYjYKtuK,MATADORA - Slowed,MATADORA,DJ Asul,DJ Asul,"phonk,brazilian phonk,funk",2025,2025-09-19,71,0,INTERTONE,Phonk,0.701,0.886,3,-0.625,0,0.138,0.203,0.0,0.31,0.539,116.119,4,99468
2Ua1gdg52itBvIelrsR0lj,SAY SOMETHING,SAY SOMETHING,Klo,Klo,"stutter house,uk garage",2025,2025-12-05,46,0,Gotta Move,Phonk,0.764,0.835,11,-5.982,0,0.065,0.000843,0.133,0.31,0.126,139.986,4,171428
0wBEhigJC6Zts0uwTQbFJh,MEMORIZING,MEMORIZING,DJ DELACROIX;OXXED;Wintherduud,DJ DELACROIX,"phonk,brazilian phonk",2025,2025-08-08,69,0,Entity Music,Phonk,0.914,0.577,1,-6.684,1,0.0702,0.69,0.946,0.101,0.465,104.999,4,99279
62JWbd7wXwfHTVOA8lSoSF,MONTAGEM ALUCINANTE,MONTAGEM ALUCINANTE,DJ ORBITAL;Rushex;mc pl alves,DJ ORBITAL,"phonk,brazilian phonk,funk carioca,brazilian funk",2025,2025-04-01,74,0,broke,Phonk,0.823,0.897,4,-0.477,1,0.0619,0.528,0.853,0.131,0.335,130.009,4,170650
6RM6SBmaiv1ouUxh9nmQLj,Easter Pink,Easter Pink,fakemink,fakemink,cloud rap,2025,2025-01-17,72,1,EtnaVeraVela,Phonk,0.619,0.824,5,-7.437,1,0.0459,0.00535,0.719,0.388,0.32,116.072,4,84846
28EGa1V5vxlomSmf9gfdYe,Blissful,Late Nights,Txmy,Txmy,,2025,2025-07-02,62,0,TXMY,Soothing,0.343,0.359,6,-15.176,0,0.0325,0.694,0.977,0.215,0.287,102.585,3,112991
7sKCIyN4Sdeo7OBBUeMCfy,Voodoo,Voodoo,Martin Garrix;R3HAB;Skytech,Martin Garrix,"edm,progressive house,electronica,slap house,big room",2025,2025-09-19,59,0,STMPD RCRDS,Phonk,0.604,0.942,1,-3.898,1,0.145,0.00724,0.00811,0.0506,0.229,129.98,4,169326
13IFfr6kVUSLb19xnQjMk6,Section,Section,LYNY,LYNY,bass music,2025,2025-07-25,53,0,Noxious Recordings,Phonk,0.594,0.87,8,-3.826,1,0.0537,0.0719,0.000194,0.655,0.3,139.933,4,174857
2ArJQMLkBexzAKVz3QbYsd,Lua Pegado - Slowed,Lua Pegado,Chilx;Rubikdice;Obviousgod,Chilx,"phonk,brazilian phonk",2025,2025-07-11,59,0,Magic Records,Phonk,0.645,0.906,8,-2.152,0,0.0337,0.000194,0.0605,0.134,0.501,121.449,4,113081
1eVy7Ppe6uyuj0MUgO7lM4,Dark Red - Funk,Dark Red (Funk),ZMAJOR;SEKIMANE;dearukia;zxnc,ZMAJOR,"phonk,brazilian phonk,funk",2025,2025-10-08,64,0,Steve Lacy,Phonk,0.831,0.952,8,-1.552,1,0.179,0.244,0.024,0.324,0.719,109.915,4,104879
1jkqC2F17O5BugrmUj9KvO,COM MEDO!,COM MEDO!,Sayfalse;Scythermane,Sayfalse,"phonk,brazilian phonk,funk",2025,2025-03-06,13,0,PCR / Zime Media AB,Phonk,0.729,0.97,1,-1.334,0,0.0382,0.139,0.00106,0.0882,0.114,125.007,4,69736
344ilORk7mOQH1BbiufL9w,RITMO DE VERAO - SLOWED,RITMO DE VERAO,GXMZ;SEKIMANE;Repsaj,GXMZ,"phonk,brazilian phonk,funk",2025,2025-03-07,67,1,GXMZ,Phonk,0.806,0.49,7,-6.395,1,0.127,0.175,4.99e-05,0.0843,0.308,82.518,4,99194
2sQsgq7QJqGCJ1HsZcORvT,"Finding Her (Female Version) (From ""UR Debut"")",Finding Her (Female Version),Tanishka Bahl;Kushagra;Bharath;Saaheal,Tanishka Bahl,"indian indie,hindi indie,desi pop,hindi pop",2025,2025-08-18,68,0,EYP Creations,Indie_Beats,0.446,0.343,4,-13.345,0,0.213,0.929,2.6e-06,0.172,0.362,170.051,3,206735
4bRgPiewooIntAQfPx4sCG,OLHA MENSAGEM,OLHA MENSAGEM,SEKIMANE;Scythermane;NXGHT!;DJ DYLANFK;KGJ,SEKIMANE,"phonk,brazilian phonk,funk",2025,2025-04-16,67,0,PCR / 0to8,Phonk,0.701,0.998,11,1.765,0,0.0614,0.379,0.239,0.349,0.6,112.015,4,100714
4gtz0OTJdBWZReh77LgBJT,MONTAGEM VOZES TALENTINHO - Super Slowed,MONTAGEM VOZES TALENTINHO,heapper;DJ JUAN;Mc Luizinho,heapper,"phonk,brazilian phonk,funk",2025,2025-08-08,70,0,0to8,Phonk,0.83,0.706,6,-6.058,0,0.0723,0.324,0.189,0.645,0.822,105.978,4,101928
4NH7KpFmBfE5yskuVRDqce,LUZ ROJA - Slowed,LUZ ROJA,bxkq,bxkq,"phonk,brazilian phonk",2025,2025-11-28,80,0,Cresta La Cultura,Phonk,0.63,0.841,6,-1.151,0,0.0286,0.0362,9.26e-06,0.427,0.305,112.238,4,122924
0dCojVSsIPhUy4R1c9OOm5,MONTAGEM AMOSTRA - EDIT VERSION,MONTAGEM AMOSTRA,TRXSHBXY;zarzour;DJ VIBER;WXCHSXN;Mc Kitinho,TRXSHBXY,"phonk,brazilian phonk,funk,brazilian funk",2025,2025-09-09,62,0,VBR,Phonk,0.96,0.692,2,-1.867,1,0.293,0.399,4.31e-06,0.103,0.911,129.974,4,99317
5QBzNJlQArmDHPxEwkPR5Q,FUNK CRIMINAL - SLOWED,FUNK CRIMINAL,ICEDMANE;DYSMANE,ICEDMANE,"phonk,brazilian phonk",2025,2025-08-22,75,0,D.Y.S Records,Phonk,0.663,0.94,10,1.284,1,0.0526,0.0113,0.0328,0.266,0.424,108.194,4,92462
397jCX8wRPKsSZTDcAUccg,NADA DE NADA,NADA DE NADA,KVRXD;MAXPVNK;DJ RITMO DIVINO,KVRXD,"phonk,brazilian phonk",2025,2025-04-04,63,0,Decliped,Phonk,0.772,0.943,10,-2.662,1,0.0342,0.171,0.945,0.135,0.648,129.901,4,68312
2TRBDAcApCXLIbqoFD8q14,SENTA MARIA VAI X BEAT ABSURDO - Slowed,SENTA MARIA VAI X BEAT ABSURDO,IMARO;DJ EXE;Mc Furdunço;MC Gil Do Andaraí,IMARO,"phonk,brazilian phonk",2025,2025-01-10,62,1,void,Phonk,0.662,0.881,10,2.561,0,0.468,0.45,0.0,0.0717,0.58,124.611,4,111602
2XLTGdWBAeuUmXEUPy19Kg,BELONG TO ME FUNK,BELONG TO ME FUNK,Sayfalse;SNXP;ßino,Sayfalse,"phonk,brazilian phonk,funk",2025,2025-08-08,67,0,Sketch Music LLC,Phonk,0.507,0.973,1,0.225,1,0.193,0.462,0.0175,0.225,0.347,114.451,4,98013
0AVvy2eRQas5xX2EOk3G9h,YOSHO HAI MONTAGEM,YOSHO HAI MONTAGEM,Torbahed;ZODIVK;Y3LLAVISION,Torbahed,"phonk,brazilian phonk,drift phonk",2025,2025-08-14,65,0,MNRC,Phonk,0.601,0.917,3,-6.786,0,0.0473,0.0861,0.149,0.191,0.792,130.073,4,83995
4iRGOPSFgEFOphkqY6ryCC,LUA NA PRAÇA,LUA NA PRAÇA,Dj Samir;DJ Zarek;DJ DUDA;LUNxdiE,Dj Samir,"phonk,brazilian phonk,funk",2025,2025-09-04,75,0,Lunar Media / Zime Media AB,Phonk,0.551,0.86,1,-2.084,0,0.0439,0.0284,4.19e-05,0.179,0.422,131.998,4,88641
0qheD9ZwdmVKu5ktHXFbb0,Andaaz e Karam,Andaaz e Karam,Madhur Sharma;Moin;ER,Madhur Sharma,"qawwali,sufi,ghazal,desi pop",2025,2025-10-17,77,0,Universal Music India Pvt Ltd.,Indie_Beats,0.298,0.693,1,-6.424,0,0.046,0.725,0.000259,0.131,0.481,83.923,4,437679
3VFySvZMSn4z4X4YDDQb0H,NUNCA MUDA?,NUNCA MUDA?,Scythermane;NXGHT!;MC Fabinho da Osk,Scythermane,"phonk,brazilian phonk,funk,funk de bh,brazilian funk,brega funk",2025,2025-01-09,74,0,Purple Crunch Records,Phonk,0.89,0.955,11,-4.03,0,0.0434,0.494,0.689,0.136,0.0941,130.061,4,81500
3MPNlK986yp4QOFBChLeEJ,MONTAGEM RELACIONISTA JUDICIAL RKT - Super Slowed,MONTAGEM RELACIONISTA JUDICIAL RKT,DJ Raulipues;DJ SILVER ZN;DJ MZK 07,DJ Raulipues,"phonk,brazilian phonk,funk",2025,2025-04-26,62,0,0to8,Phonk,0.773,0.649,5,-0.689,0,0.093,0.593,0.951,0.0617,0.961,136.517,4,71025
4Td5Zqi4XzkMdesiBJRZTh,AKAI - Slowed,UDIXSTATE,UdieNnx;HXVSAGE;Mc Luizinho,UdieNnx,"phonk,brazilian phonk,drift phonk",2025,2025-06-13,72,0,0to8,Phonk,0.364,0.391,10,-12.507,1,0.0434,0.337,0.825,0.12,0.106,129.632,5,96527
4KrCHZiwOdVfRFCvEAiZVX,Badan Pe Sitare,Badan Pe Sitare,Sanam,Sanam,"hindi pop,desi pop",2025,2025-09-02,48,0,Saregama India Ltd,Samui,0.724,0.68,0,-4.456,1,0.0394,0.134,0.0,0.0908,0.755,112.056,4,168593
0RwKLSlLp4TQnl9PDWQLA3,SENTE MAIS - SUPER SLOWED,SENTE MAIS,Eternxlkz,Eternxlkz,"phonk,brazilian phonk",2025,2025-08-01,70,1,Eternxlkz,Phonk,0.591,0.793,11,-8.907,1,0.052,0.117,0.642,0.206,0.137,90.997,4,171703
5YrYtmoQriUuzSe9mNm6nB,MONTAGEM SOLETRAR - Ultra Slowed,MONTAGEM SOLETRAR,cape;prodbydxm;DJ FallThox,cape,"phonk,brazilian phonk,funk",2025,2025-09-17,55,0,0to8,Phonk,0.84,0.63,7,-4.259,1,0.0932,0.361,3.1e-05,0.106,0.526,91.905,4,125322
0ohrlCezHgpQlKrjh2wcIP,BELONG TO ME FUNK - Slowed,BELONG TO ME FUNK,Sayfalse;SNXP;ßino,Sayfalse,"phonk,brazilian phonk,funk",2025,2025-08-08,26,0,Sketch Music LLC,Phonk,0.552,0.968,5,0.154,0,0.193,0.43,0.0135,0.181,0.348,110.67,4,103790
4qv2RLROjDDmnVTeVHVmpy,FINA LANA,FINA LANA,6YNTHMANE;LXGHTXNG,6YNTHMANE,"phonk,brazilian phonk",2025,2025-04-18,69,0,6YNTHMANE,Phonk,0.807,0.764,9,-5.205,0,0.103,0.404,1.31e-05,0.146,0.443,100.069,4,77206
0GecnrwlbhYKU0occvdJPs,ACIDO III - Slowed,ACIDO III,UdieNnx;Mc Denny,UdieNnx,"phonk,brazilian phonk",2025,2025-10-24,76,0,0to8,Phonk,0.38,0.498,7,-8.494,0,0.0301,0.273,0.87,0.211,0.0896,115.1,4,93918
1iXHMGEhao7k5CwNH6btpZ,BOUNCE FUNK,BOUNCE FUNK,SAPFIR,SAPFIR,"phonk,brazilian phonk",2025,2025-01-22,66,0,SAPFIR,Phonk,0.794,0.893,4,-1.718,0,0.0944,0.0601,0.0228,0.0728,0.928,186.025,3,81290
7wkwp0UHOtT0l7HGAUeHDT,maldito movimiento,maldito movimiento,DJ ORBITAL,DJ ORBITAL,"phonk,brazilian phonk",2025,2025-06-06,63,0,broke,Phonk,0.68,0.903,10,-1.331,0,0.0378,0.0407,0.776,0.193,0.31,130.1,4,114207
13NAeRzbToBGfzyP4IAZmA,Binu Pad Chalae Sunai Binu Kaana,Binu Pad Chalae Sunai Binu Kaana,Shashwat Ji Maharaj,Shashwat Ji Maharaj,bhajan,2025,2025-09-11,8,0,Shashwat Ji Maharaj Official,Liked_Songs,0.468,0.515,3,-12.752,1,0.0554,0.548,0.0,0.356,0.846,144.509,4,143909
6m43GrgDJFDWeRTBkIv3Ue,Khwabo Ka Shayar,Khwabo Ka Shayar,Piyush Chouhan;Shriyanshi Gupta,Piyush Chouhan,hindi indie,2025,2025-11-11,49,0,Novice Records LLC,Indie_Beats,0.612,0.335,1,-12.427,1,0.154,0.623,2.33e-06,0.688,0.833,116.333,4,187200
00DxTUDK5maAckhUSYBaBn,Chalo Door Kahin,Chalo Door Kahin,Samar Jafri,Samar Jafri,desi,2025,2025-10-19,67,0,Samar Jafri,Indie_Beats,0.368,0.325,1,-10.413,0,0.0333,0.703,0.000249,0.0965,0.113,76.9,4,158961
0cDAMFd6MoOCEVzJGaOcp5,Aashiq Awara,Aashiq Awara,Banjaare,Banjaare,haryanvi pop,2025,2025-04-20,58,0,Banjaare,Indie_Beats,0.875,0.461,1,-9.807,0,0.0662,0.434,0.000254,0.165,0.976,113.98,4,138947
42YjWl3S5zmWACpMuADRcX,Sapna,Sapna,Sanket Durgade;Shriya Phatak,Sanket Durgade,"indian indie,hindi indie",2025,2025-06-10,21,0,Melo,Indie_Beats,0.324,0.248,5,-11.687,1,0.0307,0.793,0.00022,0.0857,0.355,122.663,3,209006
0lp3WWhjxFVUht81AQmWX8,Majboor,Majboor,Sheheryar Rehan;Zoha Waseem,Sheheryar Rehan,,2025,2025-09-11,82,0,Chakor,Indie_Beats,0.787,0.488,4,-8.537,0,0.308,0.716,9.13e-06,0.144,0.368,89.999,4,145333
2kdLpMajZ2VoKEAv9nGsUz,Kaahe Mose,Kaahe Mose,Garvit - Priyansh;Garvit Soni;Priyansh Srivastava,Garvit - Priyansh,"indian indie,hindi indie",2025,2025-10-15,66,0,T-Series,Indie_Beats,0.572,0.569,2,-7.982,1,0.0312,0.0428,0.0,0.236,0.292,108.049,4,219097
1iiVX4OJ6vo3a4sT3Fe7Ix,"Qayde Se (From ""Metro ... In Dino"")","Qayde Se (From ""Metro ... In Dino"")",Pritam;Arijit Singh;Amitabh Bhattacharya,Pritam,"bollywood,hindi pop,desi,bangla pop",2025,2025-07-01,69,0,T-Series,Indie_Beats,0.328,0.492,9,-9.317,1,0.052,0.948,0.00129,0.154,0.424,96.248,4,215075
0wHYuCTWPntEgWiUVED4wB,Aarzu,Aarzu,Noor;Khan;Madhurxo,Noor,hindi indie,2025,2025-12-31,82,0,Universal Music India Pvt Ltd.,Indie_Beats,0.694,0.384,1,-12.613,0,0.146,0.673,0.0024,0.356,0.377,105.019,4,187567
62G4WNFaG4HlsD5it4kgsw,Theher Ja,Theher Ja,Garvit - Priyansh;Garvit Soni;Priyansh Srivastava;Aniket Shukla,Garvit - Priyansh,"indian indie,hindi indie",2025,2025-12-18,62,0,T-Series,Indie_Beats,0.468,0.246,4,-10.564,1,0.0284,0.902,0.0,0.0991,0.361,140.381,3,249062
3PbjRHCyZmK84h0qMMIRPw,Baarish Mein Phir,Baarish Mein Phir,Saahel,Saahel,"hindi indie,indian indie",2025,2025-08-01,66,0,Universal Music India Pvt. Ltd. (on behalf of Saahel),Indie_Beats,0.642,0.612,5,-6.846,0,0.0359,0.527,0.00043,0.258,0.144,132.997,4,176954
4CRqeGDZZ9IgvrfkAnbv57,花,Pre: Prema,Fujii Kaze,Fujii Kaze,j-pop,2025,2025-09-05,68,0,Universal Music LLC,Liked_Songs,0.759,0.712,5,-8.156,0,0.0417,0.129,0.0095,0.259,0.649,123.029,4,249705
6f1quGoa3yMxvvhBWg5LF3,CALA BOCA PXTA - Slowed,CALA BOCA PXTA,2KE,2KE,"phonk,brazilian phonk",2025,2025-07-18,68,0,broke,Phonk,0.912,0.716,7,-6.871,1,0.124,0.0542,0.0593,0.162,0.58,118.187,4,81254
6nJiqVmR1SyAu50GuDenIJ,In My Arms,In My Arms,ILLENIUM;HAYLA,ILLENIUM,"melodic bass,future bass,edm",2025,2025-05-16,57,0,"Illenium, LLC",Phonk,0.428,0.759,7,-2.761,0,0.0433,0.0108,0.0,0.113,0.213,142.075,4,208000
1v6g0O3B9MmLPW8jNKPSQg,Kya Kahein,Kya Kahein,Divyam Sodhi;Khwaab;Tanmay Maheshwari,Divyam Sodhi,"ghazal,indian indie,hindi indie",2025,2025-03-19,36,0,"Day One, a division of Sony Music Entertainment India Pvt. Ltd.",Indie_Beats,0.534,0.237,4,-13.074,1,0.0327,0.848,0.000283,0.118,0.296,135.781,4,187342
0Q9rHyEG7lME4y2Fqtuxgl,bargad,bargad,sufr;Arpit Bala;toorjo dey,sufr,"hindi indie,indian indie,desi,desi hip hop,hindi hip hop",2025,2025-08-24,73,0,Sony Music India / Brown,Indie_Beats,0.378,0.715,10,-4.303,1,0.224,0.294,0.0,0.331,0.6,76.244,4,175384
3f8BOuhgdcyp17FXq1sIe3,Saajan,Saajan,Sawhneyboi,Sawhneyboi,malayalam hip hop,2025,2025-07-01,26,0,Sawhneyboi Music,Indie_Beats,0.852,0.376,9,-12.661,0,0.105,0.23,0.895,0.0883,0.316,108.036,4,131116
5ThyDv6aRVU8AH4vXQNldF,Finding Her,Finding Her,Kushagra;Bharath;Saaheal,Kushagra,"indian indie,hindi indie,desi pop,hindi pop",2025,2025-01-29,85,0,EYP Creations,Indie_Beats,0.558,0.378,0,-6.419,1,0.0526,0.894,2.32e-06,0.0799,0.44,170.195,3,207000
0S7MLlU27WnE3bwCcDu6Pj,Jhol - Acoustic,Jhol (Acoustic),Maanu;Annural Khalid;Abdullah Siddiqui,Maanu,"indian indie,desi,hindi indie",2025,2025-02-02,1,0,Yain,Indie_Beats,0.542,0.256,0,-13.598,0,0.0484,0.854,0.0,0.0758,0.517,149.537,4,277600
3gixnmepHSsyAuho34rprN,Khat,Khat,Navjot Ahuja,Navjot Ahuja,"hindi indie,indian indie",2025,2025-12-03,86,0,EYP Creations,Indie_Beats,0.593,0.413,4,-10.334,1,0.0352,0.765,0.000232,0.11,0.123,134.989,3,296222
6vH6xKa1vh9ihWrLYZAmU8,Banda Kaam Ka,Banda Kaam Ka,Chaar Diwaari;Sanjith Hegde,Chaar Diwaari,"desi hip hop,hindi hip hop,indian indie,hindi indie,kannada pop,sandalwood",2025,2025-11-19,65,0,Universal Music India Pvt Ltd.,Indie_Beats,0.778,0.622,4,-7.839,1,0.18,0.411,1.19e-06,0.549,0.752,114.018,4,248947
3dYnYRTcJSfELlIH3mgNOl,Bolo Bolo,Sweetburn,W.i.S.H.;Panther,W.i.S.H.,"indian indie,desi pop,desi hip hop,hindi hip hop",2025,2025-08-10,49,0,Sony Music Entertainment India Pvt. Ltd.,Indie_Beats,0.807,0.712,6,-4.678,0,0.107,0.401,1.41e-05,0.0907,0.833,102.993,4,237378
0febwTwLDSZzrt46i1RBF5,Ishqa Ve,Ishqa Ve,Zeeshan Ali;Yuvraj Tung;Sandeep Aulakh;Honey Dhillon,Zeeshan Ali,"ghazal,qawwali,sufi",2025,2025-08-20,80,0,OpenMic Studios,Indie_Beats,0.651,0.458,10,-5.74,0,0.187,0.611,0.0,0.097,0.916,169.913,3,207102
3zWjGsp01XjvmDbLJLL0Zy,AL NACER! - Slowed,AL NACER!,Sayfalse;Nulteex,Sayfalse,"phonk,brazilian phonk,funk",2025,2025-04-25,70,0,PCR,Phonk,0.676,0.956,8,-2.104,1,0.0286,0.0146,7.28e-05,0.215,0.282,109.329,4,122901
1LyaI3jZeW09ztCOxp1iGp,She was my best moment,Dude - Side A (Original Score),Sai Abhyankkar,Sai Abhyankkar,"tamil indie,tamil pop,kollywood",2025,2025-12-02,53,0,Think Music,Southie,0.303,0.316,6,-12.034,1,0.0337,0.975,0.969,0.101,0.213,87.177,4,72000
6EzB9lIW27iSTd0c2V4t3K,"Oorum Blood - From ""Dude""","Oorum Blood (From ""Dude"")",Sai Abhyankkar;Paal Dabba;Bhumi;Deepthi Suresh,Sai Abhyankkar,"tamil indie,tamil pop,kollywood,tamil hip hop,tamil dance,malayalam hip hop",2025,2025-08-28,76,0,Think Music,Southie,0.698,0.631,10,-8.706,0,0.0522,0.356,0.0,0.16,0.515,129.987,4,240107
28AuFW2F7zQY9uDfcHxrVZ,Dude – Orchestral Suite,Dude - Side A (Original Score),Sai Abhyankkar,Sai Abhyankkar,"tamil indie,tamil pop,kollywood",2025,2025-12-02,62,0,Think Music,Southie,0.194,0.434,4,-9.246,1,0.032,0.936,0.879,0.0972,0.22,141.285,3,125538
47188BdXm97yzy3UuAGktR,The sacrifice,Dude - Side A (Original Score),Sai Abhyankkar,Sai Abhyankkar,"tamil indie,tamil pop,kollywood",2025,2025-12-02,42,0,Think Music,Southie,0.21,0.193,6,-16.703,0,0.0345,0.965,0.953,0.226,0.0375,93.736,4,55384
6PquoDUmNQpYa7ndyjUDWz,The metro proposal,Dude - Side A (Original Score),Sai Abhyankkar,Sai Abhyankkar,"tamil indie,tamil pop,kollywood",2025,2025-12-02,66,0,Think Music,Southie,0.303,0.26,6,-14.911,1,0.0435,0.977,0.897,0.0998,0.263,78.804,4,162896
4WYoahT0BqwCHwssPdnR7y,Kannukulla (Reprise),Dude (Original Motion Picture Soundtrack),Sai Abhyankkar;Adesh Krishna,Sai Abhyankkar,"tamil indie,tamil pop,kollywood",2025,2025-10-26,66,0,Think Music,Southie,0.497,0.462,6,-7.841,1,0.0322,0.681,0.0,0.128,0.3,87.052,4,274374
0pxE2MKJnBMR9c0giy7v5J,Singari,Dude (Original Motion Picture Soundtrack),Sai Abhyankkar;Pradeep Ranganathan;Sai Smriti;Semv.iii,Sai Abhyankkar,"tamil indie,tamil pop,kollywood,tamil dance,tamil hip hop",2025,2025-10-26,71,0,Think Music,Southie,0.853,0.761,8,-5.383,0,0.18,0.21,0.0,0.152,0.86,120.033,4,208000
3bTnREOf1CyY4Gz5jfHUiI,"Vazhithunaiye - From ""Dragon""","Vazhithunaiye (From ""Dragon"")",Leon James;Sid Sriram;Sanjana Kalmanje,Leon James,"tamil pop,kollywood,tollywood,telugu pop,tamil dance",2025,2025-01-13,70,0,Think Music,Southie,0.652,0.889,1,-5.434,0,0.137,0.298,0.0,0.173,0.71,104.848,4,218285
1CQ7sRQeHw1xIzLSOkGXHn,Tulasi,Tulasi,Sumedh K;Sumant Shridhar,Sumedh K,"kannada pop,sandalwood,devotional",2025,2025-12-15,68,0,Sumedh Kallapur,Southie,0.518,0.419,11,-13.698,0,0.0357,0.657,0.000348,0.126,0.314,116.475,4,213241
5q1ID9MbLbxTTD5ODjmYR8,MONTAGEM RUGADA - Slowed,MONTAGEM RUGADA,cape;JXNDRO;Sayfalse,cape,"phonk,brazilian phonk,funk",2025,2025-08-27,66,0,Zime Media AB,Phonk,0.549,0.971,0,-1.69,0,0.0517,0.0227,5.31e-06,0.22,0.602,116.042,4,103697
5JAtlL8M4CyF9gbgd9jUab,oknottobeok,oknottobeok,okgiorgio,okgiorgio,stutter house,2025,2025-06-06,36,0,Fast Friends,Phonk,0.611,0.882,5,-7.115,1,0.0562,0.000551,0.206,0.255,0.278,148.01,4,204788
32pft0qBzkFf1yPWnftm4Z,MAMA MA,MAMA MA,SXLLX;Oliveira Mc 011,SXLLX,"phonk,brazilian phonk,funk bruxaria",2025,2025-08-21,63,1,broke,Phonk,0.669,0.808,8,-4.567,0,0.0458,0.357,0.466,0.116,0.455,130.144,4,73259
2YlgW0hIG64ldygDbGp4HM,MONTAGEM BUDA - Slowed + Reverb,MONTAGEM BUDA,DYGO,DYGO,"phonk,brazilian phonk",2025,2025-02-14,71,0,Sketch Music,Phonk,0.762,0.793,1,-2.398,1,0.0384,0.0191,0.821,0.211,0.21,109.924,4,96545
2fLCa4HIS9om4iMCHuv4k8,Lua Pegado,Lua Pegado,Chilx;Rubikdice;Obviousgod,Chilx,"phonk,brazilian phonk",2025,2025-07-11,65,0,Magic Records,Phonk,0.617,0.909,9,-2.173,0,0.0415,0.00018,0.16,0.0589,0.435,129.975,4,105697
4kyDzE3UwJLoT3iImSh9Tj,FUNK SIGILO - ULTRA SLOWED,FUNK SIGILO,h6itam,h6itam,"phonk,brazilian phonk,funk",2025,2025-03-14,74,1,h6itam,Phonk,0.729,0.935,7,-3.791,0,0.0328,0.247,0.513,0.145,0.649,144.257,4,138116
3Nt5m3MOIrNt1sf8v14GPM,"Nallaru Po - From ""Dude""","Nallaru Po (From ""Dude"")",Sai Abhyankkar;Tippu;Mohit Chauhan;Vivek,Sai Abhyankkar,"tamil indie,tamil pop,kollywood,kannada pop,tamil dance,sandalwood,telugu pop,tollywood,bollywood,hindi pop,sufi,desi",2025,2025-09-19,72,0,Think Music,Southie,0.542,0.458,10,-8.886,0,0.0353,0.758,2.49e-05,0.138,0.437,87.467,4,236071
4pvJRYVfnIhG120GB8nWpp,"Kannukulla - From ""Dude""","Kannukulla (From ""Dude"")",Sai Abhyankkar;Jonita Gandhi;Adesh Krishna,Sai Abhyankkar,"tamil indie,tamil pop,kollywood,bollywood,hindi pop,desi",2025,2025-10-15,66,0,Think Music,Southie,0.51,0.533,6,-7.334,1,0.0334,0.522,5.2e-05,0.116,0.394,86.973,4,273793
3ZEUbnmVPwGRhLm28QzXkI,REVENGE - Super Slowed,REVENGE !,1HXSX;wnorg17,1HXSX,"phonk,brazilian phonk",2025,2025-08-04,76,0,FUNK 108,Phonk,0.56,0.933,11,-2.14,0,0.0463,0.00348,0.651,0.341,0.344,122.661,4,121846
4LkkRLP8pldQer1YRrHwkx,LOS VOLTAJE,LOS VOLTAJE,Sayfalse;Yb Wasg'ood;Ariis,Sayfalse,"phonk,brazilian phonk,funk",2025,2025-04-11,77,0,PCR,Phonk,0.61,0.938,0,-1.227,0,0.0972,0.00553,0.976,0.658,0.344,115.974,4,99285
06y0NcmJ1VuTyAQkHnwko0,"Aakhri Ishq (From ""Dhurandhar The Revenge"")","Aakhri Ishq (From ""Dhurandhar The Revenge"")",Shashwat Sachdev;Jubin Nautiyal;Irshad Kamil,Shashwat Sachdev,"bollywood,hindi pop,desi pop,bhajan,devotional,desi",2026,2026-03-19,66,0,T-Series,Liked_Songs,0.6,0.49,4,-10.747,0,0.0439,0.0909,5.43e-05,0.148,0.263,149.942,4,262044
6iMasiFzpQt3Y8c9EnITCP,"Tere Ishq Ne (From ""Dhurandhar The Revenge"")","Tere Ishq Ne (From ""Dhurandhar The Revenge"")",Shashwat Sachdev;Jyoti Nooran;Kumaar,Shashwat Sachdev,"bollywood,hindi pop,desi pop,sufi,qawwali,desi",2026,2026-03-19,62,0,T-Series,Liked_Songs,0.733,0.837,9,-4.394,1,0.0632,0.00785,2.34e-05,0.0874,0.829,137.991,4,339130
0h4kC7ZNJZDEYDlYQTlDoB,YALA - Slowed,YALA,QMIIR;DJ Zarek;Irokz,QMIIR,"phonk,brazilian phonk,funk",2026,2026-04-17,71,0,Rylaris Music Group / Zime Media AB,Phonk,0.621,0.727,6,-3.953,0,0.0323,0.3,0.76,0.0974,0.25,168.251,4,159000
1i6Uk2tHzDbWgxhlEayzYb,"Phir Se (From ""Dhurandhar The Revenge"")","Phir Se (From ""Dhurandhar The Revenge"")",Shashwat Sachdev;Arijit Singh;Irshad Kamil,Shashwat Sachdev,"bollywood,hindi pop,desi pop,desi,bangla pop",2026,2026-03-19,74,0,T-Series,Liked_Songs,0.371,0.439,6,-10.043,1,0.0292,0.409,0.0,0.123,0.205,152.201,3,354051
0dnsJ8W8k4ncYstIsrz5pY,sun saawariya,sun saawariya,Accha Insaan;AtharvaMusic;Yaani Karnawat,Accha Insaan,"hindi indie,indian indie",2026,2026-01-09,71,0,Mass Appeal / Mashooriya Originals,Indie_Beats,0.568,0.416,2,-10.961,1,0.0304,0.459,1.89e-06,0.149,0.45,149.951,4,159600
6YZxrJsE14C7bfyQGFJqqm,Dhurandhar The Revenge - Aari Aari,Dhurandhar The Revenge,Shashwat Sachdev;Bombay Rockers;Irshad Kamil;Khan Saab;Reble;Token;Jasmine Sandlas;Sudhir Yaduvanshi,Shashwat Sachdev,"bollywood,hindi pop,desi pop,bhangra,desi,punjabi pop",2026,2026-03-17,58,1,T-Series,Liked_Songs,0.788,0.891,10,-3.983,1,0.105,0.0332,0.0,0.0385,0.898,104.943,4,210053
0bdA7CMrqT1qJVwwhw2Yn4,Jaan Se Guzarte Hain,Dhurandhar The Revenge,Shashwat Sachdev;Khan Saab,Shashwat Sachdev,"bollywood,hindi pop,desi pop,punjabi pop",2026,2026-03-17,64,0,T-Series,Liked_Songs,0.676,0.901,8,-7.758,1,0.0491,0.0744,0.344,0.109,0.547,107.997,4,332116
6za0VNkFezXamgUjJi1nMx,Destiny - Mann Atkeya,Dhurandhar The Revenge,Shashwat Sachdev;Token;Vaibhav Gupta;Shahzad Ali,Shashwat Sachdev,"bollywood,hindi pop,desi pop",2026,2026-03-17,54,0,T-Series,Liked_Songs,0.476,0.829,9,-5.187,0,0.209,0.115,0.0,0.172,0.25,171.057,4,226103
5gysl1k9QxPSM604I8G3uk,Jaiye Sajana,Dhurandhar The Revenge,Shashwat Sachdev;Jasmine Sandlas;Satinder Sartaaj,Shashwat Sachdev,"bollywood,hindi pop,desi pop,bhangra,desi,punjabi pop,sufi",2026,2026-03-17,67,0,T-Series,Liked_Songs,0.771,0.558,10,-12.022,1,0.128,0.286,9.34e-06,0.102,0.235,79.994,4,180004
03NcUtUA1w3i89cYnoPOfv,LIKE THAT,LIKE THAT,EUROCLUB,EUROCLUB,hard techno,2026,2026-04-24,46,0,Universal Music Italia srL.,Phonk,0.685,0.968,11,-5.844,1,0.0517,0.00111,0.705,0.203,0.428,140.055,4,157714
2rmh0nTshhsiKvHfUm1C1S,Error 303,CLONED VOL.1,Ofenbach,Ofenbach,,2026,2026-02-20,34,0,Adore Music,Phonk,0.581,0.946,1,-8.027,1,0.0441,0.00192,0.663,0.0622,0.101,130.056,4,173571
42Vv0VrHNzSlbhedKSPLs9,PULL ME CLOSER,PULL ME CLOSER,San Holo;LSDREAM;artemis orion,San Holo,"future bass,edm,melodic bass,dubstep,bass music",2026,2026-04-03,44,0,SHINE LIGHT RECORDS,Phonk,0.543,0.846,11,-4.283,1,0.0338,0.00137,0.00642,0.165,0.186,73.514,4,199183
5MiudQ7xjYz4U8coF0ZTPs,Emotions,Emotions,Raban,Raban,,2026,2026-04-24,51,0,Raban,Soothing,0.121,0.321,10,-13.33,1,0.0301,0.235,0.925,0.0962,0.0392,86.924,4,356205
5eXODFPwwBFr6XE20EETUk,"Makane x Koodappirannor - From ""Vaazha 2""","Makane x Koodappirannor (From ""Vaazha 2"")",Parvatish Pradeep;B.K. Harinarayanan,Parvatish Pradeep,"malayalam pop,mollywood",2026,2026-04-09,57,0,Think Music,Southie,0.116,0.453,1,-8.992,1,0.0346,0.788,0.544,0.124,0.29,209.099,3,81000
71XdxnvFc773OCQaJynqmf,cantcatchme,club maki,uramaki.,uramaki.,"breakcore,jungle",2026,2026-03-06,36,0,makimaki records,Phonk,0.576,0.916,2,-5.253,1,0.173,0.00298,0.278,0.105,0.513,140.001,4,304928
1MmKRdb12alkIJohsvo8Bv,Solace,Solace,Txmy,Txmy,,2026,2026-04-24,69,0,AAO Records / GAMBL,Soothing,0.31,0.361,0,-13.81,0,0.0321,0.102,0.787,0.317,0.0603,139.987,4,140586
0SrDllLjHOQ06ikkO4Wtso,Phantom Ride - Slowed,Phantom Ride,Metito,Metito,phonk,2026,2026-01-16,52,0,Independent,Phonk,0.774,0.57,5,-12.78,0,0.0752,0.0154,0.85,0.0881,0.523,106.222,4,113204
3qWGanhvLi5OBtlsfCsqtp,MONTAGEM DOMER - Ultra Slowed,MONTAGEM DOMER,Paizo;DJ LXILL;DJ FallThox,Paizo,"phonk,brazilian phonk,funk",2026,2026-01-28,65,1,void,Phonk,0.553,0.835,10,-0.486,1,0.0527,0.166,0.00135,0.299,0.214,183.883,4,97758
0QzvU986OAd9ma8WH9QYFM,Montagem Fogo - Slowed,Montagem Fogo,Metito,Metito,phonk,2026,2026-02-07,54,0,Independent,Phonk,0.839,0.642,10,-13.059,0,0.0499,0.325,0.783,0.0425,0.87,105.613,4,112449
6DcuCPsLn0LjVZlXZ2LBpF,FUNK TAKA (SLOWED),FUNK TAKA,ICEDMANE;DYSMANE,ICEDMANE,"phonk,brazilian phonk",2026,2026-05-08,75,0,D.Y.S Records,Phonk,0.659,0.932,7,-0.344,1,0.0805,0.0279,0.0415,0.0937,0.503,89.992,4,107064
53AkM8aF3lSu1nShMOj418,MONTAGEM ELDER - SUPER SLOWED,MONTAGEM ELDER,Dj Samir;Nulteex;John Bis.T;RXDXVIL,Dj Samir,"phonk,brazilian phonk,funk",2026,2026-04-17,66,0,"Dj Samir, Nulteex, John Bis.T",Phonk,0.71,0.795,2,-5.317,0,0.033,0.0861,0.127,0.036,0.421,108.039,4,111712
0axM6rXe76kVZ5H3vbb8pi,Catharina,Catharina,Martin Garrix,Martin Garrix,"edm,progressive house,electronica",2026,2026-03-13,67,0,STMPD RCRDS & TH3RD BRAIN,Phonk,0.584,0.677,8,-9.098,1,0.0368,0.747,0.747,0.105,0.305,129.991,4,207288
3RoZeWjTGrtJ4hEge8uB21,MONTAGEM MIZU,MONTAGEM MIZU,defxxt;shogrim;melovrant;MIDNIGHT,defxxt,"phonk,brazilian phonk",2026,2026-04-10,47,0,MIDNIGHT SHADOW MEDIA LIMITED,Liked_Songs,0.528,0.885,7,-3.761,0,0.159,0.082,0.0,0.392,0.645,130.094,4,105461
0Wms5IftbzNzmrAyXx4A33,MONTAGEM ALQUIMIA,MONTAGEM ALQUIMIA,h6itam;n7san7os;Mc Menor Do Alvorada,h6itam,"phonk,brazilian phonk,funk",2026,2026-01-16,83,1,h6itam x n7san7os,Phonk,0.821,0.917,0,-1.394,1,0.15,0.209,6.75e-05,0.108,0.892,130.065,4,96004
66jbypfLRHYRB3UwqklrYI,"Rang De Lal (Oye Oye) (From ""Dhurandhar The Revenge"")","Rang De Lal (Oye Oye) (From ""Dhurandhar The Revenge"")",Shashwat Sachdev;Jasmine Sandlas;Afsana Khan;Amit Kumar;Sapna Mukherjee;Kalyanji-Anandji;Anand Bakshi;Reble,Shashwat Sachdev,"bollywood,hindi pop,desi pop,bhangra,desi,punjabi pop,haryanvi pop,ghazal",2026,2026-03-19,66,0,T-Series,Liked_Songs,0.869,0.868,5,-4.407,0,0.0883,0.00592,0.00244,0.296,0.551,132.008,4,200159
6QtSmbIT7WsGgrqdNrZktD,Reset (feat. Killa P),Wall-To-Wall,msft;Killa P,msft,"uk garage,bassline,breakbeat,bass music,grime,drum and bass,uk funky,jungle,uk grime,dub",2026,2026-03-06,36,0,Universal Music Italia srL.,Phonk,0.532,0.95,8,-5.976,0,0.519,0.0243,1.39e-06,0.107,0.24,174.659,5,171428
0TsyaaM73GAKIxv38yzHV4,The Last Letter,The Last Letter,Maan Panu;Mazaak,Maan Panu,hindi indie,2026,2026-02-27,71,0,Sony Music India / Brown,Indie_Beats,0.491,0.502,1,-8.249,1,0.0452,0.764,1.17e-05,0.0867,0.446,83.627,4,169941
69mt8khUdoyDo6aeJ907qL,Malaal,Malaal,Yuvi,Yuvi,"hindi indie,indian indie",2026,2026-02-03,58,0,ForeVision Digital,Indie_Beats,0.668,0.237,2,-12.544,1,0.0469,0.885,0.000338,0.283,0.22,113.922,4,175321
0GBxBb2d4BlTiwbaQuQARv,3am - Nic Vans Remix,3am - Nic Vans Remix,Łaszewo;Nic Vans,Łaszewo,,2026,2026-02-27,63,0,Boom Records / Plot Twist Records / 10K,Phonk,0.62,0.951,7,-2.961,1,0.0359,0.0396,0.00035,0.314,0.531,139.985,4,164142
2Z0VrKLEa761B4pKJJFgJW,TAKIN PICTURES,TAKIN PICTURES,MAYV,MAYV,uk garage,2026,2026-03-20,46,0,mayv,Phonk,0.723,0.793,4,-3.951,0,0.0394,0.000446,0.0358,0.224,0.328,140.037,4,171696
7EqpD4HNExBWBfGDIvODr6,THE SCIENTIST,THE SCIENTIST,Ayce Bio,Ayce Bio,,2026,2026-06-05,39,0,KUMO Collective,Phonk,0.651,0.955,11,-4.161,1,0.0819,0.0225,0.134,0.135,0.424,145.019,4,142344
14kkTrO6dOCJH9cIPSPKEA,"Techno Syndrome 2026 (feat. Ed Boon) - from ""Mortal Kombat II""","Techno Syndrome 2026 (feat. Ed Boon) [from ""Mortal Kombat II""]",Olivier Adams;Ed Boon,Olivier Adams,,2026,2026-04-09,52,0,WaterTower Music,Phonk,0.614,0.873,7,-8.907,1,0.0329,0.00371,0.464,0.351,0.837,134.036,4,154879
6QaHSnGMvd0jkuTpXtNZbd,Do You Feel Loved,Do You Feel Loved,SLANDER;John Martin,SLANDER,"melodic bass,future bass,dubstep,edm",2026,2026-03-27,56,0,Monstercat,Phonk,0.608,0.776,4,-5.846,1,0.0405,0.00249,1.27e-05,0.0771,0.101,127.952,4,189374
3xuUg8w6c9mXkaCrkhx9Vm,Flex It,Flex It,MPH;y3kfae,MPH,"uk garage,bassline,bass house,rally house",2026,2026-02-27,54,0,Black Book Records,Phonk,0.805,0.884,8,-3.383,0,0.0933,0.00646,0.00074,0.423,0.246,135.038,4,176000
4SN97PWG1WzClH2W08x8dr,TAKA LA DENTRO,TAKA LA DENTRO,SEKIMANE;shonci;Mc Gw,SEKIMANE,"phonk,brazilian phonk,funk,rally house,brazilian funk,funk carioca,funk bruxaria,brega funk",2026,2026-02-27,84,1,Bear Catalogues / Boom.Records / GAMBL,Phonk,0.818,0.952,8,-0.685,0,0.23,0.168,0.000718,0.359,0.872,180.057,4,89809
1qJiRzRlmNrzYBsMdVPqT2,"Vaari Jaavan (From ""Dhurandhar The Revenge"")","Vaari Jaavan (From ""Dhurandhar The Revenge"")",Shashwat Sachdev;Jyoti Nooran;Jasmine Sandlas;Reble,Shashwat Sachdev,"bollywood,hindi pop,desi pop,sufi,qawwali,bhangra,desi,punjabi pop",2026,2026-03-19,72,0,T-Series,Liked_Songs,0.709,0.806,1,-8.436,0,0.0812,0.000599,3.38e-05,0.118,0.194,121.973,4,250040
3rnQfyFzUNdWKtdwUypWo5,"Didi (Sher-E-Baloch) (From ""Dhurandhar The Revenge"")","Didi (Sher-E-Baloch) (From ""Dhurandhar The Revenge"")",Shashwat Sachdev;Khaled;Sons of Yusuf;Nabil El Houri,Shashwat Sachdev,"bollywood,hindi pop,desi pop,flamenco urbano,arabic hip hop,khaleeji",2026,2026-03-19,62,0,T-Series,Liked_Songs,0.832,0.754,1,-8.045,1,0.192,0.00494,0.0,0.14,0.633,108.016,4,151274
0XqgE9UN4MCo5ooIwUYm7l,MONTAGEM HIKARI,MONTAGEM HIKARI,BellyJay,BellyJay,"phonk,brazilian phonk,funk",2026,2026-01-14,71,0,0to8,Liked_Songs,0.658,0.874,0,-1.98,1,0.145,0.0885,3.13e-05,0.185,0.505,130.001,4,89985
5YXLnG6tMHE80oPZlb2eVk,Kaahe Sataye,Kaahe Sataye,Reeshabh Purohit;Harsh More,Reeshabh Purohit,"indian indie,hindi indie",2026,2026-03-20,34,0,Reeshabh Purohit & Harsh More,Indie_Beats,0.542,0.481,9,-9.456,1,0.0521,0.694,0.0,0.364,0.368,80.08,4,137997
5qbjYuBa1o7uHwMhl779jV,Ultramoon,Ultramoon,camoufly,camoufly,"uk garage,stutter house",2026,2026-06-26,56,0,Technicolour,Phonk,0.554,0.951,3,-4.326,1,0.237,0.0265,0.00606,0.0812,0.281,68.914,4,256526
2MmWECSShe50MnBNNatEOm,Montagem Fogo - Ultra Slowed,Montagem Fogo,Metito,Metito,phonk,2026,2026-02-07,53,0,Independent,Phonk,0.793,0.464,4,-13.646,1,0.0456,0.436,0.722,0.0673,0.902,92.414,4,128514
7aDl834jw3OD93b4gWEYXx,Jump In,Jump In,Noah Baine,Noah Baine,,2026,2026-03-25,40,0,Black Butter Records,Phonk,0.78,0.941,6,-6.81,0,0.0788,0.0617,0.00865,0.0815,0.258,140.008,4,150857
1dhe3PICallkMWr9098yzp,Maname,Maname,Sarah Black,Sarah Black,"tamil indie,indian indie",2026,2026-02-13,66,0,sarahblack2314,Liked_Songs,0.442,0.212,0,-11.41,1,0.0497,0.884,0.0,0.109,0.363,83.575,4,146000
0a7ZkDd8otYUwPTfTefjAS,BEAUTIFUL MOON FUNK,BEAUTIFUL MOON FUNK,SEKIMANE;SUNJI,SEKIMANE,"phonk,brazilian phonk,funk",2026,2026-01-30,62,1,Bear Catalogues / GAMBL,Liked_Songs,0.708,0.83,4,-2.698,0,0.089,0.467,2.07e-06,0.0886,0.971,89.917,4,88000
1xTCFt3FsTxlgaJTTrVBCa,MONTAGEM AMARELO - SLOWED,MONTAGEM AMARELO,KREZUS;KRAZYMANE;$HXBERRR,KREZUS,"phonk,brazilian phonk,rally house",2026,2026-06-19,58,0,"KREZUS, KRAZYMANE, $HXBERRR",Phonk,0.742,0.874,10,-3.357,0,0.0946,0.0028,0.0178,0.226,0.764,112.904,4,104174
3c5Mnlez9S2dDIRjFHfDk0,BATIDAO FUNK,BATIDAO FUNK,ZXKAI;Rezcaze;Mc Kaique SP;KINGXND,ZXKAI,"phonk,brazilian phonk,funk",2026,2026-01-26,76,1,ZXKAI,Phonk,0.833,0.938,5,-0.084,0,0.0627,0.158,0.0832,0.269,0.776,129.954,4,120461
4jm4wiaUbzjX58CwkZihzm,TAKA LA DENTRO - ULTRA SLOWED,TAKA LA DENTRO,SEKIMANE;shonci;Mc Gw,SEKIMANE,"phonk,brazilian phonk,funk,rally house,brazilian funk,funk carioca,funk bruxaria,brega funk",2026,2026-02-27,61,1,Bear Catalogues / Boom.Records / GAMBL,Phonk,0.92,0.827,4,-2.189,0,0.0946,0.265,0.000146,0.296,0.832,142.885,4,109846
3J27i94ItGUjlAgv9YBOND,i just get so nervy,i just get so nervy,H11T,H11T,phonk,2026,2026-05-07,60,0,WLTD ENTERTAINMENT,Phonk,0.888,0.575,1,-1.509,1,0.0602,0.0144,0.0,0.326,0.791,130.001,4,69346
7Avm9TTum1GowfLcDwdgyZ,Yara Yara Ya Phonk - Sua Amiga Eu Vou Pegar - Slowed,Yara Yara Ya Phonk / Sua Amiga Eu Vou Pegar,MC WM;MC Lan;DJ Will o Cria,MC WM,brazilian funk,2026,2026-05-16,73,0,Seven Music Records,Phonk,0.874,0.393,4,-7.44,1,0.0722,0.197,0.00873,0.258,0.442,92.966,4,206451
4Hw4oomlEbcF2FilSyMMto,DESCONTROLADO,DESCONTROLADO,ICE CREAM MUSIC,ICE CREAM MUSIC,,2026,2026-05-01,46,0,Ice Cream Music Records,Phonk,0.708,0.937,0,-3.164,1,0.101,0.101,0.0883,0.173,0.546,124.996,4,96960
5qPVt7YojeqiBTix4XqCCv,MONTAGEM CONTAGION - Super Slowed,MONTAGEM CONTAGION,SXXIKSER;weezyrsx;Matra!,SXXIKSER,"phonk,brazilian phonk",2026,2026-02-27,65,0,0to8,Phonk,0.566,0.643,5,-3.318,1,0.0394,0.465,1.06e-06,0.348,0.587,106.342,4,87581
6VixlHKJOoG9d8RjxmzIWo,NIGHTS,NIGHTS,Aures,Aures,"stutter house,uk garage",2026,2026-05-22,41,0,KUMO Collective,Phonk,0.767,0.687,11,-6.891,0,0.176,0.021,5.33e-05,0.343,0.158,137.97,4,215652
2gZpDSPgPs0N41CAtErXWz,hold tight,hold tight,Oppidan;camoufly,Oppidan,"uk garage,bassline,rally house,stutter house",2026,2026-02-20,52,0,Promised Land Recordings,Phonk,0.817,0.867,1,-7.218,0,0.499,0.0108,0.0306,0.0831,0.242,144.247,4,148645
5WShZpWdfHKvWonA4ZUJHW,MONTAGEM TENTA - Slowed,MONTAGEM TENTA,merunes;DJ MH;MC K3;DJ Lucca 01,merunes,"phonk,brazilian phonk",2026,2026-02-20,73,0,PLAYA POSSE,Phonk,0.699,0.762,11,-7.995,1,0.0463,0.156,0.225,0.416,0.555,103.183,4,93038
1WpmO1HtVzpI10z95Ex18n,MONTAGEM CASTELO - Super Slowed,MONTAGEM CASTELO (Versions),RXDXVIL;LUMIX,RXDXVIL,"phonk,brazilian phonk,funk",2026,2026-03-23,48,1,broke,Phonk,0.619,0.745,2,-7.803,0,0.0867,0.0669,0.000221,0.153,0.508,108.037,4,121111
3KuHmU9goPEunlWd5mpdFr,BAILA LENTO - Slowed,BAILA LENTO,sma$her;MC DA$ILVA,sma$her,"phonk,brazilian phonk",2026,2026-05-25,64,0,Tribal Trap,Phonk,0.494,0.947,1,-0.003,1,0.0451,0.0379,2.71e-06,0.188,0.453,74.778,4,94607
7umjcsjuQycOq6CxOjStAC,Arcano - Slowed,Arcano,Flame Runner;Dj Samir,Flame Runner,"phonk,brazilian phonk,funk",2026,2026-02-27,66,0,PCR,Phonk,0.69,0.732,5,-4.654,0,0.0449,0.177,0.0485,0.111,0.154,77.415,4,94355
69KiHpC4uBEDbFgIxuHeoR,BREGA DO LOVE (SLOWED),BREGA DO LOVE,Nxxkz;-Prey;Silo;Mc Gw,Nxxkz,"phonk,brazilian phonk,funk,brazilian funk,funk carioca,funk bruxaria,brega funk",2026,2026-04-17,72,0,NxxKz,Phonk,0.638,0.952,9,-2.181,0,0.139,0.0557,0.0,0.206,0.669,158.553,4,120334
2t3GJlxuaWv2BqM6WOhEmw,TAKI RUMBA - Ultra Slowed,TAKI RUMBA,NVRVYN;0ketaminxe,NVRVYN,"phonk,brazilian phonk,tekno",2026,2026-04-17,52,0,INTERTONE,Phonk,0.704,0.721,5,-1.982,1,0.0942,0.531,9.82e-06,0.351,0.314,155.58,4,164486
62n9gOtXkZZM4ielTvJI00,MONTAGEM UNKNOWN - Slowed,MONTAGEM UNKNOWN,AKXNESHIVA;Avenxir;HamiBeats,AKXNESHIVA,"phonk,brazilian phonk",2026,2026-01-09,75,0,Sketch Music,Phonk,0.79,0.732,1,-5.518,0,0.057,0.0554,0.0259,0.343,0.945,178.206,4,80879
1YZRMrJED4cCo82Ao35LKg,RAYELO - Slowed,RAYELO,Irokz;TESOROX;DJ Zarek,Irokz,"phonk,brazilian phonk,funk",2026,2026-05-29,58,0,Rylaris Music Group,Phonk,0.635,0.79,10,-0.751,0,0.0319,0.0693,0.00116,0.147,0.339,80.744,4,145039
0TcB7NLT53MmAdgocbP2x0,YALA - Super Slowed,YALA,QMIIR;DJ Zarek;Irokz,QMIIR,"phonk,brazilian phonk,funk",2026,2026-04-17,63,0,Rylaris Music Group / Zime Media AB,Phonk,0.663,0.663,4,-4.219,0,0.0288,0.309,0.823,0.0806,0.0857,149.847,4,177600
2cbxj8sawxD8tIz4IARGWA,Nervy Funk - Ultra Slowed,Nervy Funk,DJ KVNXD;Dj Zidzz;BRTS7;DJ ALGUS ZL,DJ KVNXD,"phonk,brazilian phonk,funk",2026,2026-03-15,69,0,Viplus Digital Music,Phonk,0.833,0.642,1,0.442,1,0.114,0.176,0.119,0.224,0.558,183.813,4,102394
2MEdc0rXNoD3ufgTspAgLZ,MONTAGEM CASTELO - Slowed,MONTAGEM CASTELO (Versions),RXDXVIL;LUMIX,RXDXVIL,"phonk,brazilian phonk,funk",2026,2026-03-23,57,1,broke,Phonk,0.619,0.741,1,-7.555,1,0.0463,0.0621,0.00312,0.104,0.585,115.006,4,113739
1Be5TJspwQyZmqiinR4VhH,LEVA TUDO,LEVA TUDO,DJ FKU,DJ FKU,"phonk,brazilian phonk",2026,2026-07-10,57,0,Berserk Records,Phonk,0.555,0.965,2,-1.511,1,0.0498,0.121,0.0,0.248,0.553,134.092,4,88656
6fak2nwmuqdLn5Adh3iCMO,Chura Liya,Chura Liya,Sanam,Sanam,"hindi pop,desi pop",2026,2026-02-11,46,0,Saregama India Ltd,Samui,0.686,0.623,9,-8.001,0,0.0381,0.617,6.81e-05,0.211,0.17,98.106,4,218571
6sEaAMiV2arIueZetTSitj,FUNK SERENO,FUNK SERENO,ICEDMANE;DYSMANE,ICEDMANE,"phonk,brazilian phonk",2026,2026-03-06,65,0,"ICEDMANE, DYSMANE",Phonk,0.567,0.96,9,0.809,0,0.0763,0.00306,0.0556,0.339,0.336,80.075,4,130742
2MzMxS2bByjQdbxt4tmkzI,MONTAGEM ELDER - SLOWED,MONTAGEM ELDER,Dj Samir;Nulteex;John Bis.T;RXDXVIL,Dj Samir,"phonk,brazilian phonk,funk",2026,2026-04-17,75,0,"Dj Samir, Nulteex, John Bis.T",Phonk,0.713,0.883,4,-5.039,0,0.0453,0.0616,0.692,0.261,0.286,120.065,4,100541
0vmFuEhyHR8SbOhDFq021Y,MONTAGEM ALQUIMIA - SLOWED,MONTAGEM ALQUIMIA,h6itam;n7san7os;Mc Menor Do Alvorada,h6itam,"phonk,brazilian phonk,funk",2026,2026-01-16,82,1,h6itam x n7san7os,Phonk,0.799,0.883,9,-2.731,0,0.0968,0.207,1.19e-05,0.12,0.792,110.056,4,113465
2h4amIvI8Qi2k7IFK3igKZ,MONTAGEM DOMER - Super Slowed,MONTAGEM DOMER,Paizo;DJ LXILL;DJ FallThox,Paizo,"phonk,brazilian phonk,funk",2026,2026-01-28,74,1,void,Phonk,0.693,0.885,7,-0.455,1,0.0465,0.165,0.00276,0.26,0.396,103.195,4,87093
6fPdmvzjvDgpR2koly0wrW,All Mine,All Mine,AR Paisley,AR Paisley,"punjabi hip hop,punjabi pop,bhangra,desi hip hop",2026,2026-05-08,54,1,Timeless Records Entertainment Ltd.,Phonk,0.528,0.898,1,-5.081,0,0.191,0.004,0.0,0.486,0.352,192.14,4,142500
0W5JTJbUDrwMJrzo7iDxkh,MELODIA CAVALGADA - Slowed,MELODIA CAVALGADA,DJ Javi26;SASORIIXPP,DJ Javi26,"phonk,brazilian phonk,funk",2026,2026-05-29,73,1,DJ Javi26,Phonk,0.955,0.602,11,-2.731,0,0.333,0.15,0.000279,0.0909,0.56,100.878,4,84611
1xKMSHgGIQ26RhDDxmIjan,MONTAGEM PEGADORA - Slowed,MONTAGEM PEGADORA,Rubikdice;Chilx;WAA,Rubikdice,"phonk,brazilian phonk",2026,2026-03-13,84,0,Sketch Music,Phonk,0.713,0.953,1,-1.5,1,0.11,0.00105,0.0214,0.0804,0.406,99.986,4,102048
5KJV6BPwa3PDeC41ksoHDl,BREGA DO LOVE (SUPER SLOWED),BREGA DO LOVE,Nxxkz;-Prey;Silo;Mc Gw,Nxxkz,"phonk,brazilian phonk,funk,brazilian funk,funk carioca,funk bruxaria,brega funk",2026,2026-04-17,63,0,NxxKz,Phonk,0.733,0.938,7,-2.18,0,0.0693,0.0565,1.89e-05,0.377,0.439,137.86,4,139031
5Y5NUAnVqru8HUUx4Yrli0,FUNK SERENO - SLOWED,FUNK SERENO,ICEDMANE;DYSMANE,ICEDMANE,"phonk,brazilian phonk",2026,2026-03-06,73,0,"ICEDMANE, DYSMANE",Phonk,0.622,0.946,0,0.43,0,0.0484,0.00796,0.255,0.284,0.286,143.977,4,145269
4HsZFyw4DxL0VPl924UFfd,MONTAGEM SETHRON - Super Slowed,MONTAGEM SETHRON,SASORIIXPP;Zhanbxqq;DJ Javi26,SASORIIXPP,"phonk,brazilian phonk,funk",2026,2026-03-16,73,1,SASORIIXPP,Phonk,0.68,0.847,2,-0.264,1,0.0419,0.205,0.00812,0.414,0.516,103.155,4,100235
0uYxQl1aLEhVBOEoMhF2tT,MUTILATOR (SLOWED),MUTILATOR,ZMAJOR;Lurk,ZMAJOR,"phonk,brazilian phonk,funk",2026,2026-04-24,79,0,ZMAJOR,Phonk,0.817,0.654,10,0.177,1,0.038,0.469,0.852,0.0629,0.977,91.441,4,109419
3WqN7wOrsLEfRMRBrQFspd,SIENTE DANCE - Slowed,SIENTE DANCE,Lowx,Lowx,"phonk,drift phonk",2026,2026-01-23,57,0,Cresta La Cultura,Phonk,0.43,0.878,6,-0.484,1,0.0379,0.0539,1.13e-06,0.273,0.35,91.826,4,152924
170omn2ZVztfNXZJ6Hz2bo,MONTAGEM DOMER - Slowed,MONTAGEM DOMER,Paizo;DJ LXILL;DJ FallThox,Paizo,"phonk,brazilian phonk,funk",2026,2026-01-28,62,1,void,Phonk,0.709,0.863,2,-0.476,1,0.0656,0.121,0.00574,0.0506,0.313,115.832,4,77589
4rA1eFkTg7ngYpBf1KjkMg,FREAKED OUT - AFTER HOURS SLOWED,FREAKED OUT,Fat Papi;prodshushy,Fat Papi,,2026,2026-06-04,76,1,broke,Phonk,0.735,0.445,7,-12.787,0,0.0676,0.384,1.59e-05,0.117,0.274,148.859,4,180705
0RsH8g8DxdYZgdGcod5I36,Bairan,Bairan,Banjaare,Banjaare,haryanvi pop,2026,2026-01-23,89,0,Sony Music India / Brown,Indie_Beats,0.663,0.605,5,-7.028,1,0.0354,0.0954,5.09e-06,0.253,0.481,139.88,4,150857
7N3H0T7EgeflYdKd68lvIV,MONTAGEM URANIUM - Slowed,MONTAGEM URANIUM,ZAYLO,ZAYLO,"phonk,brazilian phonk,funk",2026,2026-05-15,74,0,void,Phonk,0.712,0.799,2,-2.511,1,0.0367,0.343,0.0174,0.201,0.382,103.169,4,99741
6ONQjmeETc6xQkP3tMX2wp,FUNK ABNORMAL - ULTRA SLOWED,FUNK ABNORMAL,DJ V12;SXID,DJ V12,"phonk,brazilian phonk",2026,2026-03-04,71,1,DJ V12,Phonk,0.638,0.735,8,-1.058,1,0.0368,0.343,0.000802,0.0837,0.0725,91.88,4,127772
0paFptRuPw7IOyyRS5TjAh,MONTAGEM GUERREIRO - Slowed,MONTAGEM GUERREIRO,Avenxir;SUNJI,Avenxir,"phonk,brazilian phonk,funk",2026,2026-05-22,73,0,Sketch Music,Phonk,0.761,0.886,0,-1.297,1,0.0653,0.00244,0.0504,0.284,0.868,98.012,4,74634
0qC4adFr9lpxsRUB5yvs6u,MONTAGEM PEGADORA,MONTAGEM PEGADORA,Rubikdice;Chilx;WAA,Rubikdice,"phonk,brazilian phonk",2026,2026-03-13,74,0,Sketch Music,Phonk,0.726,0.926,2,-1.475,1,0.168,0.000571,0.134,0.0952,0.533,109.958,4,92812
1VnxDKPR5axV3Jze4UHeSI,SEM CONTROLE - Super Slowed,SEM CONTROLE,nightfxrce,nightfxrce,"phonk,brazilian phonk",2026,2026-03-27,63,0,THIS IS MAFIA,Phonk,0.69,0.857,11,-1.616,1,0.0284,0.251,5e-05,0.13,0.604,100.055,4,117600
59qEysduLjoIm8TTnAqx0g,MONTAGEM ALQUIMIA - SUPER SLOWED,MONTAGEM ALQUIMIA,h6itam;n7san7os;Mc Menor Do Alvorada,h6itam,"phonk,brazilian phonk,funk",2026,2026-01-16,70,1,h6itam x n7san7os,Phonk,0.775,0.739,0,-2.956,0,0.0717,0.251,2.79e-06,0.146,0.883,100.075,4,124812
1O6LIybBwZr2q9YoveyLWf,MONTAGEM DELÍRIO - Super Slowed,MONTAGEM DELÍRIO,ZXVREN,ZXVREN,"phonk,brazilian phonk",2026,2026-01-23,77,1,broke,Phonk,0.542,0.566,5,-6.718,1,0.0317,0.308,0.124,0.186,0.519,91.011,4,125051
2m13kTkHt4609MpA8dkzpR,MONTAGEM PEGADORA - Super Slowed,MONTAGEM PEGADORA,Rubikdice;Chilx;WAA,Rubikdice,"phonk,brazilian phonk",2026,2026-03-13,68,0,Sketch Music,Phonk,0.68,0.948,1,-1.508,1,0.15,0.00104,0.0475,0.121,0.402,92.554,4,110355
7whawrm8bGH8YhG35vjNjJ,Phantom Ride - Super Slowed,Phantom Ride,Metito,Metito,phonk,2026,2026-01-16,54,0,Independent,Phonk,0.721,0.5,4,-13.14,1,0.0921,0.0555,0.926,0.0875,0.356,89.559,4,134228
63TCX78T6nyYXLi0ZGTNSE,MONTAGEM APOLLO - Super Slowed,MONTAGEM APOLLO,SCHWVFTY,SCHWVFTY,"phonk,brazilian phonk,funk",2026,2026-04-03,69,1,SCHWVFTY,Phonk,0.622,0.947,1,1.331,1,0.0323,0.0998,1.04e-06,0.115,0.568,110.032,4,108022
3dnSijuGDhhzzo0FFGptxX,MONTAGEM FEARLESS - Ultra Slowed,MONTAGEM FEARLESS,lirvie;DJ eu4oria;DJ FZ DA ZN;Matra!,lirvie,"phonk,brazilian phonk,funk",2026,2026-04-03,78,0,0to8,Phonk,0.521,0.863,5,-1.815,1,0.0369,0.491,1.15e-06,0.284,0.157,86.252,4,152947
5VmmaElvu2KTB0mpUSGlMy,Aashiqana,Parvana,Chaar Diwaari;Indian Ocean;gini,Chaar Diwaari,"desi hip hop,hindi hip hop,indian indie,hindi indie,desi pop,sufi",2026,2026-02-26,58,0,Universal Music India Pvt Ltd.,Indie_Beats,0.402,0.563,0,-6.932,1,0.11,0.207,1.37e-06,0.643,0.762,164.776,3,403580
40LmVPaw4zlLY4LVaLDrUR,BATIDAO FUNK - SLOWED,BATIDAO FUNK,ZXKAI;Rezcaze;Mc Kaique SP;KINGXND,ZXKAI,"phonk,brazilian phonk,funk",2026,2026-01-26,65,1,ZXKAI,Phonk,0.866,0.93,3,-0.444,0,0.0531,0.101,0.00828,0.147,0.8,115.747,4,135211
1hj2XHe0acA4QuAS0HSxsz,Iss Tarah,Iss Tarah,Chaar Diwaari;Sonu Nigam,Chaar Diwaari,"desi hip hop,hindi hip hop,indian indie,hindi indie,kannada pop,bollywood,sandalwood,hindi pop,desi,marathi pop",2026,2026-02-09,66,0,Universal Music India Pvt Ltd.,Indie_Beats,0.669,0.628,4,-4.382,1,0.0332,0.126,2.97e-05,0.341,0.639,114.992,4,323496
7taSXuN8i20lG5w1J29wh1,"Koodappirannor - From ""Vaazha 2""","Koodappirannor (From ""Vaazha 2"")",Parvatish Pradeep;Sooraj Santhosh;Nila Raj;B.K. Harinarayanan,Parvatish Pradeep,"malayalam pop,mollywood,tollywood,malayalam hip hop",2026,2026-04-09,57,0,Think Music,Southie,0.469,0.31,8,-9.501,1,0.0272,0.927,0.0085,0.106,0.208,104.941,4,244571
34P9yL4o8wcR4jBhU5oHD0,NATI NATI - Slowed,NATI NATI,TRVXER;0ketaminxe,TRVXER,"tekno,phonk,brazilian phonk",2026,2026-03-20,64,0,INTERTONE,Phonk,0.555,0.987,8,0.142,1,0.0451,0.112,0.835,0.103,0.57,149.636,4,103428
42DzbhSV3VctQ7izGtPyD1,Makane X Koodappirannor,Vaazha 2 (Original Motion Picture Soundtrack),Parvatish Pradeep;B.K. Harinarayanan,Parvatish Pradeep,"malayalam pop,mollywood",2026,2026-04-02,59,0,Think Music,Southie,0.116,0.453,1,-8.992,1,0.0346,0.788,0.544,0.124,0.288,209.099,3,81000
4zeA83WTPlKCkag4utanxx,Koodappirannor,Vaazha 2 (Original Motion Picture Soundtrack),Parvatish Pradeep;Sooraj Santhosh;Nila Raj;B.K. Harinarayanan,Parvatish Pradeep,"malayalam pop,mollywood,tollywood,malayalam hip hop",2026,2026-04-02,69,0,Think Music,Southie,0.469,0.31,8,-9.501,1,0.0272,0.927,0.0085,0.106,0.208,104.941,4,244571
1BoDSjzUW6Bjf8JjHmY6D2,FUNK ABNORMAL - SLOWED,FUNK ABNORMAL,DJ V12;SXID,DJ V12,"phonk,brazilian phonk",2026,2026-03-04,82,1,DJ V12,Phonk,0.701,0.787,1,-0.571,1,0.044,0.147,0.267,0.131,0.153,115.792,4,101410
1jCddnBIWCU30rImYdZqXy,Miss it,Miss it,KIARA,KIARA,,2026,2026-06-26,52,0,Liquid State,Phonk,0.65,0.968,11,-3.05,0,0.0462,0.0459,0.00222,0.0826,0.658,145.025,4,140275
