artists,danceability,energy,key,loudness,mode,speechiness,acousticness,instrumentalness,liveness,valence,tempo,time_signature,duration_ms,popularity,count
kensuke ushio,0.5839038461538462,0.2617953846153846,3.769230769230769,-16.700769230769232,0.75,0.061288461538461535,0.7703062307692308,0.689125,0.11729615384615386,0.33915192307692305,118.10836538461538,3.9615384615384617,119192.71153846153,18.98076923076923,52
Sanam,0.6275999999999999,0.5071800000000001,5.86,-7.90624,0.62,0.035865999999999995,0.5309268,0.0100928254,0.16485399999999997,0.50734,112.19456,3.88,210991.62,48.94,50
Sai Abhyankkar,0.4401428571428571,0.4352142857142857,6.428571428571429,-10.583499999999999,0.5,0.05406428571428572,0.7015,0.3424169214285714,0.14578571428571427,0.3708214285714285,106.29471428571428,3.7857142857142856,156040.5,59.57142857142857,14
Shashwat Sachdev,0.685,0.6776666666666666,6.833333333333333,-7.7372499999999995,0.5833333333333334,0.100675,0.19173408333333333,0.02930207,0.15615833333333332,0.4618333333333333,126.34100000000001,3.9166666666666665,244324.0,59.916666666666664,12
Ritviz,0.6029,0.5849,4.5,-8.1779,0.5,0.1111,0.1240502,0.0668566,0.21625999999999998,0.45199,110.37899999999999,4.0,184785.1,46.5,10
R. D. Burman,0.6039,0.44820000000000004,5.9,-8.8682,0.6,0.03395,0.609004,0.001360926,0.11494,0.48369999999999996,120.3471,3.8,227031.5,53.7,10
Sayfalse,0.6398,0.9061999999999999,2.9,-1.241,0.4,0.10661000000000001,0.216258,0.16925928099999998,0.22212,0.40259999999999996,123.1165,3.9,99568.4,59.2,10
Dj Samir,0.6114444444444445,0.890888888888889,4.111111111111111,-2.6092222222222223,0.1111111111111111,0.04628888888888889,0.10108888888888888,0.09641625555555555,0.19555555555555557,0.4434444444444445,111.20266666666667,4.0,93956.66666666667,69.33333333333333,9
Aditya Rikhari,0.6367777777777778,0.37866666666666665,5.444444444444445,-10.722777777777777,0.3333333333333333,0.08102222222222223,0.6174444444444445,0.0003239244444444444,0.12696666666666667,0.4735555555555556,123.99544444444444,3.7777777777777777,179578.55555555556,65.33333333333333,9
Mitraz,0.6945,0.571625,5.125,-8.086500000000001,0.5,0.041475,0.2558375,0.08920659249999999,0.10276249999999999,0.4117875,114.0035,4.0,181876.625,60.125,8
MXZI,0.67125,0.882,3.625,-3.40525,0.375,0.056937499999999995,0.11031250000000001,0.03850159875,0.1901125,0.608625,119.61275,4.0,86216.375,70.625,8
SEKIMANE,0.7511428571428571,0.8624285714285714,6.285714285714286,-1.7228571428571426,0.42857142857142855,0.11625714285714286,0.24331428571428573,0.03773113857142857,0.24412857142857142,0.6614285714285714,117.74114285714286,4.0,97783.28571428571,67.71428571428571,7
Prateek Kuhad,0.6867142857142857,0.3291428571428571,4.714285714285714,-11.239,1.0,0.0402,0.6423571428571428,0.04702748285714286,0.13907142857142857,0.43985714285714284,110.107,3.2857142857142856,205710.42857142858,55.57142857142857,7
Rokudenashi,0.6143333333333333,0.6088333333333333,4.666666666666667,-5.455333333333333,1.0,0.03295,0.39303666666666665,6.1705e-05,0.17300000000000001,0.6718333333333333,152.4725,4.0,187911.16666666666,56.333333333333336,6
DYSMANE,0.5991666666666666,0.9423333333333334,7.333333333333333,0.305,0.3333333333333333,0.05985000000000001,0.06568666666666667,0.08855,0.22978333333333334,0.34850000000000003,116.35066666666667,4.0,114815.0,68.16666666666667,6
Anumita Nadesan,0.5508333333333334,0.38633333333333336,4.333333333333333,-9.600666666666667,1.0,0.05745,0.7091666666666666,0.006144898333333333,0.14266666666666666,0.3443333333333333,124.48166666666668,3.8333333333333335,209312.0,40.5,6
Nakama,0.7111666666666667,0.8003333333333332,3.3333333333333335,-2.1705,0.3333333333333333,0.036616666666666665,0.22851333333333335,0.020547176666666667,0.16803333333333334,0.6243333333333333,134.23716666666667,4.0,88890.16666666667,70.66666666666667,6
Lata Mangeshkar,0.3456666666666666,0.37116666666666664,3.1666666666666665,-11.445500000000001,0.5,0.041166666666666664,0.8744999999999999,0.008814316666666667,0.1627333333333333,0.5866666666666667,135.975,3.1666666666666665,262318.6666666667,55.833333333333336,6
Sachin Gupta,0.6084999999999999,0.38116666666666665,7.0,-9.9975,0.5,0.030116666666666667,0.633,0.08196195,0.12271666666666668,0.4001666666666666,108.413,4.0,205190.83333333334,44.666666666666664,6
h6itam,0.7080000000000001,0.894,5.666666666666667,-2.4193333333333333,0.3333333333333333,0.06945,0.22366666666666668,0.163180365,0.1605,0.6531666666666667,126.73433333333332,4.0,114219.5,76.33333333333333,6
ICEDMANE,0.5991666666666666,0.9423333333333334,7.333333333333333,0.305,0.3333333333333333,0.05985000000000001,0.06568666666666667,0.08855,0.22978333333333334,0.34850000000000003,116.35066666666667,4.0,114815.0,68.16666666666667,6
Amit Trivedi,0.711,0.5858333333333333,7.0,-7.981000000000001,0.8333333333333334,0.10565000000000001,0.5003333333333334,0.00318485,0.20455,0.6773333333333333,126.94866666666667,3.5,228470.0,30.0,6
ATLXS,0.6508333333333333,0.9215,4.5,-4.508500000000001,0.6666666666666666,0.08211666666666667,0.04529666666666667,0.05244693166666667,0.22966666666666669,0.5513333333333333,123.855,4.0,104263.5,71.5,6
Sujan Chapagain,0.38949999999999996,0.32766666666666666,5.666666666666667,-12.884,1.0,0.0424,0.7818333333333333,0.12478963166666666,0.11728333333333334,0.3788333333333333,122.43483333333332,3.5,251918.0,50.166666666666664,6
A.R. Rahman,0.6396,0.7245999999999999,5.6,-7.4525999999999994,0.8,0.045579999999999996,0.3028,0.0769136,0.14234,0.5987199999999999,121.997,3.8,327665.0,71.0,5
Metito,0.7722,0.5742,4.8,-13.005199999999999,0.6,0.06770000000000001,0.16894,0.8028000000000001,0.0696,0.6918,104.3554,4.0,116470.8,52.8,5
Chilx,0.6762,0.9284000000000001,4.2,-1.7616,0.6,0.10064,0.000607,0.08468,0.09790000000000001,0.4554,110.7844,4.0,104798.6,70.0,5
DJ Asul,0.6487999999999999,0.9109999999999999,6.8,-0.6822,0.4,0.07176,0.17432,0.013958606000000002,0.3024,0.617,123.99540000000002,4.0,90883.0,71.0,5
B.K. Harinarayanan,0.32399999999999995,0.3478,3.8,-9.745000000000001,1.0,0.0303,0.8486,0.23704,0.10624,0.22039999999999998,146.61419999999998,3.6,184656.8,59.4,5
Mc Menor Do Alvorada,0.7716000000000001,0.8640000000000001,5.6,-1.8994,0.6,0.11188000000000001,0.3718,0.129156438,0.11162000000000001,0.8455999999999999,120.0396,4.0,103037.0,72.6,5
S. D. Burman,0.6626,0.5314,6.2,-7.444800000000001,0.8,0.035199999999999995,0.51634,2.52e-07,0.1316,0.6926,120.56779999999999,3.8,215956.4,50.8,5
Rubikdice,0.6762,0.9284000000000001,4.2,-1.7616,0.6,0.10064,0.000607,0.08468,0.09790000000000001,0.4554,110.7844,4.0,104798.6,70.0,5
DJ Zarek,0.6448,0.7944,5.6,-2.2332,0.0,0.03382,0.17854,0.35084038,0.1183,0.32654,129.07319999999999,4.0,134619.2,66.8,5
Repsaj,0.7694,0.6594,5.6,-4.3854,0.6,0.07564,0.32902,0.15881029800000002,0.12482,0.44820000000000004,135.6654,4.0,95776.6,69.0,5
Pritam,0.469,0.6226,6.2,-7.1450000000000005,0.8,0.0536,0.6758,0.000275976,0.1308,0.49422,89.0436,4.0,282177.6,71.0,5
DJ Javi26,0.6548,0.8474,5.0,-1.9945999999999997,0.2,0.10066000000000001,0.1449,0.0016798,0.23878,0.5856,110.65,4.0,87952.6,71.6,5
Mc Gw,0.7974,0.8946,7.4,-2.0864000000000003,0.2,0.11656,0.25884,0.00991658,0.265,0.7283999999999999,149.8764,4.0,104138.6,68.8,5
Parvatish Pradeep,0.32399999999999995,0.3478,3.8,-9.745000000000001,1.0,0.0303,0.8486,0.23704,0.10624,0.22039999999999998,146.61419999999998,3.6,184656.8,59.4,5
Akanksha Bhandari,0.6304000000000001,0.49820000000000003,6.0,-9.2066,1.0,0.03966,0.609,0.00054642,0.16,0.3126,99.9024,2.8,253942.4,24.2,5
Ariis,0.7512,0.8772,5.0,-0.937,0.4,0.16199999999999998,0.143246,0.371376,0.34198000000000006,0.6058,109.1362,3.8,113693.8,72.2,5
Anuv Jain,0.557,0.311,2.8,-10.9566,0.8,0.03688,0.7140000000000001,0.0,0.14972,0.2586,126.39000000000001,4.2,220753.8,75.2,5
Kavita Seth,0.5559999999999999,0.5810000000000001,5.2,-8.1202,1.0,0.03242,0.32653999999999994,0.012706306,0.18596,0.38639999999999997,108.46459999999999,4.0,314143.8,35.8,5
Vilen,0.485,0.4554,5.4,-8.7854,0.8,0.039659999999999994,0.391,0.004343512,0.22218,0.40199999999999997,134.80720000000002,4.2,228676.8,57.2,5
ArtMandu,0.4182,0.3468,5.4,-12.6344,1.0,0.04492,0.7902,0.000147558,0.12632000000000002,0.42639999999999995,119.5212,3.6,266923.8,52.8,5
Zaeden,0.7807999999999999,0.466,6.0,-8.3358,1.0,0.05282,0.47040000000000004,0.03576694,0.15348,0.7066,117.6298,4.0,155059.8,50.6,5
Jmilton,0.6547499999999999,0.95675,6.75,-2.77,0.5,0.0944,0.097825,0.014985375,0.20625,0.6125,123.89375000000001,4.0,90734.0,71.75,4
Nulteex,0.6930000000000001,0.89975,5.25,-3.52325,0.25,0.035375000000000004,0.0428625,0.2054532,0.1925,0.348,115.26599999999999,4.0,110952.5,70.75,4
Nxxkz,0.598,0.91425,5.0,-1.66275,0.25,0.07150000000000001,0.04557,4.725e-06,0.28925,0.49825,149.04575,4.0,116508.25,68.75,4
Mohammed Rafi,0.7095,0.5002500000000001,5.5,-7.6575,0.75,0.045524999999999996,0.62675,0.04675128,0.153775,0.73475,104.87875,3.75,209513.0,53.75,4
Nyasa,0.598,0.685,5.5,-5.72725,1.0,0.082175,0.40125,1.3104999999999999e-05,0.134,0.626,128.2955,3.75,218622.0,10.75,4
ZXKAI,0.74575,0.944,2.75,0.31675,0.5,0.04905,0.1205,0.022887275,0.19125,0.75075,120.97125,4.0,113337.5,78.0,4
RXDXVIL,0.66525,0.791,2.25,-6.4285,0.25,0.052825,0.069175,0.20558525,0.1385,0.45,112.78675,4.0,111775.75,61.5,4
QMIIR,0.70625,0.7705,6.0,-3.49825,0.0,0.041249999999999995,0.20475,0.4035004075,0.199,0.216175,140.27025,4.0,145584.75,71.5,4
DJ FallThox,0.69875,0.80325,6.5,-1.419,1.0,0.0645,0.20325000000000001,0.0024702500000000002,0.1789,0.36225,123.70375,4.0,96940.5,64.0,4
Jasmine Sandlas,0.78425,0.78075,6.5,-7.212,0.5,0.10062499999999999,0.08142975,0.000620785,0.138625,0.46950000000000003,109.7295,4.0,210064.0,65.75,4
sma$her,0.65325,0.8302499999999999,2.25,-2.00575,0.5,0.0331,0.114025,0.17850347749999998,0.220725,0.58925,112.92825,4.0,73337.5,69.0,4
Vismay Patel,0.69575,0.25975000000000004,4.5,-15.11725,1.0,0.032875,0.747,0.014265700000000001,0.12275,0.37175,106.20775,3.75,184632.25,21.75,4
M4GN,0.723,0.779,6.75,-6.57025,0.5,0.044774999999999995,0.29245,0.0031392250000000003,0.151175,0.6,115.18075,4.0,129092.5,67.25,4
Irshad Kamil,0.606,0.668,7.75,-7.56675,0.5,0.054925,0.17127499999999998,0.00011682500000000001,0.16162500000000002,0.5277499999999999,135.7745,3.5,290845.25,69.75,4
Irokz,0.6055,0.7635000000000001,6.75,-2.47725,0.0,0.035949999999999996,0.17830000000000001,0.63704,0.1535,0.219925,131.67825,4.0,152284.75,65.75,4
Yorushika,0.69725,0.518,3.75,-6.97575,1.0,0.038175,0.42237499999999994,0.00151,0.19195,0.71275,104.75150000000001,4.0,243697.5,68.0,4
Scythermane,0.7657499999999999,0.94025,8.0,-0.8510000000000001,0.0,0.054625,0.29500000000000004,0.24933999999999998,0.16855,0.414025,118.2525,4.0,99266.25,56.75,4
Bikesh Bazra,0.3746666666666667,0.217,7.0,-13.046666666666667,1.0,0.031566666666666666,0.7886666666666667,0.5006666666666667,0.13903333333333331,0.25266666666666665,115.54366666666665,3.0,131424.0,18.0,3
Chaar Diwaari,0.6163333333333334,0.6043333333333333,2.6666666666666665,-6.384333333333333,1.0,0.10773333333333333,0.248,1.0753333333333333e-05,0.511,0.7176666666666667,131.262,3.6666666666666665,325341.0,63.0,3
Sachin-Jigar,0.5479999999999999,0.5593333333333333,5.333333333333333,-8.527333333333333,1.0,0.044533333333333334,0.611,0.0018345666666666665,0.11173333333333334,0.39433333333333337,128.76366666666667,4.0,173999.66666666666,62.666666666666664,3
Salim–Sulaiman,0.42966666666666664,0.7456666666666667,5.666666666666667,-5.085,0.6666666666666666,0.12786666666666666,0.07093333333333333,0.00013033333333333332,0.19266666666666665,0.405,143.07333333333335,4.0,258895.66666666666,1.0,3
Paizo,0.6516666666666667,0.8610000000000001,6.333333333333333,-0.4723333333333333,1.0,0.054933333333333334,0.15066666666666667,0.003283333333333334,0.20319999999999996,0.3076666666666667,134.3033333333333,4.0,87480.0,67.0,3
Kriti Nepali,0.3746666666666667,0.217,7.0,-13.046666666666667,1.0,0.031566666666666666,0.7886666666666667,0.5006666666666667,0.13903333333333331,0.25266666666666665,115.54366666666665,3.0,131424.0,18.0,3
Kushagra,0.48600000000000004,0.312,1.3333333333333333,-11.33,0.6666666666666666,0.10663333333333332,0.8953333333333333,1.6400000000000002e-06,0.1203,0.395,160.039,3.3333333333333335,227245.0,71.66666666666667,3
LUMIX,0.6973333333333334,0.8029999999999999,3.3333333333333335,-5.728999999999999,0.6666666666666666,0.08700000000000001,0.10866666666666668,0.001165,0.13433333333333333,0.442,114.35433333333333,4.0,112950.0,58.0,3
Eternxlkz,0.6216666666666667,0.7680000000000001,7.666666666666667,-5.523,0.6666666666666666,0.04053333333333333,0.15743333333333334,0.7813333333333333,0.1986,0.4106666666666667,116.97333333333334,4.0,137854.66666666666,70.66666666666667,3
Mame Khan,0.6773333333333333,0.5223333333333333,6.333333333333333,-8.693,0.6666666666666666,0.09313333333333333,0.39366666666666666,0.00047766666666666666,0.15696666666666667,0.521,92.01866666666668,4.0,269489.0,22.333333333333332,3
Manna Dey,0.373,0.5076666666666667,3.0,-9.762,0.3333333333333333,0.05106666666666667,0.9313333333333333,0.06453504,0.1821,0.6116666666666667,86.47433333333333,3.3333333333333335,236763.0,51.0,3
Martin Garrix,0.4626666666666666,0.8066666666666666,3.0,-5.798666666666667,1.0,0.07473333333333333,0.25211666666666666,0.25170417666666667,0.11386666666666666,0.24166666666666667,128.99166666666667,4.0,201449.66666666666,62.666666666666664,3
Garvit - Priyansh,0.46900000000000003,0.35366666666666663,2.3333333333333335,-10.378333333333334,1.0,0.0341,0.6169333333333333,0.0,0.15236666666666665,0.32966666666666666,140.612,3.3333333333333335,222282.33333333334,55.0,3
Garvit Soni,0.46900000000000003,0.35366666666666663,2.3333333333333335,-10.378333333333334,1.0,0.0341,0.6169333333333333,0.0,0.15236666666666665,0.32966666666666666,140.612,3.3333333333333335,222282.33333333334,55.0,3
Fujii Kaze,0.564,0.6846666666666666,5.0,-6.593,0.3333333333333333,0.04173333333333334,0.30233333333333334,0.0034353,0.19999999999999998,0.49300000000000005,124.96133333333334,3.6666666666666665,198092.66666666666,69.0,3
GXMZ,0.826,0.448,6.666666666666667,-5.5263333333333335,0.3333333333333333,0.09606666666666668,0.527,0.2646833,0.0857,0.52,144.12433333333334,4.0,86193.66666666667,68.0,3
Asha Bhosle,0.484,0.37966666666666665,3.6666666666666665,-11.891666666666666,1.0,0.0477,0.7966666666666667,0.10100833333333332,0.17886666666666665,0.4976666666666667,125.74033333333334,3.3333333333333335,254439.66666666666,59.0,3
Kobid Bazra,0.3746666666666667,0.217,7.0,-13.046666666666667,1.0,0.031566666666666666,0.7886666666666667,0.5006666666666667,0.13903333333333331,0.25266666666666665,115.54366666666665,3.0,131424.0,18.0,3
Kordhell,0.781,0.975,9.0,-1.1626666666666667,1.0,0.0942,0.023687666666666666,0.28935686666666666,0.0843,0.5376666666666666,110.99466666666666,4.0,126732.33333333333,67.66666666666667,3
Ali Sethi,0.673,0.48133333333333334,11.0,-8.425333333333333,0.6666666666666666,0.0336,0.34223333333333333,1.4e-05,0.1135,0.4206666666666667,117.35233333333333,3.3333333333333335,299292.6666666667,54.333333333333336,3
Aditya A,0.6103333333333333,0.4236666666666667,3.6666666666666665,-9.339,1.0,0.054266666666666664,0.8490000000000001,0.002813333333333333,0.21933333333333335,0.7176666666666667,113.07800000000002,4.0,135699.0,63.333333333333336,3
ZMAJOR,0.8403333333333333,0.7786666666666666,6.333333333333333,-0.9446666666666667,0.6666666666666666,0.11433333333333333,0.328,0.29200719999999997,0.20796666666666666,0.8633333333333333,98.858,4.0,101710.66666666667,48.333333333333336,3
Iqlipse Nova,0.749,0.423,5.666666666666667,-9.840333333333334,1.0,0.052366666666666666,0.5696666666666667,0.0,0.19026666666666667,0.6346666666666666,104.25099999999999,4.0,164310.33333333334,62.333333333333336,3
Aabhas - Shreyas,0.5216666666666666,0.37366666666666665,4.666666666666667,-9.222666666666667,1.0,0.0488,0.7976666666666666,0.0003422333333333334,0.11433333333333333,0.745,118.03833333333334,3.6666666666666665,290466.6666666667,15.0,3
Mc Kaique SP,0.8476666666666667,0.9083333333333333,2.6666666666666665,-0.832,0.3333333333333333,0.05380000000000001,0.10283333333333333,0.24549333333333334,0.21466666666666667,0.685,125.23899999999999,4.0,125814.33333333333,71.0,3
-Prey,0.7479999999999999,0.8733333333333334,5.666666666666667,-1.9400000000000002,0.0,0.11143333333333334,0.12773333333333334,1.3499999999999998e-05,0.2733333333333333,0.6673333333333334,130.54366666666667,4.0,116733.0,45.666666666666664,3
n7san7os,0.7983333333333333,0.8463333333333334,3.0,-2.360333333333333,0.3333333333333333,0.10616666666666667,0.22233333333333336,2.7396666666666665e-05,0.12466666666666666,0.8556666666666667,113.39866666666667,4.0,111427.0,78.33333333333333,3
Mc Staff,0.7896666666666666,0.7879999999999999,3.6666666666666665,-2.179666666666667,0.0,0.032466666666666665,0.29333333333333333,0.08949333333333333,0.0562,0.7486666666666667,120.06766666666665,4.0,87548.0,71.66666666666667,3
Shreya Ghoshal,0.4286666666666667,0.478,5.666666666666667,-8.349333333333332,1.0,0.054233333333333335,0.595,0.0018311666666666665,0.15433333333333332,0.37833333333333335,136.43633333333335,4.0,199183.0,46.666666666666664,3
Sooraj Santhosh,0.4626666666666666,0.2776666666666667,5.666666666666667,-10.247,1.0,0.027433333333333334,0.8889999999999999,0.0324,0.0944,0.17466666666666666,104.95766666666667,4.0,253761.33333333334,60.333333333333336,3
Shilpa Rao,0.5156666666666667,0.568,2.6666666666666665,-6.481000000000001,1.0,0.0363,0.412,0.0001904,0.14033333333333334,0.4483333333333333,111.49566666666668,4.0,406044.3333333333,65.0,3
Shantanu Moitra,0.47733333333333333,0.5626666666666666,5.0,-8.989333333333333,1.0,0.07916666666666668,0.5723333333333334,5.944666666666667e-05,0.11733333333333333,0.5419999999999999,139.0053333333333,3.3333333333333335,287083.6666666667,17.333333333333332,3
ßino,0.6233333333333334,0.8296666666666667,3.3333333333333335,-0.9873333333333334,0.3333333333333333,0.17166666666666666,0.43133333333333335,0.2073333333333333,0.171,0.36999999999999994,123.65933333333334,3.6666666666666665,103730.33333333333,49.666666666666664,3
Akshath,0.6133333333333333,0.4056666666666667,5.0,-8.442,0.3333333333333333,0.030866666666666667,0.7696666666666667,0.010246033333333333,0.17303333333333334,0.4756666666666667,96.39766666666667,4.0,184752.0,54.333333333333336,3
DJ LXILL,0.6516666666666667,0.8610000000000001,6.333333333333333,-0.4723333333333333,1.0,0.054933333333333334,0.15066666666666667,0.003283333333333334,0.20319999999999996,0.3076666666666667,134.3033333333333,4.0,87480.0,67.0,3
Rajat Nagpal,0.5853333333333333,0.5543333333333333,6.666666666666667,-6.888333333333333,0.6666666666666666,0.03663333333333333,0.616,0.0,0.13003333333333333,0.474,139.21233333333336,3.6666666666666665,224380.66666666666,63.0,3
Reble,0.7886666666666667,0.855,5.333333333333333,-5.608666666666667,0.3333333333333333,0.09149999999999998,0.013239666666666665,0.0008246,0.15083333333333335,0.5476666666666666,119.64133333333332,4.0,220084.0,65.33333333333333,3
DJ ORBITAL,0.743,0.8573333333333334,6.0,-4.222666666666666,0.3333333333333333,0.08923333333333333,0.20906666666666665,0.5435533333333333,0.145,0.353,130.011,4.0,151569.0,62.0,3
Priyansh Srivastava,0.46900000000000003,0.35366666666666663,2.3333333333333335,-10.378333333333334,1.0,0.0341,0.6169333333333333,0.0,0.15236666666666665,0.32966666666666666,140.612,3.3333333333333335,222282.33333333334,55.0,3
Ronit Vinta,0.38433333333333336,0.3343333333333333,2.0,-12.715666666666666,1.0,0.034133333333333335,0.722,0.07712333333333334,0.10233333333333333,0.31066666666666665,124.56433333333332,4.0,188203.66666666666,42.666666666666664,3
Mukesh,0.5273333333333333,0.36400000000000005,4.666666666666667,-11.531333333333334,1.0,0.03763333333333333,0.8083333333333332,3.6e-07,0.413,0.6033333333333334,101.22766666666666,3.6666666666666665,259617.33333333334,55.666666666666664,3
DYGO,0.6956666666666665,0.8956666666666667,3.0,-1.7953333333333334,0.6666666666666666,0.08566666666666667,0.010866666666666669,0.89,0.25133333333333335,0.2343333333333333,116.70600000000002,4.0,97636.0,69.33333333333333,3
Nikhita Gandhi,0.6086666666666667,0.37579999999999997,4.666666666666667,-10.359666666666667,1.0,0.03936666666666667,0.6666666666666666,3.21e-05,0.21133333333333335,0.257,133.88633333333334,3.3333333333333335,221428.66666666666,31.666666666666668,3
Taaruk Raina,0.5,0.49133333333333334,8.0,-10.718666666666666,0.0,0.04343333333333333,0.7086666666666667,0.0003910666666666667,0.12263333333333333,0.3416666666666666,113.59566666666666,4.0,180081.66666666666,54.0,3
Deepson Putuwar,0.3746666666666667,0.217,7.0,-13.046666666666667,1.0,0.031566666666666666,0.7886666666666667,0.5006666666666667,0.13903333333333331,0.25266666666666665,115.54366666666665,3.0,131424.0,18.0,3
Rito Riba,0.5853333333333333,0.5543333333333333,6.666666666666667,-6.888333333333333,0.6666666666666666,0.03663333333333333,0.616,0.0,0.13003333333333333,0.474,139.21233333333336,3.6666666666666665,224380.66666666666,63.0,3
Religious India,0.7766666666666667,0.3746666666666667,4.0,-12.642666666666665,1.0,0.029833333333333333,0.767,0.0007882666666666666,0.09066666666666667,0.515,125.64233333333334,2.3333333333333335,498423.3333333333,62.333333333333336,3
Yb Wasg'ood,0.7116666666666666,0.9093333333333332,3.6666666666666665,-1.1256666666666668,0.0,0.0582,0.08740999999999999,0.6262666666666666,0.4503333333333333,0.4123333333333333,118.66666666666667,4.0,104926.33333333333,70.66666666666667,3
Armonian,0.4683333333333333,0.4223333333333334,6.333333333333333,-13.195666666666668,1.0,0.03573333333333333,0.6813333333333333,0.33699999999999997,0.103,0.327,127.33699999999999,4.0,234716.33333333334,43.0,3
Arijit Singh,0.4343333333333333,0.4283333333333333,5.666666666666667,-8.692,1.0,0.035366666666666664,0.734,0.0004793333333333333,0.12303333333333333,0.302,119.495,3.6666666666666665,272981.3333333333,71.0,3
UdieNnx,0.47500000000000003,0.541,8.333333333333334,-9.541333333333332,0.3333333333333333,0.033800000000000004,0.21673333333333333,0.8653333333333334,0.16533333333333333,0.14786666666666667,116.58733333333333,4.333333333333333,100059.0,72.0,3
WAA,0.7063333333333333,0.9423333333333334,1.3333333333333333,-1.4943333333333335,1.0,0.14266666666666666,0.0008869999999999999,0.06763333333333334,0.09886666666666666,0.44700000000000006,100.83266666666667,4.0,101738.33333333333,75.33333333333333,3
Amitabh Bhattacharya,0.5463333333333333,0.4383333333333333,6.666666666666667,-9.196,1.0,0.0451,0.7583333333333333,0.0020519999999999996,0.19213333333333335,0.527,108.786,3.6666666666666665,235087.33333333334,67.33333333333333,3
Sayeed Quadri,0.502,0.618,6.666666666666667,-6.903,0.6666666666666666,0.05453333333333333,0.5933333333333334,2.996e-05,0.11566666666666665,0.5280333333333332,89.68233333333335,4.0,302084.3333333333,71.33333333333333,3
SXID,0.6493333333333333,0.8296666666666667,4.666666666666667,-1.9403333333333332,1.0,0.048999999999999995,0.16936666666666667,0.11463400000000001,0.19623333333333334,0.10813333333333335,112.57733333333333,4.0,106547.66666666667,72.66666666666667,3
slxughter,0.6816666666666666,0.871,4.333333333333333,-1.9743333333333333,1.0,0.0464,0.2456666666666667,0.3116897,0.14966666666666667,0.5640000000000001,110.242,4.0,108026.33333333333,81.33333333333333,3
King,0.7196666666666666,0.684,8.666666666666666,-6.133333333333334,0.6666666666666666,0.0579,0.41033333333333327,0.0013266666666666667,0.13116666666666665,0.326,97.96533333333333,4.0,230227.33333333334,68.0,3
Javed Ali,0.5686666666666667,0.6933333333333334,2.3333333333333335,-7.856000000000001,0.6666666666666666,0.07553333333333334,0.6183333333333333,0.0,0.1779666666666667,0.4503333333333333,107.67533333333334,3.6666666666666665,283344.6666666667,48.666666666666664,3
KREZUS,0.7883333333333334,0.8146666666666667,5.0,-3.526,0.3333333333333333,0.06643333333333333,0.2511,0.5182666666666668,0.1781,0.614,124.29333333333334,4.0,105468.66666666667,64.66666666666667,3
Kabir Cafe,0.7639999999999999,0.6483333333333333,8.333333333333334,-6.107666666666667,1.0,0.0792,0.5223333333333334,1.06e-06,0.13166666666666668,0.547,100.31733333333334,3.0,290947.6666666667,17.333333333333332,3
Jonita Gandhi,0.5296666666666666,0.5990000000000001,2.3333333333333335,-7.135666666666666,0.6666666666666666,0.0863,0.34650000000000003,0.00016033333333333332,0.16366666666666665,0.4243333333333334,135.29033333333334,3.6666666666666665,216450.0,32.666666666666664,3
Hansika Pareek,0.5733333333333334,0.365,3.3333333333333335,-10.415666666666667,1.0,0.037200000000000004,0.8773333333333334,1.39e-06,0.0906,0.385,98.81733333333334,3.0,174060.33333333334,53.666666666666664,3
HAYLA,0.5446666666666666,0.7243333333333334,8.333333333333334,-5.381666666666667,0.0,0.053733333333333334,0.07513333333333333,0.00017433333333333333,0.317,0.14303333333333332,132.706,4.0,211031.33333333334,62.0,3
cape,0.6343333333333333,0.8586666666666667,3.0,-2.234666666666667,0.6666666666666666,0.06623333333333334,0.13376666666666667,1.7003333333333334e-05,0.154,0.597,112.666,4.0,107134.33333333333,67.0,3
fennecxx,0.638,0.9255,8.0,-1.8305,0.0,0.12915,0.012549999999999999,0.0338,0.5195,0.4325,130.0775,4.0,96923.0,67.5,2
ayv1o,0.905,0.49550000000000005,5.5,-9.988,0.5,0.4285,0.00199,7e-06,0.09885,0.6100000000000001,161.809,4.0,93684.0,71.0,2
bxkq,0.617,0.8180000000000001,5.0,-1.2845,0.0,0.02785,0.0533,4.63e-06,0.307,0.271,106.1255,4.0,130450.5,73.5,2
camoufly,0.6855,0.909,2.0,-5.772,0.5,0.368,0.01865,0.01833,0.08215,0.2615,106.5805,4.0,202585.5,54.0,2
Amaan Ali Bangash,0.547,0.5305,4.5,-7.8255,0.5,0.18875,0.35350000000000004,0.0042749,0.092,0.512,101.792,4.0,258690.5,17.5,2
Amarabha Banerjee,0.484,0.5005,5.5,-9.483,1.0,0.05545,0.756,8.5e-06,0.119,0.36050000000000004,119.01050000000001,3.5,274818.5,1.5,2
Ambi Subramaniam,0.587,0.6910000000000001,4.5,-8.2995,0.5,0.1545,0.4305,0.01240147,0.08099999999999999,0.8414999999999999,149.94299999999998,3.5,311929.0,11.0,2
Amit Kumar,0.6234999999999999,0.507,5.5,-9.909500000000001,0.5,0.0643,0.45146000000000003,0.0012281,0.209,0.36450000000000005,135.32850000000002,3.5,256119.5,66.5,2
Hari & Sukhmani,0.445,0.3185,1.0,-13.903500000000001,1.0,0.0701,0.531,0.00013715,0.07255,0.3645,122.2685,4.0,263409.0,33.0,2
Himonshu Parikh,0.6055,0.458,1.0,-11.2575,1.0,0.03135,0.7969999999999999,0.0604,0.12015,0.2205,99.5205,4.0,185183.0,49.5,2
HXVSAGE,0.5225,0.5625,9.0,-10.065,0.5,0.03565,0.18860000000000002,0.863,0.14250000000000002,0.177,117.331,4.5,103129.5,70.0,2
Hadiqa Kiani,0.5660000000000001,0.6145,2.5,-8.1405,0.5,0.08535000000000001,0.7164999999999999,0.01535715,0.1745,0.575,96.975,4.0,312993.5,63.5,2
Hanita Bhambri,0.898,0.435,6.0,-8.834,1.0,0.0489,0.555,0.0,0.139,0.836,115.034,4.0,154434.0,50.0,2
Kaavish,0.4565,0.459,7.0,-9.321,1.0,0.0376,0.6975,2.565e-05,0.1095,0.3325,114.096,4.0,272214.0,50.0,2
Kala Ramnath,0.6725,0.5185,2.0,-9.772,0.5,0.0435,0.7985,0.21400000000000002,0.0977,0.356,111.5015,2.5,375346.0,27.0,2
KHAOS,0.577,0.928,5.0,-4.9365000000000006,0.0,0.0503,0.00465,0.029949999999999997,0.233,0.579,124.8295,4.0,93193.5,74.5,2
KINGXND,0.8494999999999999,0.9339999999999999,4.0,-0.264,0.0,0.05790000000000001,0.1295,0.045739999999999996,0.20800000000000002,0.788,122.85050000000001,4.0,127836.0,70.5,2
Jyoti Nooran,0.721,0.8215,5.0,-6.415,0.5,0.0722,0.0042245,2.86e-05,0.1027,0.5115,129.982,4.0,294585.0,67.0,2
Kishore Kumar,0.442,0.43200000000000005,1.0,-10.016,0.5,0.0353,0.724,0.002004645,0.11699999999999999,0.622,113.954,3.5,272719.5,64.0,2
Kaushiki Chakraborty,0.6685,0.6255,3.5,-8.7335,1.0,0.10595,0.414,1.47e-06,0.08499999999999999,0.475,148.422,3.0,327296.5,16.0,2
Kanishk Seth,0.6054999999999999,0.667,6.0,-8.5145,1.0,0.03515,0.3165,0.031595,0.11130000000000001,0.3305,134.997,4.0,245773.0,38.5,2
KS Abhishek,0.7775,0.2895,11.0,-11.6465,0.5,0.325,0.5695,4.3e-06,0.464,0.887,145.9445,4.0,136017.0,0.0,2
John Bis.T,0.7115,0.839,3.0,-5.178,0.0,0.039150000000000004,0.07385,0.4095,0.1485,0.3535,114.05199999999999,4.0,106126.5,70.5,2
Jasleen Royal,0.698,0.4705,0.5,-11.3265,1.0,0.0386,0.681,0.07845,0.10535,0.4145,120.997,4.0,206052.5,46.5,2
JVKE,0.3775,0.511,7.5,-5.5145,1.0,0.04635,0.6145,0.0003825,0.11785,0.3215,111.3555,4.0,139654.0,70.0,2
JXNDRO,0.5315000000000001,0.973,1.0,-1.2225,0.5,0.052750000000000005,0.02015,1.0005e-05,0.178,0.6325000000000001,123.0465,4.0,98040.5,73.0,2
INNXCENCE,0.6665000000000001,0.8885000000000001,6.0,-2.5214999999999996,0.0,0.04625,0.185,0.0003112,0.21649999999999997,0.6445,122.92949999999999,4.0,121469.0,69.0,2
Indie Routes,0.5589999999999999,0.41200000000000003,3.5,-9.6785,1.0,0.04705,0.7225,0.0005133500000000001,0.11549999999999999,0.762,136.8715,3.5,281024.0,13.5,2
Anurag Saikia,0.5055000000000001,0.5625,4.5,-8.39,0.5,0.042050000000000004,0.46599999999999997,0.0007299,0.0993,0.3075,151.0605,4.5,245820.5,35.0,2
Anirudh Ravichander,0.593,0.726,10.0,-7.374499999999999,0.5,0.0858,0.2189,0.456000775,0.1789,0.5095000000000001,116.139,3.5,156691.0,65.5,2
Anubha Bajaj,0.673,0.4065,4.0,-10.422,1.0,0.034949999999999995,0.5640000000000001,0.0001235,0.1815,0.7264999999999999,141.0275,4.0,146219.0,60.5,2
Twin Strings,0.5755,0.47,8.0,-9.627,0.5,0.02765,0.6385000000000001,0.0001951,0.286,0.20850000000000002,130.393,3.5,216526.5,20.5,2
Txmy,0.3265,0.36,3.0,-14.493,0.0,0.032299999999999995,0.39799999999999996,0.882,0.266,0.17365,121.286,3.5,126788.5,65.5,2
Zain Zohaib,0.397,0.3685,3.0,-8.032499999999999,0.5,0.05865,0.5605,0.0,0.1723,0.43000000000000005,134.801,4.0,232536.0,60.0,2
When Chai Met Toast,0.493,0.6765,1.0,-6.15,0.5,0.02905,0.1725,0.01565053,0.09505,0.5409999999999999,100.0915,3.5,236035.5,36.0,2
elysian.,0.664,0.8734999999999999,9.0,-2.9445,1.0,0.0337,0.0011325,0.827,0.0995,0.5925,113.48,4.0,77980.0,71.5,2
Seedhe Maut,0.5455,0.5660000000000001,1.5,-8.434,1.0,0.2057,0.087725,0.0150149,0.10515,0.69,97.358,4.0,204125.5,40.0,2
Satinder Sartaaj,0.7150000000000001,0.635,6.0,-8.8035,0.5,0.0816,0.43499999999999994,4.67e-06,0.1515,0.5589999999999999,111.893,4.0,261294.5,71.0,2
Sanjith Hegde,0.796,0.5965,2.0,-8.045,1.0,0.1445,0.38249999999999995,2.9795000000000002e-05,0.343,0.6325000000000001,106.006,4.0,216891.5,61.5,2
Santhosh Narayanan,0.6705,0.481,6.0,-6.091,0.5,0.0737,0.508,0.01600064,0.22265,0.4575,117.835,3.5,239435.0,59.0,2
Sanah Moidutty,0.5485,0.5085,4.5,-8.1425,1.0,0.0438,0.511,2.4e-06,0.1053,0.5960000000000001,142.3615,3.5,195133.5,45.5,2
DJ DUDA,0.6385000000000001,0.9159999999999999,6.0,-0.5945,0.0,0.0661,0.1052,2.215e-05,0.2275,0.475,119.6035,4.0,96022.0,68.0,2
DJ FKU,0.5335000000000001,0.9624999999999999,6.5,-1.543,0.5,0.1049,0.134,0.0,0.3165,0.7110000000000001,134.764,4.0,94994.5,62.5,2
Polaris,0.736,0.867,10.0,-2.8025,1.0,0.24,0.2286,0.251,0.11155000000000001,0.2625,138.483,4.5,136100.0,66.5,2
Pratsofficial,0.5635,0.35850000000000004,10.0,-10.6615,1.0,0.027299999999999998,0.7885,0.00401145,0.1085,0.266,104.852,4.0,207999.5,21.0,2
DJ V12,0.6695,0.761,4.5,-0.8145,1.0,0.0404,0.245,0.13390100000000002,0.10735,0.11274999999999999,103.836,4.0,114591.0,76.5,2
DJ VYZ,0.744,0.45100000000000007,6.5,-13.0775,0.5,0.14975,0.30626,0.437844,0.1265,0.4075,115.4985,4.0,127032.0,69.5,2
Rezcaze,0.8494999999999999,0.9339999999999999,4.0,-0.264,0.0,0.05790000000000001,0.1295,0.045739999999999996,0.20800000000000002,0.788,122.85050000000001,4.0,127836.0,70.5,2
Rakhim,0.905,0.49550000000000005,5.5,-9.988,0.5,0.4285,0.00199,7e-06,0.09885,0.6100000000000001,161.809,4.0,93684.0,71.0,2
R3HAB,0.6685,0.9005,5.0,-4.464,0.5,0.089,0.24312,0.036305000000000004,0.0778,0.3745,127.464,4.0,158583.0,54.0,2
Ricky Kej,0.5985,0.5955,4.0,-9.311,1.0,0.044,0.2653,0.031,0.17200000000000001,0.3455,150.9875,3.5,271208.0,21.0,2
Rishab Rikhiram Sharma,0.5175000000000001,0.5225,2.0,-10.358,0.5,0.0324,0.669,0.057,0.1011,0.28600000000000003,116.8175,3.5,311535.5,61.5,2
Rochak Kohli,0.665,0.6779999999999999,3.0,-6.045,0.5,0.0445,0.461,3.325e-05,0.3175,0.3625,116.783,4.5,215918.5,46.5,2
NAOMI,0.7215,0.8815,10.0,-0.10400000000000001,1.0,0.0296,0.000846,0.5660000000000001,0.1275,0.931,108.975,4.0,106354.5,64.5,2
NXGHT!,0.7955,0.9764999999999999,11.0,-1.1325000000000003,0.0,0.0524,0.4365,0.46399999999999997,0.2425,0.34704999999999997,121.03800000000001,4.0,91107.0,70.5,2
Mxng0,0.6625,0.9470000000000001,4.0,-1.494,0.5,0.10930000000000001,0.006750000000000001,0.9245000000000001,0.2715,0.2465,120.09700000000001,4.0,98181.5,68.5,2
NAALAYAK,0.509,0.534,4.0,-8.679,1.0,0.05545,0.5469999999999999,0.0042241399999999995,0.12145,0.4675,136.18200000000002,4.0,183294.5,54.5,2
Mismatched - Cast,0.4225,0.446,9.5,-10.7865,0.5,0.25005,0.721,0.035868,0.12895,0.374,87.2015,4.0,184081.5,58.5,2
Namita Choudhary,0.5675,0.3405,4.0,-9.6425,1.0,0.03975,0.885,0.0,0.08545,0.21949999999999997,115.1435,4.0,208472.0,46.5,2
Dj B7 o Piranhão,0.824,0.9644999999999999,4.0,2.124,0.0,0.0573,0.1595,0.0006695,0.27049999999999996,0.8825000000000001,120.0915,4.0,115199.5,71.5,2
Deepak Rathore,0.596,0.3135,6.5,-11.95,1.0,0.04025,0.866,9.9e-07,0.11599999999999999,0.38949999999999996,113.98499999999999,3.5,252746.5,49.5,2
DRAWMEDEATH,0.7215,0.8815,10.0,-0.10400000000000001,1.0,0.0296,0.000846,0.5660000000000001,0.1275,0.931,108.975,4.0,106354.5,64.5,2
Navjot Ahuja,0.626,0.3635,4.0,-9.366,1.0,0.030600000000000002,0.5855,0.0001508,0.10339999999999999,0.195,115.0085,3.5,268638.0,71.5,2
Nila Raj,0.469,0.31,8.0,-9.501,1.0,0.0272,0.927,0.0085,0.106,0.208,104.941,4.0,244571.0,63.0,2
Naani,0.7775,0.2895,11.0,-11.6465,0.5,0.325,0.5695,4.3e-06,0.464,0.887,145.9445,4.0,136017.0,0.0,2
Silo,0.6855,0.945,8.0,-2.1805000000000003,0.0,0.10415,0.0561,9.45e-06,0.2915,0.554,148.2065,4.0,129682.5,67.5,2
The Yellow Diary,0.6839999999999999,0.438,3.0,-10.0665,1.0,0.0409,0.7125,0.0125226,0.10135,0.5854999999999999,93.501,4.0,204782.5,52.0,2
Tochi Raina,0.471,0.389,4.5,-10.1955,1.0,0.05205,0.8514999999999999,0.0027467499999999996,0.126,0.37250000000000005,135.1305,4.0,170959.5,70.0,2
Token,0.632,0.86,9.5,-4.585,0.5,0.157,0.0741,0.0,0.10525,0.5740000000000001,138.0,4.0,218078.0,56.0,2
Tanishka Bahl,0.45,0.279,2.0,-13.7855,0.5,0.13365,0.896,1.3e-06,0.14049999999999999,0.3725,154.961,3.5,237367.5,65.0,2
TWXNY,0.6665000000000001,0.8885000000000001,6.0,-2.5214999999999996,0.0,0.04625,0.185,0.0003112,0.21649999999999997,0.6445,122.92949999999999,4.0,121469.0,69.0,2
Swaroop Khan,0.40449999999999997,0.6655,1.5,-8.562,0.5,0.1182,0.38625,0.0105825,0.2985,0.4245,170.006,3.5,274929.0,8.5,2
Swoopna Suman,0.4135,0.3435,4.5,-11.663,1.0,0.040749999999999995,0.8365,2.9499999999999997e-06,0.1235,0.28400000000000003,171.3785,3.0,293934.5,53.0,2
Bibi Babydoll,0.665,0.9075,7.0,-3.7815000000000003,1.0,0.0464,0.13905,0.038051055,0.2355,0.43645,132.554,4.0,110130.0,69.5,2
Bickram Ghosh,0.6725,0.5185,2.0,-9.772,0.5,0.0435,0.7985,0.21400000000000002,0.0977,0.356,111.5015,2.5,375346.0,27.0,2
S4nri0,0.6415,0.6655,3.5,-8.227,1.0,0.07955000000000001,0.35631999999999997,0.5189999999999999,0.178,0.679,119.69649999999999,4.0,99730.5,61.5,2
SASORIIXPP,0.8175,0.7244999999999999,6.5,-1.4975,0.5,0.18745,0.1775,0.0041995,0.25245,0.538,102.01650000000001,4.0,92423.0,73.0,2
SXMPRA,0.765,0.8455,1.5,-5.9105,1.0,0.267,0.10685,0.00209985,0.26895,0.572,147.5365,4.0,150067.5,68.0,2
Saaheal,0.502,0.36050000000000004,2.0,-9.882,0.5,0.1328,0.9115,2.46e-06,0.12595,0.401,170.123,3.0,206867.5,76.5,2
SNXP,0.5295000000000001,0.9704999999999999,3.0,0.1895,0.5,0.193,0.446,0.0155,0.203,0.3475,112.56049999999999,4.0,100901.5,46.5,2
SUNJI,0.7344999999999999,0.858,2.0,-1.9975,0.5,0.07715,0.23472,0.025201035,0.1863,0.9195,93.9645,4.0,81317.0,67.5,2
DJ ALEX,0.638,0.9255,8.0,-1.8305,0.0,0.12915,0.012549999999999999,0.0338,0.5195,0.4325,130.0775,4.0,96923.0,67.5,2
DJ CEREJASS,0.794,0.673,2.5,-2.023,0.5,0.188,0.531,0.34085,0.12,0.4615,143.005,3.5,98611.0,60.5,2
Salil Chowdhury,0.4395,0.5225,2.5,-6.939,1.0,0.035750000000000004,0.856,3.1e-06,0.322,0.5045,94.743,4.0,273299.5,63.0,2
Sai Smriti,0.764,0.649,6.5,-7.3919999999999995,0.5,0.1076,0.345,0.00056,0.136,0.6970000000000001,109.018,4.0,211755.0,72.5,2
Prateeksha Srivastava,0.6679999999999999,0.6975,4.0,-6.1145,0.0,0.053099999999999994,0.16649999999999998,0.0,0.159,0.7065,130.394,3.5,161238.0,35.5,2
Papon,0.3415,0.5489999999999999,6.0,-7.0885,1.0,0.04315,0.384425,0.0078,0.2905,0.18595,123.175,4.0,313632.0,30.5,2
Osho Jain,0.577,0.378,4.0,-10.5765,1.0,0.045649999999999996,0.7915000000000001,2.605e-06,0.10025,0.391,131.1185,4.0,198347.5,54.0,2
Obviousgod,0.631,0.9075,8.5,-2.1625,0.0,0.0376,0.000187,0.11025,0.09645000000000001,0.46799999999999997,125.71199999999999,4.0,109389.0,62.0,2
Noori,0.4315,0.5135000000000001,1.0,-8.213000000000001,1.0,0.032600000000000004,0.231,3.165e-05,0.14085,0.1885,136.1855,4.0,488593.0,44.5,2
Nucleya,0.624,0.654,3.0,-8.805499999999999,0.5,0.0589,0.2385165,0.3525,0.49550000000000005,0.397,123.018,4.0,262280.5,40.0,2
Dyan Dxddy,0.7985,0.914,8.0,-3.533,0.0,0.10089999999999999,0.3155,0.37508,0.08885,0.574,134.4795,4.0,108122.5,62.5,2
MC Xangai,0.7324999999999999,0.9855,8.5,-0.6034999999999999,1.0,0.1385,0.191,2.075e-05,0.1795,0.646,122.958,4.0,88274.5,69.0,2
MIDNIGHT,0.552,0.9410000000000001,7.5,-2.964,0.5,0.132,0.0414785,6.5e-06,0.319,0.6425000000000001,130.0325,4.0,95192.0,51.5,2
MC K3,0.6944999999999999,0.869,9.0,-3.37,1.0,0.09365,0.134,0.11299100000000001,0.5965,0.36850000000000005,109.5385,4.0,104507.0,70.0,2
MC PR,0.604,0.9470000000000001,7.0,-0.5695,0.5,0.04745,0.013649999999999999,0.43900695,0.3695,0.19699999999999998,123.0315,4.0,98231.0,72.5,2
Laxmikant–Pyarelal,0.6964999999999999,0.4295,8.0,-8.9955,0.5,0.02895,0.402,6.1e-07,0.269,0.42600000000000005,98.9535,4.0,259134.5,55.0,2
Maati Baani,0.5455000000000001,0.5865,3.5,-8.595500000000001,0.5,0.09094999999999999,0.47150000000000003,0.012407699999999999,0.104,0.6445,147.469,4.0,354611.0,14.0,2
Gaurav Chati,0.7190000000000001,0.6025,9.0,-6.736000000000001,1.0,0.0477,0.478,1.0209999999999999e-05,0.1455,0.6005,115.98349999999999,4.0,190432.0,8.0,2
Flame Runner,0.587,0.7505,7.5,-4.420999999999999,0.0,0.0483,0.11649999999999999,0.50725,0.1765,0.135,126.34100000000001,4.0,110648.5,67.0,2
Mc Jajá,0.577,0.928,5.0,-4.9365000000000006,0.0,0.0503,0.00465,0.029949999999999997,0.233,0.579,124.8295,4.0,93193.5,74.5,2
Maki Otsuki,0.5055000000000001,0.6659999999999999,2.0,-4.957,1.0,0.0336,0.203,0.0271689,0.33099999999999996,0.46950000000000003,135.418,4.0,242793.0,57.0,2
KVRXD,0.623,0.9655,6.0,-1.484,1.0,0.0335,0.08810000000000001,0.472601,0.17149999999999999,0.488,118.391,4.0,80176.5,66.0,2
Lisa Mishra,0.5285,0.4535,5.5,-8.841000000000001,1.0,0.03515,0.6405000000000001,0.0004155,0.251,0.4115,109.85650000000001,4.0,191281.0,48.0,2
Khan Saab,0.732,0.896,9.0,-5.8705,1.0,0.07705,0.0538,0.172,0.07375,0.7225,106.47,4.0,271084.5,61.0,2
Khim,0.905,0.49550000000000005,5.5,-9.988,0.5,0.4285,0.00199,7e-06,0.09885,0.6100000000000001,161.809,4.0,93684.0,71.0,2
Bharat Kamal,0.4745,0.341,3.0,-12.5475,1.0,0.03105,0.846,0.229,0.195,0.254,98.02250000000001,1.0,351871.5,57.5,2
Bharath,0.502,0.36050000000000004,2.0,-9.882,0.5,0.1328,0.9115,2.46e-06,0.12595,0.401,170.123,3.0,206867.5,76.5,2
Atif Aslam,0.619,0.6605000000000001,4.0,-7.5120000000000005,1.0,0.0473,0.37649999999999995,0.015350685000000001,0.2395,0.758,124.0565,4.0,207453.0,70.5,2
Avenxir,0.7755000000000001,0.8089999999999999,0.5,-3.4074999999999998,0.5,0.061149999999999996,0.028919999999999998,0.03815,0.3135,0.9065,138.10899999999998,4.0,77756.5,74.0,2
Ayaan Ali Bangash,0.547,0.5305,4.5,-7.8255,0.5,0.18875,0.35350000000000004,0.0042749,0.092,0.512,101.792,4.0,258690.5,17.5,2
Ashu Shukla,0.595,0.3715,2.5,-9.903,0.5,0.029199999999999997,0.426,0.0001205,0.09905,0.639,107.3295,4.0,202881.5,45.5,2
Shellee,0.804,0.6445000000000001,7.5,-7.9595,0.5,0.11979999999999999,0.47250000000000003,0.0018549999999999999,0.31195,0.7295,115.012,4.0,207792.0,7.5,2
Shafqat Amanat Ali,0.45999999999999996,0.648,8.0,-6.9655,1.0,0.0677,0.7130000000000001,0.00017,0.11,0.6265000000000001,125.0655,4.0,356986.0,52.5,2
Shankar-Ehsaan-Loy,0.278,0.7705,1.0,-6.128,1.0,0.06965,0.21915,8.65e-07,0.1881,0.323,111.547,3.5,244698.5,42.0,2
Banjaare,0.769,0.533,3.0,-8.4175,0.5,0.0508,0.2647,0.000129545,0.20900000000000002,0.7284999999999999,126.93,4.0,144902.0,73.5,2
Sxilwix,0.6665000000000001,0.8885000000000001,6.0,-2.5214999999999996,0.0,0.04625,0.185,0.0003112,0.21649999999999997,0.6445,122.92949999999999,4.0,121469.0,69.0,2
Sukanya Chattopadhyay,0.7775,0.2895,11.0,-11.6465,0.5,0.325,0.5695,4.3e-06,0.464,0.887,145.9445,4.0,136017.0,0.0,2
Suzonn,0.625,0.338,2.0,-11.697,1.0,0.037000000000000005,0.5565,0.004055550000000001,0.3615,0.7115,85.34049999999999,4.0,206352.0,48.5,2
Subodh KC,0.5655,0.2235,9.0,-16.2395,1.0,0.0393,0.5954999999999999,0.0016355999999999999,0.1708,0.33099999999999996,106.5495,4.0,202879.5,51.0,2
Sona Mohapatra,0.4605,0.656,7.5,-5.26,0.0,0.0374,0.42100000000000004,0.0,0.10414999999999999,0.355,93.59700000000001,3.5,219490.5,20.5,2
Maan Panu,0.5840000000000001,0.497,1.0,-9.8465,1.0,0.05035,0.7935,0.00491585,0.11135,0.45999999999999996,81.8245,4.0,164564.0,73.0,2
Mohit Lalwani,0.4745,0.341,3.0,-12.5475,1.0,0.03105,0.846,0.229,0.195,0.254,98.02250000000001,1.0,351871.5,57.5,2
Mc Jhey,0.6845,0.9764999999999999,4.0,-2.674,1.0,0.045,0.03205,7.95e-07,0.1835,0.3405,122.977,4.0,110151.0,70.5,2
Mc Luizinho,0.597,0.5485,8.0,-9.282499999999999,0.5,0.05785,0.3305,0.507,0.3825,0.46399999999999997,117.805,4.5,99227.5,71.0,2
Matra!,0.5435,0.753,5.0,-2.5665,1.0,0.03815,0.478,1.105e-06,0.31599999999999995,0.372,96.297,4.0,120264.0,71.5,2
ANDROMEDA,0.664,0.8734999999999999,9.0,-2.9445,1.0,0.0337,0.0011325,0.827,0.0995,0.5925,113.48,4.0,77980.0,71.5,2
0ketaminxe,0.6295,0.854,6.5,-0.92,1.0,0.06965,0.3215,0.41750491,0.22699999999999998,0.44199999999999995,152.608,4.0,133957.0,58.0,2
2KE,0.7215,0.8534999999999999,4.0,-2.9120000000000004,1.0,0.11299999999999999,0.0861,0.49265000000000003,0.159,0.7705,131.6205,4.0,80353.0,68.0,2
qaraqshy,0.824,0.9644999999999999,4.0,2.124,0.0,0.0573,0.1595,0.0006695,0.27049999999999996,0.8825000000000001,120.0915,4.0,115199.5,71.5,2
Abhay Nayampally,0.46,0.3196,2.5,-14.386500000000002,0.5,0.08789999999999999,0.7484999999999999,0.46740000000000004,0.11499999999999999,0.534,101.417,3.5,366611.0,4.5,2
Abhijeet Srivastava,0.6365000000000001,0.5860000000000001,3.0,-6.647500000000001,0.5,0.056499999999999995,0.2835,2.32e-05,0.127,0.5735,139.8985,3.5,164410.5,49.5,2
Abida Parveen,0.482,0.5800000000000001,4.0,-7.027,0.5,0.042550000000000004,0.3745,0.000207,0.10544999999999999,0.2237,104.3745,4.0,464923.0,51.0,2
Achint,0.614,0.436,3.0,-8.026,1.0,0.03,0.5365,7.4e-05,0.22905,0.5595,102.37700000000001,4.0,235739.5,54.5,2
Abhay Jodhpurkar,0.7404999999999999,0.5445,3.0,-5.3055,0.5,0.04455,0.3185,2.32e-05,0.14850000000000002,0.6134999999999999,134.00900000000001,3.5,193035.5,30.0,2
zxnc,0.852,0.841,4.5,-1.5055,0.5,0.1525,0.2575,0.0120108,0.28049999999999997,0.8065,102.5665,4.0,97856.5,33.0,2
ΣP,0.79,0.8375,7.5,-1.94,0.5,0.0329,0.276,0.08500153,0.0578,0.5385,122.27349999999998,4.0,89138.5,73.5,2
shonci,0.869,0.8895,6.0,-1.437,0.0,0.1623,0.21650000000000003,0.000432,0.3275,0.852,161.471,4.0,99827.5,72.5,2
Vivek,0.56,0.4235,5.5,-7.1625,0.0,0.03285,0.8165,1.309e-05,0.11765,0.498,113.55349999999999,3.5,226142.5,65.0,2
Alan Walker,0.644,0.9385,7.0,-4.650499999999999,0.0,0.0575,0.21215,0.029068999999999998,0.3365,0.4535,133.03300000000002,4.0,170784.5,53.5,2
isq,0.743,0.924,11.0,-0.40549999999999997,0.0,0.11925,0.001595,0.9095,0.10085,0.3762,102.612,4.0,118072.0,70.5,2
gini,0.4925,0.4185,0.0,-8.355,0.5,0.06965,0.39549999999999996,1.6535e-05,0.3845,0.5700000000000001,143.3175,3.5,294986.5,53.5,2
Akano,0.5814999999999999,0.759,6.5,-4.4355,0.5,0.04425,0.0483,0.0,0.27749999999999997,0.4255,143.563,4.0,98104.5,44.0,2
Adesh Krishna,0.5035000000000001,0.49750000000000005,6.0,-7.5875,1.0,0.032799999999999996,0.6015,2.6e-05,0.122,0.347,87.0125,4.0,274083.5,66.0,2
mc pl alves,0.732,0.883,6.5,-1.505,1.0,0.0623,0.3053,0.876,0.2295,0.477,154.10899999999998,4.0,131433.0,67.0,2
こはならむ,0.7064999999999999,0.615,9.0,-4.761,1.0,0.04295,0.398,0.0,0.1545,0.614,122.9935,4.0,199500.0,44.5,2
2hollis,0.6585000000000001,0.9325,3.5,-2.6334999999999997,0.5,0.0507,0.04535,0.0011719200000000001,0.1249,0.5680000000000001,126.98349999999999,4.0,151173.5,74.5,2
ロジャー海賊団,0.628,0.548,3.0,-11.384,1.0,0.0338,0.717,6.68e-05,0.172,0.777,111.993,4.0,199233.0,57.0,1
1HXSX,0.56,0.933,11.0,-2.14,0.0,0.0463,0.00348,0.651,0.341,0.344,122.661,4.0,121846.0,76.0,1
1nonly,0.783,0.89,1.0,-5.995,1.0,0.2,0.185,0.00417,0.0969,0.437,127.996,4.0,150674.0,69.0,1
6YNTHMANE,0.807,0.764,9.0,-5.205,0.0,0.103,0.404,1.31e-05,0.146,0.443,100.069,4.0,77206.0,69.0,1
808iuli,0.531,0.991,1.0,1.047,1.0,0.102,0.118,0.926,0.156,0.961,145.054,4.0,79452.0,68.0,1
A Touch Of Class,0.733,0.859,9.0,-5.03,0.0,0.033,0.479,0.0645,0.105,0.52,124.948,4.0,147840.0,49.0,1
AKXNESHIVA,0.79,0.732,1.0,-5.518,0.0,0.057,0.0554,0.0259,0.343,0.945,178.206,4.0,80879.0,75.0,1
AR Paisley,0.528,0.898,1.0,-5.081,0.0,0.191,0.004,0.0,0.486,0.352,192.14,4.0,142500.0,54.0,1
Aabha Hanjura,0.423,0.451,10.0,-9.525,1.0,0.0352,0.792,0.000355,0.109,0.143,73.57,4.0,268969.0,0.0,1
Aabhas Joshi,0.548,0.369,3.0,-11.826,1.0,0.0483,0.809,0.00102,0.122,0.816,155.999,4.0,210000.0,3.0,1
Aamir Mir,0.637,0.62,6.0,-6.957,1.0,0.236,0.461,0.0105,0.0968,0.824,189.055,3.0,208650.0,0.0,1
Aanchal Tyagi,0.775,0.527,2.0,-6.342,0.0,0.0356,0.44,3.54e-06,0.114,0.615,104.964,4.0,162285.0,42.0,1
Aarya Ambekar,0.591,0.452,1.0,-11.248,0.0,0.0383,0.867,0.0194,0.0831,0.18,140.077,4.0,301714.0,19.0,1
Aasa Singh,0.443,0.396,7.0,-11.071,1.0,0.037,0.891,0.0,0.0926,0.488,89.114,4.0,120000.0,65.0,1
Abdullah Kasumbi,0.577,0.428,0.0,-9.066,1.0,0.0302,0.467,2.61e-05,0.272,0.401,104.938,4.0,198857.0,47.0,1
Abdullah Siddiqui,0.542,0.256,0.0,-13.598,0.0,0.0484,0.854,0.0,0.0758,0.517,149.537,4.0,277600.0,1.0,1
Abhigya Ghimire,0.475,0.44,3.0,-10.042,1.0,0.043,0.853,3.14e-06,0.152,0.332,167.947,3.0,351298.0,52.0,1
Aditya Gadhvi,0.401,0.683,9.0,-7.112,1.0,0.0416,0.0202,0.0,0.174,0.135,89.881,4.0,265124.0,32.0,1
Aditya Sharma,0.59,0.859,6.0,-1.04,1.0,0.0288,0.00159,0.142,0.217,0.795,123.041,4.0,112682.0,54.0,1
Afsana Khan,0.869,0.868,5.0,-4.407,0.0,0.0883,0.00592,0.00244,0.296,0.551,132.008,4.0,200159.0,66.0,1
Ahen,0.678,0.725,7.0,-6.851,1.0,0.0855,0.36,0.0,0.341,0.291,103.963,4.0,274615.0,33.0,1
Ai Higuchi,0.567,0.663,6.0,-6.402,0.0,0.0503,0.223,0.0,0.129,0.187,89.961,4.0,229960.0,64.0,1
Aimer,0.367,0.896,11.0,-4.002,1.0,0.091,0.000627,0.0,0.207,0.38,170.863,4.0,184898.0,70.0,1
Aishwarya Majmudar,0.611,0.607,1.0,-5.6,0.0,0.0296,0.556,0.0,0.553,0.451,88.971,4.0,224195.0,49.0,1
Akanksha Grover,0.547,0.513,2.0,-12.074,1.0,0.0299,0.591,0.528,0.0562,0.0748,127.953,4.0,294866.0,18.0,1
Zeeshan Ali,0.651,0.458,10.0,-5.74,0.0,0.187,0.611,0.0,0.097,0.916,169.913,3.0,207102.0,80.0,1
Zenith,0.498,0.259,6.0,-11.302,1.0,0.0363,0.706,9.99e-06,0.107,0.248,109.362,4.0,126674.0,15.0,1
Zhanbxqq,0.68,0.847,2.0,-0.264,1.0,0.0419,0.205,0.00812,0.414,0.516,103.155,4.0,100235.0,73.0,1
Zoha Waseem,0.787,0.488,4.0,-8.537,0.0,0.308,0.716,9.13e-06,0.144,0.368,89.999,4.0,145333.0,82.0,1
Zubaan Music,0.664,0.339,2.0,-15.483,1.0,0.0613,0.751,7.82e-06,0.0713,0.633,150.006,4.0,307500.0,5.0,1
artemis orion,0.543,0.846,11.0,-4.283,1.0,0.0338,0.00137,0.00642,0.165,0.186,73.514,4.0,199183.0,44.0,1
Aditya Balani,0.261,0.191,0.0,-15.652,1.0,0.0293,0.0809,0.0457,0.0912,0.107,84.967,4.0,350294.0,17.0,1
Aditya Bhardwaj,0.571,0.814,6.0,-7.515,1.0,0.121,0.0433,8.73e-05,0.0762,0.461,168.064,4.0,174285.0,68.0,1
ZETREX,0.576,0.997,8.0,-2.167,1.0,0.105,0.000957,1.3e-05,0.246,0.64,129.971,4.0,84923.0,56.0,1
ZIMXN,0.484,0.769,10.0,-4.188,0.0,0.0517,0.056,0.966,0.242,0.116,175.267,4.0,126942.0,68.0,1
ZODIVK,0.601,0.917,3.0,-6.786,0.0,0.0473,0.0861,0.149,0.191,0.792,130.073,4.0,83995.0,65.0,1
ZWE1HVNDXR,0.613,0.81,1.0,-6.16,1.0,0.488,0.832,0.899,0.137,0.686,150.251,4.0,116104.0,68.0,1
ZXVREN,0.542,0.566,5.0,-6.718,1.0,0.0317,0.308,0.124,0.186,0.519,91.011,4.0,125051.0,77.0,1
Zakir Hussain,0.566,0.378,0.0,-14.167,1.0,0.0589,0.879,0.00807,0.293,0.511,122.072,3.0,318052.0,0.0,1
Zariya,0.609,0.539,0.0,-8.087,1.0,0.0284,0.138,0.00014,0.286,0.413,99.995,4.0,178197.0,47.0,1
Zedd,0.547,0.616,9.0,-6.451,0.0,0.043,0.0396,0.000144,0.13,0.0661,129.979,4.0,184649.0,59.0,1
Yashraj,0.641,0.449,5.0,-9.568,0.0,0.162,0.133,6.39e-05,0.139,0.491,99.899,4.0,182400.0,71.0,1
Yawar Abdal,0.581,0.246,3.0,-13.097,0.0,0.0314,0.926,3.82e-06,0.195,0.315,139.848,3.0,223714.0,56.0,1
Yugabharathi,0.763,0.573,11.0,-6.743,1.0,0.117,0.141,0.032,0.348,0.356,96.03,4.0,262656.0,60.0,1
Yuka Nagase,0.817,0.668,2.0,-6.85,1.0,0.194,0.0243,2.43e-06,0.193,0.746,95.003,4.0,219840.0,15.0,1
Yuvi,0.668,0.237,2.0,-12.544,1.0,0.0469,0.885,0.000338,0.283,0.22,113.922,4.0,175321.0,58.0,1
Yuvraj Tung,0.651,0.458,10.0,-5.74,0.0,0.187,0.611,0.0,0.097,0.916,169.913,3.0,207102.0,80.0,1
ZAYLO,0.712,0.799,2.0,-2.511,1.0,0.0367,0.343,0.0174,0.201,0.382,103.169,4.0,99741.0,74.0,1
ZERTAL,0.745,0.968,1.0,0.407,1.0,0.0429,0.239,0.844,0.346,0.76,163.818,4.0,99638.0,69.0,1
HamiBeats,0.79,0.732,1.0,-5.518,0.0,0.057,0.0554,0.0259,0.343,0.945,178.206,4.0,80879.0,75.0,1
Hansraj Raghuwanshi,0.555,0.343,7.0,-9.918,1.0,0.0242,0.337,0.0,0.343,0.25,99.981,1.0,305528.0,68.0,1
Harsh More,0.542,0.481,9.0,-9.456,1.0,0.0521,0.694,0.0,0.364,0.368,80.08,4.0,137997.0,34.0,1
Harshit Chauhan,0.681,0.446,2.0,-8.929,1.0,0.0312,0.798,7.29e-06,0.109,0.291,118.046,1.0,254491.0,22.0,1
Hasan Raheem,0.577,0.428,0.0,-9.066,1.0,0.0302,0.467,2.61e-05,0.272,0.401,104.938,4.0,198857.0,47.0,1
Hazel Fernandes,0.582,0.831,0.0,-5.125,1.0,0.0384,0.000289,1.13e-05,0.369,0.326,138.064,4.0,276746.0,65.0,1
Hemant Kumar,0.512,0.273,4.0,-8.322,1.0,0.0377,0.956,0.0,0.0829,0.492,92.875,4.0,259120.0,59.0,1
Honey Dhillon,0.651,0.458,10.0,-5.74,0.0,0.187,0.611,0.0,0.097,0.916,169.913,3.0,207102.0,80.0,1
Gulzar,0.566,0.378,0.0,-14.167,1.0,0.0589,0.879,0.00807,0.293,0.511,122.072,3.0,318052.0,0.0,1
Gurmoh,0.678,0.725,7.0,-6.851,1.0,0.0855,0.36,0.0,0.341,0.291,103.963,4.0,274615.0,33.0,1
Gurpreet Saini,0.69,0.602,0.0,-7.217,1.0,0.0498,0.527,6.65e-05,0.426,0.37,138.577,5.0,184615.0,27.0,1
H11T,0.888,0.575,1.0,-1.509,1.0,0.0602,0.0144,0.0,0.326,0.791,130.001,4.0,69346.0,60.0,1
HDN,0.69,0.976,7.0,1.255,1.0,0.141,0.112,0.000982,0.777,0.182,115.894,4.0,115976.0,67.0,1
HISTED,0.652,0.891,10.0,1.808,0.0,0.0368,0.001,0.0148,0.336,0.576,100.265,4.0,93650.0,68.0,1
HUGEL,0.87,0.944,9.0,-4.525,1.0,0.0464,0.394,0.243,0.0398,0.635,121.979,4.0,156393.0,92.0,1
HVME,0.841,0.593,1.0,-7.846,1.0,0.0379,0.418,0.0,0.124,0.808,124.917,4.0,162802.0,76.0,1
Jennifer Lopez,0.73,0.777,3.0,-5.194,0.0,0.0496,0.105,0.000486,0.0691,0.575,130.003,4.0,284866.0,93.0,1
Jhuma Limbu,0.698,0.414,7.0,-9.321,1.0,0.0444,0.822,0.0,0.346,0.347,129.824,4.0,221538.0,51.0,1
Jivitesh Kharbanda,0.608,0.0904,9.0,-14.163,1.0,0.0336,0.768,0.0,0.105,0.108,90.967,1.0,214738.0,10.0,1
Joell,0.703,0.244,2.0,-18.637,1.0,0.0352,0.818,1.02e-05,0.329,0.516,126.092,4.0,174426.0,15.0,1
John Martin,0.608,0.776,4.0,-5.846,1.0,0.0405,0.00249,1.27e-05,0.0771,0.101,127.952,4.0,189374.0,56.0,1
John Summit,0.547,0.616,9.0,-6.451,0.0,0.043,0.0396,0.000144,0.13,0.0661,129.979,4.0,184649.0,59.0,1
GodDamn,0.531,0.513,2.0,-14.406,1.0,0.0331,0.0881,0.621,0.177,0.206,105.003,4.0,128047.0,65.0,1
Groove Dealers,0.737,0.915,0.0,-2.749,1.0,0.0412,0.00322,2.58e-05,0.084,0.304,154.964,4.0,86709.0,71.0,1
JXM,0.704,0.837,10.0,-5.083,1.0,0.354,0.422,0.502,0.0671,0.37,136.941,5.0,107093.0,66.0,1
Jagjit Singh,0.354,0.272,2.0,-13.642,1.0,0.0293,0.907,0.615,0.0848,0.262,90.566,4.0,291066.0,64.0,1
Jaisalmer Beats,0.678,0.725,7.0,-6.851,1.0,0.0855,0.36,0.0,0.341,0.291,103.963,4.0,274615.0,33.0,1
Jasu Khan,0.49,0.591,1.0,-11.731,1.0,0.0359,0.0021,0.255,0.148,0.23,145.035,4.0,214500.0,0.0,1
Jaswinder Singh,0.673,0.714,9.0,-8.042,1.0,0.039,0.111,0.0,0.0858,0.78,112.941,4.0,254100.0,76.0,1
Jatra Collective,0.298,0.337,2.0,-13.253,1.0,0.0373,0.718,0.000744,0.22,0.185,81.626,4.0,220235.0,0.0,1
Jayesh Kathak,0.255,0.537,0.0,-11.189,1.0,0.0835,0.428,0.000505,0.0608,0.499,75.634,4.0,202838.0,25.0,1
Jaysinh Gadhvi,0.742,0.934,7.0,-6.668,1.0,0.198,0.172,0.00521,0.363,0.438,129.886,4.0,175929.0,0.0,1
Kashish Ratnani,0.785,0.576,0.0,-6.473,1.0,0.0747,0.256,0.0,0.109,0.47,96.043,4.0,193124.0,78.0,1
Kaskade,0.659,0.798,9.0,-6.933,0.0,0.0749,0.175,0.000379,0.708,0.15,126.064,4.0,240445.0,70.0,1
Kasst 8,0.664,0.865,7.0,-6.229,0.0,0.251,0.0905,0.0,0.0616,0.635,75.455,4.0,154100.0,56.0,1
Kasthoori Rawat,0.572,0.38,0.0,-9.954,1.0,0.0307,0.524,2.74e-06,0.079,0.565,137.004,3.0,199000.0,8.0,1
Kavi Shree Ghanshyam Gadhvi,0.742,0.934,7.0,-6.668,1.0,0.198,0.172,0.00521,0.363,0.438,129.886,4.0,175929.0,0.0,1
Kavish Seth,0.664,0.339,2.0,-15.483,1.0,0.0613,0.751,7.82e-06,0.0713,0.633,150.006,4.0,307500.0,5.0,1
Kenzani,0.34,0.43,8.0,-12.279,0.0,0.142,0.745,8.03e-05,0.211,0.309,200.298,4.0,232806.0,36.0,1
Khaled,0.832,0.754,1.0,-8.045,1.0,0.192,0.00494,0.0,0.14,0.633,108.016,4.0,151274.0,62.0,1
KK,0.404,0.634,8.0,-5.979,1.0,0.0398,0.411,0.000526,0.106,0.702,78.508,4.0,333583.0,78.0,1
KRAZYMANE,0.742,0.874,10.0,-3.357,0.0,0.0946,0.0028,0.0178,0.226,0.764,112.904,4.0,104174.0,58.0,1
KXRSED,0.854,0.923,7.0,-1.829,1.0,0.128,0.197,0.000154,0.146,0.233,120.02,4.0,104000.0,69.0,1
KZA Produções,0.721,0.848,9.0,-3.371,1.0,0.0266,0.26,2.11e-06,0.097,0.774,135.048,4.0,129799.0,74.0,1
Kalyanji-Anandji,0.869,0.868,5.0,-4.407,0.0,0.0883,0.00592,0.00244,0.296,0.551,132.008,4.0,200159.0,66.0,1
Kamaal Khan,0.687,0.925,10.0,-4.825,1.0,0.111,0.514,0.0,0.321,0.857,132.944,4.0,201549.0,44.0,1
Kanika,0.465,0.497,0.0,-6.724,1.0,0.0486,0.378,0.0,0.122,0.365,130.532,5.0,190539.0,31.0,1
Kasablanca,0.549,0.749,2.0,-8.636,1.0,0.0364,0.169,0.349,0.132,0.126,124.041,4.0,254516.0,67.0,1
Jutimala,0.483,0.69,4.0,-7.081,0.0,0.0494,0.227,0.00143,0.0956,0.322,130.006,5.0,226708.0,12.0,1
KANKAKU PIERO,0.459,0.99,9.0,-1.083,1.0,0.128,0.0102,4.98e-06,0.307,0.458,91.006,4.0,177106.0,66.0,1
KASYAP,0.629,0.652,9.0,-8.926,1.0,0.0386,0.522,6.96e-05,0.222,0.492,83.993,4.0,172823.0,39.0,1
KEL,0.336,0.935,2.0,-3.527,1.0,0.0727,0.00116,0.000121,0.319,0.235,143.892,4.0,153125.0,66.0,1
KGJ,0.701,0.998,11.0,1.765,0.0,0.0614,0.379,0.239,0.349,0.6,112.015,4.0,100714.0,67.0,1
KIARA,0.65,0.968,11.0,-3.05,0.0,0.0462,0.0459,0.00222,0.0826,0.658,145.025,4.0,140275.0,52.0,1
KIRTI SAGATHIA,0.72,0.621,2.0,-9.773,1.0,0.0491,0.676,0.0,0.0679,0.566,114.987,4.0,304459.0,75.0,1
KIXIA,0.844,0.857,0.0,-1.968,1.0,0.0456,0.0495,0.645,0.228,0.479,130.016,4.0,121771.0,72.0,1
Hrishi Giridhar,0.443,0.396,7.0,-11.071,1.0,0.037,0.891,0.0,0.0926,0.488,89.114,4.0,120000.0,65.0,1
Hwungii,0.619,0.75,7.0,-2.663,1.0,0.0324,5.78e-05,0.0,0.177,0.377,104.013,4.0,170919.0,73.0,1
Hxmr,0.548,0.919,8.0,0.655,1.0,0.0567,0.00861,0.00527,0.103,0.308,104.089,4.0,113169.0,71.0,1
ICE CREAM MUSIC,0.708,0.937,0.0,-3.164,1.0,0.101,0.101,0.0883,0.173,0.546,124.996,4.0,96960.0,46.0,1
ILLENIUM,0.428,0.759,7.0,-2.761,0.0,0.0433,0.0108,0.0,0.113,0.213,142.075,4.0,208000.0,57.0,1
IMARO,0.662,0.881,10.0,2.561,0.0,0.468,0.45,0.0,0.0717,0.58,124.611,4.0,111602.0,62.0,1
Jubin Nautiyal,0.6,0.49,4.0,-10.747,0.0,0.0439,0.0909,5.43e-05,0.148,0.263,149.942,4.0,262044.0,66.0,1
Justh,0.776,0.408,6.0,-9.378,1.0,0.106,0.701,0.0,0.293,0.496,119.888,4.0,208250.0,56.0,1
Lyke,0.811,0.548,4.0,-3.341,0.0,0.129,0.402,0.591,0.107,0.415,145.857,3.0,109388.0,56.0,1
Lyu,0.79,0.56,6.0,-10.23,0.0,0.269,0.00852,0.000688,0.121,0.627,130.067,4.0,150569.0,67.0,1
MAXPVNK,0.772,0.943,10.0,-2.662,1.0,0.0342,0.171,0.945,0.135,0.648,129.901,4.0,68312.0,63.0,1
MAYV,0.723,0.793,4.0,-3.951,0.0,0.0394,0.000446,0.0358,0.224,0.328,140.037,4.0,171696.0,46.0,1
MC DA$ILVA,0.494,0.947,1.0,-0.003,1.0,0.0451,0.0379,2.71e-06,0.188,0.453,74.778,4.0,94607.0,64.0,1
MC Fabinho da Osk,0.89,0.955,11.0,-4.03,0.0,0.0434,0.494,0.689,0.136,0.0941,130.061,4.0,81500.0,74.0,1
MC Gil Do Andaraí,0.662,0.881,10.0,2.561,0.0,0.468,0.45,0.0,0.0717,0.58,124.611,4.0,111602.0,62.0,1
MC Lan,0.874,0.393,4.0,-7.44,1.0,0.0722,0.197,0.00873,0.258,0.442,92.966,4.0,206451.0,73.0,1
LXST DRAGON,0.59,0.859,6.0,-1.04,1.0,0.0288,0.00159,0.142,0.217,0.795,123.041,4.0,112682.0,54.0,1
LYNY,0.594,0.87,8.0,-3.826,1.0,0.0537,0.0719,0.000194,0.655,0.3,139.933,4.0,174857.0,53.0,1
Lane 8,0.549,0.749,2.0,-8.636,1.0,0.0364,0.169,0.349,0.132,0.126,124.041,4.0,254516.0,67.0,1
Leon James,0.652,0.889,1.0,-5.434,0.0,0.137,0.298,0.0,0.173,0.71,104.848,4.0,218285.0,70.0,1
Lk Laxmikaant,0.614,0.603,11.0,-3.515,1.0,0.0339,0.0757,0.0,0.109,0.318,120.074,4.0,460531.0,0.0,1
Lost Stories,0.57,0.384,0.0,-10.093,1.0,0.0335,0.485,0.000164,0.116,0.328,158.854,3.0,149433.0,32.0,1
Lowx,0.43,0.878,6.0,-0.484,1.0,0.0379,0.0539,1.13e-06,0.273,0.35,91.826,4.0,152924.0,57.0,1
Lurk,0.817,0.654,10.0,0.177,1.0,0.038,0.469,0.852,0.0629,0.977,91.441,4.0,109419.0,79.0,1
Kumar Sanu,0.562,0.59,7.0,-6.732,0.0,0.0322,0.32,7.92e-05,0.0752,0.552,185.916,4.0,372661.0,59.0,1
Kushal Chokshi,0.742,0.934,7.0,-6.668,1.0,0.198,0.172,0.00521,0.363,0.438,129.886,4.0,175929.0,0.0,1
Kx5,0.659,0.798,9.0,-6.933,0.0,0.0749,0.175,0.000379,0.708,0.15,126.064,4.0,240445.0,70.0,1
LONOWN,0.51,0.877,10.0,0.181,1.0,0.0312,0.109,0.113,0.111,0.713,149.99,4.0,156843.0,63.0,1
LSDREAM,0.543,0.846,11.0,-4.283,1.0,0.0338,0.00137,0.00642,0.165,0.186,73.514,4.0,199183.0,44.0,1
LUNxdiE,0.551,0.86,1.0,-2.084,0.0,0.0439,0.0284,4.19e-05,0.179,0.422,131.998,4.0,88641.0,75.0,1
LXGHTXNG,0.807,0.764,9.0,-5.205,0.0,0.103,0.404,1.31e-05,0.146,0.443,100.069,4.0,77206.0,69.0,1
LXNGVX,0.537,0.64,1.0,-10.441,1.0,0.104,0.146,0.878,0.157,0.222,130.051,4.0,103495.0,70.0,1
Khan,0.694,0.384,1.0,-12.613,0.0,0.146,0.673,0.0024,0.356,0.377,105.019,4.0,187567.0,82.0,1
Khwaab,0.534,0.237,4.0,-13.074,1.0,0.0327,0.848,0.000283,0.118,0.296,135.781,4.0,187342.0,36.0,1
Killa P,0.532,0.95,8.0,-5.976,0.0,0.519,0.0243,1.39e-06,0.107,0.24,174.659,5.0,171428.0,36.0,1
Kissimjau,0.6,0.867,2.0,-4.37,1.0,0.0497,0.0016,0.526,0.203,0.55,174.042,4.0,136946.0,38.0,1
Klo,0.764,0.835,11.0,-5.982,0.0,0.065,0.000843,0.133,0.31,0.126,139.986,4.0,171428.0,46.0,1
Knockwell,0.702,0.9,7.0,-5.191,1.0,0.0295,0.13,1.02e-05,0.0832,0.438,116.03,4.0,180080.0,48.0,1
Kohinoor Langa,0.364,0.845,5.0,-6.26,1.0,0.103,0.845,0.0,0.112,0.597,91.786,4.0,395586.0,41.0,1
Kumaar,0.733,0.837,9.0,-4.394,1.0,0.0632,0.00785,2.34e-05,0.0874,0.829,137.991,4.0,339130.0,62.0,1
Fyex,0.726,0.972,11.0,0.895,0.0,0.0883,0.182,2.4e-06,0.276,0.528,107.209,4.0,103403.0,61.0,1
G. Gayathri Devi,0.813,0.445,2.0,-10.422,0.0,0.0596,0.2,0.0,0.127,0.63,127.965,5.0,278726.0,61.0,1
Gabry Ponte,0.336,0.935,2.0,-3.527,1.0,0.0727,0.00116,0.000121,0.319,0.235,143.892,4.0,153125.0,66.0,1
Gaurav Chatterji,0.443,0.396,7.0,-11.071,1.0,0.037,0.891,0.0,0.0926,0.488,89.114,4.0,120000.0,65.0,1
Gautam Kale,0.382,0.594,1.0,-8.402,1.0,0.0528,0.549,1.81e-06,0.107,0.521,160.251,4.0,156750.0,21.0,1
Gayatri Asokan,0.428,0.475,9.0,-11.392,1.0,0.0767,0.731,0.0,0.104,0.394,98.044,4.0,233750.0,0.0,1
Geeta Dutt,0.917,0.532,6.0,-5.145,1.0,0.059,0.877,0.0,0.0751,0.977,121.316,4.0,218373.0,45.0,1
Ginny Diwan,0.555,0.526,7.0,-9.507,1.0,0.0299,0.38,4.87e-05,0.106,0.34,144.939,3.0,350739.0,76.0,1
Faichan,0.632,0.548,5.0,-6.476,0.0,0.324,0.377,0.0,0.11,0.39,68.632,4.0,165517.0,13.0,1
Farah Siraj,0.396,0.736,4.0,-6.291,1.0,0.0607,0.297,0.384,0.153,0.0356,102.012,4.0,432893.0,44.0,1
Farid Hasan,0.269,0.779,2.0,-5.135,1.0,0.0519,0.0463,1.73e-06,0.0892,0.384,150.04,3.0,330921.0,42.0,1
Faridkot,0.78,0.46,6.0,-7.516,1.0,0.0851,0.455,0.000141,0.061,0.788,124.007,4.0,287573.0,49.0,1
Fast & Furious: The Fast Saga,0.604,0.601,2.0,-7.887,0.0,0.0628,0.15,0.000579,0.168,0.156,139.88,4.0,164629.0,77.0,1
Fat Papi,0.735,0.445,7.0,-12.787,0.0,0.0676,0.384,1.59e-05,0.117,0.274,148.859,4.0,180705.0,76.0,1
Fred again..,0.665,0.727,1.0,-8.073,0.0,0.0391,0.00984,0.394,0.172,0.397,133.922,4.0,198805.0,66.0,1
Fuzon,0.652,0.516,6.0,-9.946,1.0,0.0315,0.33,0.00073,0.0918,0.417,80.093,4.0,412266.0,45.0,1
Dxrk ダーク,0.716,0.748,8.0,-6.06,1.0,0.0356,0.235,0.849,0.114,0.338,119.918,4.0,169245.0,71.0,1
ER,0.298,0.693,1.0,-6.424,0.0,0.046,0.725,0.000259,0.131,0.481,83.923,4.0,437679.0,77.0,1
EUROCLUB,0.685,0.968,11.0,-5.844,1.0,0.0517,0.00111,0.705,0.203,0.428,140.055,4.0,157714.0,46.0,1
Ed Boon,0.614,0.873,7.0,-8.907,1.0,0.0329,0.00371,0.464,0.351,0.837,134.036,4.0,154879.0,52.0,1
Egzod,0.286,0.898,5.0,-3.191,0.0,0.0769,0.0994,0.00218,0.0324,0.318,172.078,4.0,212859.0,56.0,1
Ekdev Limbu,0.496,0.41,10.0,-10.31,1.0,0.105,0.885,0.0409,0.121,0.253,116.108,5.0,206658.0,56.0,1
Emrld!,0.873,0.73,1.0,-1.459,0.0,0.126,0.271,2.16e-05,0.237,0.894,95.218,4.0,90834.0,2.0,1
Faheem Abdullah,0.383,0.547,4.0,-8.862,0.0,0.0275,0.423,0.0466,0.147,0.236,95.068,4.0,228639.0,71.0,1
MC LyC4N,0.709,0.565,5.0,-11.07,1.0,0.0975,0.708,0.344,0.15,0.709,130.195,4.0,75692.0,68.0,1
MC MAYAH,0.743,0.838,9.0,0.195,0.0,0.0755,0.168,0.0683,0.101,0.848,105.927,4.0,145115.0,73.0,1
MC WM,0.874,0.393,4.0,-7.44,1.0,0.0722,0.197,0.00873,0.258,0.442,92.966,4.0,206451.0,73.0,1
MGNA Crrrta,0.697,0.87,10.0,-4.922,0.0,0.406,0.018,0.000927,0.372,0.644,141.92,4.0,127634.0,52.0,1
MPH,0.805,0.884,8.0,-3.383,0.0,0.0933,0.00646,0.00074,0.423,0.246,135.038,4.0,176000.0,54.0,1
MUPP,0.706,0.91,1.0,-3.527,1.0,0.146,0.175,2e-06,0.11,0.667,126.007,4.0,107044.0,66.0,1
MVSTERIOUS,0.548,0.919,8.0,0.655,1.0,0.0567,0.00861,0.00527,0.103,0.308,104.089,4.0,113169.0,71.0,1
MXCCREE,0.488,0.964,7.0,0.379,1.0,0.0607,0.0116,1.39e-05,0.371,0.111,135.992,4.0,72352.0,66.0,1
Mital Hardik Singot,0.798,0.935,8.0,-3.235,1.0,0.297,0.0712,0.23,0.0276,0.891,168.155,4.0,124419.0,50.0,1
Mitika Kanwar,0.71,0.582,2.0,-7.994,1.0,0.0543,0.0238,0.00035,0.0766,0.443,99.998,4.0,213600.0,0.0,1
Mohammed Aman,0.269,0.779,2.0,-5.135,1.0,0.0519,0.0463,1.73e-06,0.0892,0.384,150.04,3.0,330921.0,42.0,1
Mohit Chauhan,0.542,0.458,10.0,-8.886,0.0,0.0353,0.758,2.49e-05,0.138,0.437,87.467,4.0,236071.0,72.0,1
Moin,0.298,0.693,1.0,-6.424,0.0,0.046,0.725,0.000259,0.131,0.481,83.923,4.0,437679.0,77.0,1
Momoka Kisaki,0.643,0.46,10.0,-4.502,1.0,0.0347,0.227,0.0,0.0916,0.679,150.045,4.0,156400.0,40.0,1
Muhafiz,0.454,0.381,0.0,-13.133,0.0,0.0499,0.302,7.96e-05,0.289,0.315,75.058,4.0,272000.0,14.0,1
Murtuza Khan,0.744,0.7,2.0,-7.663,1.0,0.0375,0.278,0.000155,0.068,0.867,144.033,4.0,309640.0,79.0,1
Mc Rd,0.698,0.342,7.0,-15.925,1.0,0.0305,0.604,0.875,0.132,0.188,100.93,4.0,103495.0,72.0,1
Mc Vitorioso,0.939,0.724,1.0,-0.467,1.0,0.0974,0.221,7.32e-05,0.3,0.894,123.022,4.0,103375.0,67.0,1
Meet Bros.,0.299,0.402,7.0,-7.409,1.0,0.0528,0.765,0.0,0.418,0.294,74.291,4.0,317118.0,27.0,1
Meghdeep Bose,0.39,0.286,11.0,-10.182,1.0,0.0314,0.8,1.24e-05,0.141,0.344,189.633,3.0,215946.0,82.0,1
Memphis Cult,0.737,0.915,0.0,-2.749,1.0,0.0412,0.00322,2.58e-05,0.084,0.304,154.964,4.0,86709.0,71.0,1
Midival Punditz,0.384,0.696,5.0,-6.768,1.0,0.0335,0.00385,0.0156,0.163,0.0779,172.059,4.0,310146.0,34.0,1
Miki Matsubara,0.658,0.747,5.0,-6.615,1.0,0.0431,0.176,8.49e-06,0.0789,0.792,108.259,4.0,312293.0,16.0,1
Mira Mohamed Majid,0.636,0.537,5.0,-7.477,0.0,0.0344,0.59,0.0,0.101,0.597,75.968,4.0,183041.0,52.0,1
Mashuq Haque,0.614,0.528,0.0,-3.045,1.0,0.0411,0.000408,0.526,0.438,0.305,119.871,4.0,92000.0,67.0,1
Masked Wolf,0.53,0.82,4.0,-4.936,0.0,0.0438,0.154,2.71e-06,0.14,0.355,171.933,4.0,128372.0,68.0,1
Matisse & Sadko,0.2,0.801,0.0,-4.4,1.0,0.0424,0.00211,2.53e-06,0.186,0.191,127.004,4.0,227735.0,62.0,1
Mazaak,0.491,0.502,1.0,-8.249,1.0,0.0452,0.764,1.17e-05,0.0867,0.446,83.627,4.0,169941.0,71.0,1
Mc Denny,0.38,0.498,7.0,-8.494,0.0,0.0301,0.273,0.87,0.211,0.0896,115.1,4.0,93918.0,76.0,1
Mc Furdunço,0.662,0.881,10.0,2.561,0.0,0.468,0.45,0.0,0.0717,0.58,124.611,4.0,111602.0,62.0,1
Mc Kitinho,0.96,0.692,2.0,-1.867,1.0,0.293,0.399,4.31e-06,0.103,0.911,129.974,4.0,99317.0,62.0,1
Mc Pogba,0.949,0.669,2.0,-3.922,0.0,0.222,0.36,0.000592,0.169,0.843,130.05,4.0,132922.0,66.0,1
Maanu,0.542,0.256,0.0,-13.598,0.0,0.0484,0.854,0.0,0.0758,0.517,149.537,4.0,277600.0,1.0,1
Madhur Sharma,0.298,0.693,1.0,-6.424,0.0,0.046,0.725,0.000259,0.131,0.481,83.923,4.0,437679.0,77.0,1
Madhurxo,0.694,0.384,1.0,-12.613,0.0,0.146,0.673,0.0024,0.356,0.377,105.019,4.0,187567.0,82.0,1
Maestro Chives,0.286,0.898,5.0,-3.191,0.0,0.0769,0.0994,0.00218,0.0324,0.318,172.078,4.0,212859.0,56.0,1
Mahan,0.63,0.632,2.0,-7.04,1.0,0.35,0.173,2.98e-05,0.0943,0.808,118.54,4.0,223881.0,35.0,1
Maithili Thakur,0.63,0.632,2.0,-7.04,1.0,0.35,0.173,2.98e-05,0.0943,0.808,118.54,4.0,223881.0,35.0,1
Malini Awasthi,0.464,0.429,7.0,-8.611,0.0,0.0275,0.534,0.00852,0.0897,0.216,85.044,4.0,293500.0,0.0,1
Masala Coffee,0.725,0.743,5.0,-7.396,1.0,0.0513,0.667,0.000278,0.396,0.359,120.032,4.0,276030.0,18.0,1
Dj Brunin XM,0.721,0.848,9.0,-3.371,1.0,0.0266,0.26,2.11e-06,0.097,0.774,135.048,4.0,129799.0,74.0,1
Dj Rs,0.726,0.772,4.0,-10.86,0.0,0.168,0.0585,0.00166,0.111,0.414,129.924,4.0,169850.0,49.0,1
Dj Zidzz,0.833,0.642,1.0,0.442,1.0,0.114,0.176,0.119,0.224,0.558,183.813,4.0,102394.0,69.0,1
Dominic Fike,0.762,0.604,7.0,-5.296,0.0,0.11,0.114,0.0,0.0271,0.847,168.007,4.0,97960.0,98.0,1
Dramatica,0.324,0.537,11.0,-6.573,0.0,0.0298,0.771,0.305,0.245,0.217,134.9,4.0,121000.0,61.0,1
Dream Note,0.556,0.202,4.0,-16.397,1.0,0.0324,0.915,0.0381,0.112,0.2,145.017,3.0,243310.0,61.0,1
Dropped Out,0.641,0.449,5.0,-9.568,0.0,0.162,0.133,6.39e-05,0.139,0.491,99.899,4.0,182400.0,71.0,1
Duduzinho,0.681,0.734,8.0,-7.623,0.0,0.0279,0.0402,0.901,0.165,0.248,105.03,4.0,109732.0,68.0,1
Dhee,0.763,0.573,11.0,-6.743,1.0,0.117,0.141,0.032,0.348,0.356,96.03,4.0,262656.0,60.0,1
Dhibu Ninan Thomas,0.713,0.615,11.0,-7.648,0.0,0.138,0.341,1.55e-06,0.0608,0.807,135.017,3.0,249671.0,77.0,1
Dhruv Ghanekar,0.599,0.708,9.0,-5.567,1.0,0.0736,0.106,0.0,0.1,0.628,96.122,4.0,280000.0,46.0,1
Dhvani Kailas,0.578,0.389,1.0,-5.439,0.0,0.0304,0.875,1.28e-06,0.0973,0.559,139.64,3.0,216214.0,58.0,1
Dikshant,0.544,0.307,10.0,-11.361,1.0,0.0334,0.791,0.0,0.11,0.335,177.808,4.0,221271.0,72.0,1
Divana,0.411,0.648,2.0,-12.143,1.0,0.115,0.736,0.000143,0.704,0.44,127.556,4.0,464200.0,52.0,1
Divya Kumar,0.564,0.801,4.0,-8.496,1.0,0.049,0.59,0.000244,0.0806,0.592,109.981,4.0,336296.0,0.0,1
Divyam Sodhi,0.534,0.237,4.0,-13.074,1.0,0.0327,0.848,0.000283,0.118,0.296,135.781,4.0,187342.0,36.0,1
DJZRX,0.748,0.812,11.0,-3.405,0.0,0.117,0.204,0.341,0.142,0.516,129.989,4.0,88629.0,66.0,1
DRKZN,0.83,0.953,6.0,-1.433,1.0,0.18,0.178,0.0,0.436,0.782,130.985,4.0,117272.0,51.0,1
DVRST,0.784,0.572,0.0,-9.853,1.0,0.0573,0.0748,0.843,0.139,0.209,96.181,4.0,132346.0,72.0,1
DXMND,0.83,0.953,6.0,-1.433,1.0,0.18,0.178,0.0,0.436,0.782,130.985,4.0,117272.0,51.0,1
Danish Sood,0.498,0.259,6.0,-11.302,1.0,0.0363,0.706,9.99e-06,0.107,0.248,109.362,4.0,126674.0,15.0,1
Dastaan LIVE,0.551,0.715,2.0,-11.495,1.0,0.0644,0.00163,0.0,0.0872,0.449,109.997,4.0,241000.0,0.0,1
Deepak Pandit,0.566,0.378,0.0,-14.167,1.0,0.0589,0.879,0.00807,0.293,0.511,122.072,3.0,318052.0,0.0,1
Deepthi Suresh,0.698,0.631,10.0,-8.706,0.0,0.0522,0.356,0.0,0.16,0.515,129.987,4.0,240107.0,76.0,1
Mustafa Zahid,0.459,0.563,9.0,-6.369,0.0,0.0263,0.39,1.98e-06,0.107,0.0961,101.996,4.0,348280.0,76.0,1
NCTS,0.632,0.75,1.0,-2.219,0.0,0.0297,0.0894,0.0839,0.182,0.333,129.945,4.0,99692.0,75.0,1
NEAR DEATH,0.641,0.869,9.0,-2.533,1.0,0.0627,0.0826,0.899,0.328,0.619,178.209,4.0,92216.0,60.0,1
NOTION,0.62,0.843,6.0,-5.321,0.0,0.0844,0.0062,4.63e-06,0.55,0.237,137.812,4.0,233229.0,87.0,1
NTPV,0.531,0.513,2.0,-14.406,1.0,0.0331,0.0881,0.621,0.177,0.206,105.003,4.0,128047.0,65.0,1
NVRVYN,0.704,0.721,5.0,-1.982,1.0,0.0942,0.531,9.82e-06,0.351,0.314,155.58,4.0,164486.0,52.0,1
NXCLYPSE,0.576,0.997,8.0,-2.167,1.0,0.105,0.000957,1.3e-05,0.246,0.64,129.971,4.0,84923.0,56.0,1
DJ eu4oria,0.521,0.863,5.0,-1.815,1.0,0.0369,0.491,1.15e-06,0.284,0.157,86.252,4.0,152947.0,78.0,1
Osman Mir,0.71,0.783,10.0,-6.739,1.0,0.075,0.269,3.31e-05,0.0842,0.624,112.503,3.0,256399.0,32.0,1
PINNOCIO,0.677,0.588,10.0,-11.611,0.0,0.0693,0.264,0.0,0.135,0.425,139.934,4.0,180000.0,40.0,1
PRIYA,0.813,0.445,2.0,-10.422,0.0,0.0596,0.2,0.0,0.127,0.63,127.965,5.0,278726.0,61.0,1
PRXSXNT FXTURE,0.718,0.87,2.0,-6.227,1.0,0.0447,0.000178,0.234,0.0869,0.129,118.937,4.0,124033.0,54.0,1
PXLWYSE,0.575,0.882,11.0,-3.948,1.0,0.0317,0.000465,0.71,0.11,0.758,129.977,4.0,83755.0,71.0,1
Paal Dabba,0.698,0.631,10.0,-8.706,0.0,0.0522,0.356,0.0,0.16,0.515,129.987,4.0,240107.0,76.0,1
Palak Muchhal,0.377,0.65,6.0,-10.622,1.0,0.0829,0.079,0.0,0.143,0.301,92.997,4.0,331089.0,32.0,1
Pandit Ajoy Chakrabarty,0.287,0.762,0.0,-7.121,1.0,0.0874,0.392,0.0,0.287,0.262,73.054,4.0,158476.0,42.0,1
Ofenbach,0.581,0.946,1.0,-8.027,1.0,0.0441,0.00192,0.663,0.0622,0.101,130.056,4.0,173571.0,34.0,1
Ogryzek,0.331,0.765,1.0,-6.789,1.0,0.0298,0.000421,0.879,0.109,0.0923,171.455,4.0,149522.0,76.0,1
Oliveira Mc 011,0.669,0.808,8.0,-4.567,0.0,0.0458,0.357,0.466,0.116,0.455,130.144,4.0,73259.0,63.0,1
Oliver Tree,0.604,0.601,2.0,-7.887,0.0,0.0628,0.15,0.000579,0.168,0.156,139.88,4.0,164629.0,77.0,1
Olivier Adams,0.614,0.873,7.0,-8.907,1.0,0.0329,0.00371,0.464,0.351,0.837,134.036,4.0,154879.0,52.0,1
Omkar Singh,0.785,0.576,0.0,-6.473,1.0,0.0747,0.256,0.0,0.109,0.47,96.043,4.0,193124.0,78.0,1
Oppidan,0.817,0.867,1.0,-7.218,0.0,0.499,0.0108,0.0306,0.0831,0.242,144.247,4.0,148645.0,52.0,1
Ordley,0.727,0.706,1.0,-5.584,1.0,0.266,0.102,0.618,0.208,0.574,140.037,4.0,178285.0,41.0,1
Ninajirachi,0.697,0.87,10.0,-4.922,0.0,0.406,0.018,0.000927,0.372,0.644,141.92,4.0,127634.0,52.0,1
Niranjana Ramanan,0.473,0.837,9.0,-7.101,1.0,0.0336,0.0968,0.912,0.297,0.212,97.261,4.0,63711.0,54.0,1
Noah Baine,0.78,0.941,6.0,-6.81,0.0,0.0788,0.0617,0.00865,0.0815,0.258,140.008,4.0,150857.0,40.0,1
Noor,0.694,0.384,1.0,-12.613,0.0,0.146,0.673,0.0024,0.356,0.377,105.019,4.0,187567.0,82.0,1
OAFF,0.617,0.714,0.0,-6.462,1.0,0.0393,0.379,0.0169,0.0977,0.449,125.952,4.0,199050.0,35.0,1
OTVphonk,0.745,0.968,1.0,0.407,1.0,0.0429,0.239,0.844,0.346,0.76,163.818,4.0,99638.0,69.0,1
OXXED,0.914,0.577,1.0,-6.684,1.0,0.0702,0.69,0.946,0.101,0.465,104.999,4.0,99279.0,69.0,1
Oasis Thapa,0.574,0.211,3.0,-14.641,1.0,0.0295,0.912,0.000293,0.113,0.557,130.344,3.0,212800.0,59.0,1
Nabil El Houri,0.832,0.754,1.0,-8.045,1.0,0.192,0.00494,0.0,0.14,0.633,108.016,4.0,151274.0,62.0,1
Nakash Aziz,0.255,0.537,0.0,-11.189,1.0,0.0835,0.428,0.000505,0.0608,0.499,75.634,4.0,202838.0,25.0,1
Narci,0.459,0.739,3.0,-8.343,0.0,0.15,0.827,2.67e-05,0.0833,0.794,81.773,4.0,309019.0,1.0,1
Naseebo Lal,0.42,0.481,7.0,-8.949,1.0,0.0395,0.255,0.000414,0.0909,0.0594,84.794,4.0,397546.0,54.0,1
Nateki,0.743,0.838,9.0,0.195,0.0,0.0755,0.168,0.0683,0.101,0.848,105.927,4.0,145115.0,73.0,1
Neeraj Arya,0.673,0.806,7.0,-7.653,1.0,0.0636,0.544,0.00265,0.529,0.767,129.996,4.0,218307.0,10.0,1
Nic Vans,0.62,0.951,7.0,-2.961,1.0,0.0359,0.0396,0.00035,0.314,0.531,139.985,4.0,164142.0,63.0,1
Nikhil D'Souza,0.511,0.767,2.0,-5.699,1.0,0.0524,0.651,0.0,0.153,0.463,79.923,4.0,289560.0,72.0,1
DJ MH,0.699,0.762,11.0,-7.995,1.0,0.0463,0.156,0.225,0.416,0.555,103.183,4.0,93038.0,73.0,1
DJ MZK 07,0.773,0.649,5.0,-0.689,0.0,0.093,0.593,0.951,0.0617,0.961,136.517,4.0,71025.0,62.0,1
DJ Oliver Mendes,0.715,0.775,1.0,-7.484,1.0,0.0818,0.715,0.00388,0.195,0.598,163.772,4.0,139384.0,66.0,1
DJ PBeats,0.79,0.56,6.0,-10.23,0.0,0.269,0.00852,0.000688,0.121,0.627,130.067,4.0,150569.0,67.0,1
DJ Paulinho Mondi Da Baixa Baviera,0.939,0.724,1.0,-0.467,1.0,0.0974,0.221,7.32e-05,0.3,0.894,123.022,4.0,103375.0,67.0,1
DJ RITMO DIVINO,0.772,0.943,10.0,-2.662,1.0,0.0342,0.171,0.945,0.135,0.648,129.901,4.0,68312.0,63.0,1
DJ Raulipues,0.773,0.649,5.0,-0.689,0.0,0.093,0.593,0.951,0.0617,0.961,136.517,4.0,71025.0,62.0,1
DJ SILVER ZN,0.773,0.649,5.0,-0.689,0.0,0.093,0.593,0.951,0.0617,0.961,136.517,4.0,71025.0,62.0,1
DJ FNK,0.768,0.897,10.0,-0.522,1.0,0.126,0.0352,0.0,0.156,0.155,140.025,4.0,165107.0,67.0,1
DJ FZ DA ZN,0.521,0.863,5.0,-1.815,1.0,0.0369,0.491,1.15e-06,0.284,0.157,86.252,4.0,152947.0,78.0,1
DJ GL3CHEKY,0.488,0.964,7.0,0.379,1.0,0.0607,0.0116,1.39e-05,0.371,0.111,135.992,4.0,72352.0,66.0,1
DJ Guih Da ZO,0.949,0.669,2.0,-3.922,0.0,0.222,0.36,0.000592,0.169,0.843,130.05,4.0,132922.0,66.0,1
DJ JUAN,0.83,0.706,6.0,-6.058,0.0,0.0723,0.324,0.189,0.645,0.822,105.978,4.0,101928.0,70.0,1
DJ KLEITON,0.825,0.939,1.0,-1.064,1.0,0.0422,0.00299,0.0,0.128,0.505,108.877,4.0,96444.0,56.0,1
DJ KVNXD,0.833,0.642,1.0,0.442,1.0,0.114,0.176,0.119,0.224,0.558,183.813,4.0,102394.0,69.0,1
DJ Lucca 01,0.699,0.762,11.0,-7.995,1.0,0.0463,0.156,0.225,0.416,0.555,103.183,4.0,93038.0,73.0,1
Piyush Chouhan,0.612,0.335,1.0,-12.427,1.0,0.154,0.623,2.33e-06,0.688,0.833,116.333,4.0,187200.0,49.0,1
Pooja AV,0.72,0.621,2.0,-9.773,1.0,0.0491,0.676,0.0,0.0679,0.566,114.987,4.0,304459.0,75.0,1
Pradeep Ranganathan,0.853,0.761,8.0,-5.383,0.0,0.18,0.21,0.0,0.152,0.86,120.033,4.0,208000.0,71.0,1
Prajakta Shukre,0.531,0.741,7.0,-7.894,1.0,0.0362,0.09,0.00786,0.54,0.39,100.011,4.0,342600.0,6.0,1
Prashanth Srinivas,0.3,0.451,2.0,-13.144,1.0,0.0444,0.74,0.0209,0.338,0.298,179.968,3.0,323734.0,17.0,1
DJ DUARTE,0.726,0.772,4.0,-10.86,0.0,0.168,0.0585,0.00166,0.111,0.414,129.924,4.0,169850.0,49.0,1
DJ DYLANFK,0.701,0.998,11.0,1.765,0.0,0.0614,0.379,0.239,0.349,0.6,112.015,4.0,100714.0,67.0,1
DJ EXE,0.662,0.881,10.0,2.561,0.0,0.468,0.45,0.0,0.0717,0.58,124.611,4.0,111602.0,62.0,1
Panther,0.807,0.712,6.0,-4.678,0.0,0.107,0.401,1.41e-05,0.0907,0.833,102.993,4.0,237378.0,49.0,1
Paresh Pahuja,0.39,0.286,11.0,-10.182,1.0,0.0314,0.8,1.24e-05,0.141,0.344,189.633,3.0,215946.0,82.0,1
Paroma Dasgupta,0.579,0.233,10.0,-14.276,1.0,0.0321,0.927,0.00202,0.097,0.266,104.922,3.0,233760.0,0.0,1
Parthiv Gohil,0.757,0.468,7.0,-7.359,1.0,0.0275,0.802,3.18e-06,0.117,0.349,109.998,1.0,332181.0,28.0,1
Pawandeep Rajan,0.671,0.646,9.0,-5.401,0.0,0.0677,0.148,3.67e-05,0.0904,0.78,159.009,3.0,201509.0,16.0,1
Phonk King,0.531,0.513,2.0,-14.406,1.0,0.0331,0.0881,0.621,0.177,0.206,105.003,4.0,128047.0,65.0,1
Pitbull,0.73,0.777,3.0,-5.194,0.0,0.0496,0.105,0.000486,0.0691,0.575,130.003,4.0,284866.0,93.0,1
Piyush Bhisekar,0.563,0.212,9.0,-12.493,1.0,0.0332,0.468,4.03e-06,0.206,0.219,87.939,4.0,224486.0,36.0,1
Ram Sampath,0.548,0.809,10.0,-4.315,0.0,0.038,0.529,0.0,0.0863,0.538,101.334,3.0,205800.0,29.0,1
Rana Sotal,0.576,0.72,9.0,-3.842,1.0,0.0409,0.438,0.0,0.0814,0.6,140.031,4.0,223107.0,67.0,1
Rangle Sardar,0.406,0.717,0.0,-5.651,0.0,0.0319,0.154,1.06e-06,0.0986,0.702,95.146,4.0,259500.0,24.0,1
Rauhan Malik,0.383,0.547,4.0,-8.862,0.0,0.0275,0.423,0.0466,0.147,0.236,95.068,4.0,228639.0,71.0,1
Ravi Kishan,0.63,0.632,2.0,-7.04,1.0,0.35,0.173,2.98e-05,0.0943,0.808,118.54,4.0,223881.0,35.0,1
Reeshabh Purohit,0.542,0.481,9.0,-9.456,1.0,0.0521,0.694,0.0,0.364,0.368,80.08,4.0,137997.0,34.0,1
Rekha Bhardwaj,0.426,0.432,0.0,-9.667,1.0,0.0353,0.844,8.79e-05,0.13,0.615,77.004,4.0,285000.0,61.0,1
Rie fu,0.666,0.371,11.0,-8.471,1.0,0.0274,0.502,4.55e-05,0.211,0.468,100.258,4.0,300306.0,51.0,1
Raban,0.121,0.321,10.0,-13.33,1.0,0.0301,0.235,0.925,0.0962,0.0392,86.924,4.0,356205.0,51.0,1
Raghav Chaitanya,0.528,0.435,5.0,-9.699,1.0,0.0347,0.705,2.98e-05,0.103,0.293,172.115,4.0,264933.0,58.0,1
Raghav Kaushik,0.436,0.273,11.0,-10.587,1.0,0.0312,0.923,0.0064,0.145,0.28,139.896,4.0,246857.0,47.0,1
Rahat Fateh Ali Khan,0.544,0.679,1.0,-5.105,0.0,0.0456,0.494,0.0,0.12,0.388,123.955,4.0,532300.0,48.0,1
Rahul Vaidya,0.377,0.65,6.0,-10.622,1.0,0.0829,0.079,0.0,0.143,0.301,92.997,4.0,331089.0,32.0,1
Raitila Rajasthan,0.367,0.518,11.0,-9.946,1.0,0.464,0.814,0.071,0.16,0.53,98.24,4.0,170400.0,49.0,1
Raj Shekhar,0.528,0.435,5.0,-9.699,1.0,0.0347,0.705,2.98e-05,0.103,0.293,172.115,4.0,264933.0,58.0,1
Raju Bhaai,0.742,0.934,7.0,-6.668,1.0,0.198,0.172,0.00521,0.363,0.438,129.886,4.0,175929.0,0.0,1
Prithvi Gandharv,0.536,0.668,7.0,-5.489,1.0,0.0404,0.138,0.0,0.177,0.308,159.94,4.0,247874.0,9.0,1
Priya Mallick,0.614,0.603,11.0,-3.515,1.0,0.0339,0.0757,0.0,0.109,0.318,120.074,4.0,460531.0,0.0,1
Priyani Vani Panditt,0.537,0.619,0.0,-7.68,1.0,0.0445,0.705,0.000399,0.129,0.187,95.042,4.0,199658.0,23.0,1
Project 91,0.71,0.582,2.0,-7.994,1.0,0.0543,0.0238,0.00035,0.0766,0.443,99.998,4.0,213600.0,0.0,1
Purbayan Chatterjee,0.428,0.475,9.0,-11.392,1.0,0.0767,0.731,0.0,0.104,0.394,98.044,4.0,233750.0,0.0,1
Qadir Khan,0.744,0.7,2.0,-7.663,1.0,0.0375,0.278,0.000155,0.068,0.867,144.033,4.0,309640.0,79.0,1
R. Shruti,0.813,0.445,2.0,-10.422,0.0,0.0596,0.2,0.0,0.127,0.63,127.965,5.0,278726.0,61.0,1
Raahein Gharana,0.698,0.52,6.0,-10.566,1.0,0.0459,0.641,0.888,0.147,0.386,105.011,4.0,302704.0,0.0,1
DJ VGK1,0.619,0.75,7.0,-2.663,1.0,0.0324,5.78e-05,0.0,0.177,0.377,104.013,4.0,170919.0,73.0,1
DJ VIBER,0.96,0.692,2.0,-1.867,1.0,0.293,0.399,4.31e-06,0.103,0.911,129.974,4.0,99317.0,62.0,1
DJ VTTT77,0.698,0.342,7.0,-15.925,1.0,0.0305,0.604,0.875,0.132,0.188,100.93,4.0,103495.0,72.0,1
DJ Will o Cria,0.874,0.393,4.0,-7.44,1.0,0.0722,0.197,0.00873,0.258,0.442,92.966,4.0,206451.0,73.0,1
Pratibha Baghel,0.681,0.446,2.0,-8.929,1.0,0.0312,0.798,7.29e-06,0.109,0.291,118.046,1.0,254491.0,22.0,1
Pratibha Singh Baghel,0.566,0.378,0.0,-14.167,1.0,0.0589,0.879,0.00807,0.293,0.511,122.072,3.0,318052.0,0.0,1
Pratik Gangavane,0.443,0.396,7.0,-11.071,1.0,0.037,0.891,0.0,0.0926,0.488,89.114,4.0,120000.0,65.0,1
Prince Deukadi,0.524,0.121,7.0,-15.61,0.0,0.0362,0.896,0.0,0.078,0.419,112.013,3.0,141827.0,46.0,1
Charanraj MR,0.487,0.773,5.0,-8.194,1.0,0.0441,0.0516,0.062,0.233,0.565,169.981,4.0,141459.0,23.0,1
Chase & Status,0.777,0.934,2.0,-0.959,1.0,0.254,0.285,3.86e-05,0.275,0.637,88.009,4.0,166448.0,74.0,1
Chilli Beans.,0.418,0.855,2.0,-4.982,0.0,0.138,0.0325,0.0,0.33,0.45,118.886,4.0,214943.0,51.0,1
Chinmayi,0.744,0.7,2.0,-7.663,1.0,0.0375,0.278,0.000155,0.068,0.867,144.033,4.0,309640.0,79.0,1
Chitra Singh,0.354,0.272,2.0,-13.642,1.0,0.0293,0.907,0.615,0.0848,0.262,90.566,4.0,291066.0,64.0,1
Chrystal,0.62,0.843,6.0,-5.321,0.0,0.0844,0.0062,4.63e-06,0.55,0.237,137.812,4.0,233229.0,87.0,1
Clinton Cerejo,0.671,0.646,9.0,-5.401,0.0,0.0677,0.148,3.67e-05,0.0904,0.78,159.009,3.0,201509.0,16.0,1
Clovis Reyes,0.513,0.467,5.0,-9.138,0.0,0.0632,0.0328,0.00922,0.249,0.162,75.307,4.0,150441.0,69.0,1
Bollywood Lofi,0.323,0.349,7.0,-12.524,1.0,0.0761,0.965,0.00548,0.116,0.2,180.203,4.0,146666.0,61.0,1
Bombay Jayashri,0.261,0.231,9.0,-12.298,1.0,0.0286,0.937,0.00016,0.188,0.372,92.264,3.0,268615.0,20.0,1
Bombay Rockers,0.788,0.891,10.0,-3.983,1.0,0.105,0.0332,0.0,0.0385,0.898,104.943,4.0,210053.0,58.0,1
Bramha,0.71,0.582,2.0,-7.994,1.0,0.0543,0.0238,0.00035,0.0766,0.443,99.998,4.0,213600.0,0.0,1
Brevis,0.653,0.802,1.0,-4.06,0.0,0.0267,0.0199,0.00788,0.193,0.241,115.112,4.0,112619.0,56.0,1
Britto Khangchian,0.36,0.336,4.0,-7.763,1.0,0.0291,0.808,6.38e-05,0.223,0.216,92.597,4.0,265728.0,1.0,1
Burrah,0.617,0.714,0.0,-6.462,1.0,0.0393,0.379,0.0169,0.0977,0.449,125.952,4.0,199050.0,35.0,1
CamrinWatsin,0.793,0.779,9.0,-4.609,0.0,0.0581,0.279,0.000311,0.314,0.687,142.002,4.0,138246.0,83.0,1
SAPFIR,0.794,0.893,4.0,-1.718,0.0,0.0944,0.0601,0.0228,0.0728,0.928,186.025,3.0,81290.0,66.0,1
SCANDAL,0.459,0.872,4.0,-0.987,1.0,0.053,0.0505,0.0,0.166,0.579,82.61,4.0,277280.0,44.0,1
SCARIONIX,0.692,0.674,0.0,-6.302,1.0,0.0266,0.000197,0.117,0.234,0.42,106.659,4.0,110254.0,67.0,1
SCHWVFTY,0.622,0.947,1.0,1.331,1.0,0.0323,0.0998,1.04e-06,0.115,0.568,110.032,4.0,108022.0,69.0,1
Bhumi,0.698,0.631,10.0,-8.706,0.0,0.0522,0.356,0.0,0.16,0.515,129.987,4.0,240107.0,76.0,1
Bianca Gomes,0.671,0.646,9.0,-5.401,0.0,0.0677,0.148,3.67e-05,0.0904,0.78,159.009,3.0,201509.0,16.0,1
Bidhya Tiwari,0.576,0.258,5.0,-13.053,1.0,0.0378,0.875,0.000603,0.169,0.43,80.0,4.0,381179.0,53.0,1
BlueNucleus,0.49,0.591,1.0,-11.731,1.0,0.0359,0.0021,0.255,0.148,0.23,145.035,4.0,214500.0,0.0,1
Rohail Hyatt,0.529,0.26,4.0,-12.345,1.0,0.0268,0.813,3.48e-05,0.111,0.378,88.05,4.0,301000.0,49.0,1
Rohan Kamath,0.6,0.408,3.0,-9.873,1.0,0.0248,0.838,0.0,0.107,0.265,84.984,4.0,193764.0,25.0,1
Romy,0.555,0.526,7.0,-9.507,1.0,0.0299,0.38,4.87e-05,0.106,0.34,144.939,3.0,350739.0,76.0,1
Ruchika Chauhan,0.935,0.483,8.0,-8.266,0.0,0.176,0.401,0.00106,0.0949,0.692,100.028,4.0,197277.0,5.0,1
Rushex,0.823,0.897,4.0,-0.477,1.0,0.0619,0.528,0.853,0.131,0.335,130.009,4.0,170650.0,74.0,1
Rushil Aswal,0.591,0.414,8.0,-15.752,1.0,0.0403,0.85,0.000421,0.106,0.615,99.809,4.0,263550.0,64.0,1
S3BZS,0.878,0.804,9.0,-3.197,1.0,0.0499,0.749,0.0487,0.087,0.83,130.027,4.0,61673.0,64.0,1
SALIMA CHICA,0.686,0.85,4.0,-2.753,0.0,0.0725,0.106,1.63e-06,0.512,0.323,137.998,4.0,121739.0,82.0,1
Samarth Janve,0.667,0.319,8.0,-10.698,0.0,0.0354,0.6,0.0,0.116,0.254,114.964,1.0,200869.0,2.0,1
Samuel Kim,0.216,0.538,11.0,-6.511,1.0,0.0326,0.367,0.0,0.132,0.231,81.053,4.0,263310.0,0.0,1
San Holo,0.543,0.846,11.0,-4.283,1.0,0.0338,0.00137,0.00642,0.165,0.186,73.514,4.0,199183.0,44.0,1
Sanchi,0.585,0.535,4.0,-8.398,1.0,0.0318,0.792,5.21e-06,0.0995,0.398,105.997,4.0,175638.0,37.0,1
Sandeep Aulakh,0.651,0.458,10.0,-5.74,0.0,0.187,0.611,0.0,0.097,0.916,169.913,3.0,207102.0,80.0,1
Sandeep Chowta,0.373,0.0902,0.0,-19.213,1.0,0.0348,0.985,0.91,0.127,0.209,67.798,3.0,363000.0,0.0,1
SangeetKir,0.677,0.588,10.0,-11.611,0.0,0.0693,0.264,0.0,0.135,0.425,139.934,4.0,180000.0,40.0,1
Sanjana Kalmanje,0.652,0.889,1.0,-5.434,0.0,0.137,0.298,0.0,0.173,0.71,104.848,4.0,218285.0,70.0,1
Sagar Patel,0.742,0.934,7.0,-6.668,1.0,0.198,0.172,0.00521,0.363,0.438,129.886,4.0,175929.0,0.0,1
Sagnik Kolay,0.633,0.373,1.0,-9.84,1.0,0.0459,0.924,4.17e-06,0.0877,0.559,97.388,4.0,175181.0,63.0,1
Saindhavi,0.813,0.445,2.0,-10.422,0.0,0.0596,0.2,0.0,0.127,0.63,127.965,5.0,278726.0,61.0,1
Saint Ludo,0.664,0.865,7.0,-6.229,0.0,0.251,0.0905,0.0,0.0616,0.635,75.455,4.0,154100.0,56.0,1
Salina Bk,0.467,0.646,5.0,-10.382,1.0,0.0814,0.646,6.72e-06,0.111,0.599,175.823,3.0,263863.0,55.0,1
Salman Elahi,0.776,0.477,1.0,-10.049,1.0,0.0308,0.592,0.000184,0.105,0.774,115.008,4.0,225391.0,52.0,1
Samahita Narang,0.632,0.537,0.0,-9.043,1.0,0.0261,0.299,0.419,0.106,0.0942,129.983,3.0,200000.0,28.0,1
Samar Jafri,0.368,0.325,1.0,-10.413,0.0,0.0333,0.703,0.000249,0.0965,0.113,76.9,4.0,158961.0,67.0,1
SPLYXER,0.737,0.915,0.0,-2.749,1.0,0.0412,0.00322,2.58e-05,0.084,0.304,154.964,4.0,86709.0,71.0,1
SXLLX,0.669,0.808,8.0,-4.567,0.0,0.0458,0.357,0.466,0.116,0.455,130.144,4.0,73259.0,63.0,1
SXXIKSER,0.566,0.643,5.0,-3.318,1.0,0.0394,0.465,1.06e-06,0.348,0.587,106.342,4.0,87581.0,65.0,1
SXYGX,0.687,0.942,1.0,-2.708,1.0,0.0312,0.174,0.518,0.117,0.353,106.118,4.0,121673.0,55.0,1
SYNN,0.487,0.858,4.0,-1.101,0.0,0.071,0.0231,0.0632,0.808,0.369,120.106,4.0,87750.0,48.0,1
Saahel,0.642,0.612,5.0,-6.846,0.0,0.0359,0.527,0.00043,0.258,0.144,132.997,4.0,176954.0,66.0,1
Saaveri Verma,0.377,0.65,6.0,-10.622,1.0,0.0829,0.079,0.0,0.143,0.301,92.997,4.0,331089.0,32.0,1
Sadfriendd,0.706,0.91,1.0,-3.527,1.0,0.146,0.175,2e-06,0.11,0.667,126.007,4.0,107044.0,66.0,1
DARKANASE,0.767,0.909,6.0,-4.946,0.0,0.0568,0.128,0.00216,0.102,0.3,117.738,4.0,119299.0,54.0,1
DJ ALGUS ZL,0.833,0.642,1.0,0.442,1.0,0.114,0.176,0.119,0.224,0.558,183.813,4.0,102394.0,69.0,1
DJ BRZ 013,0.935,0.795,6.0,0.907,1.0,0.292,0.627,0.847,0.107,0.811,129.944,4.0,95066.0,65.0,1
DJ DELACROIX,0.914,0.577,1.0,-6.684,1.0,0.0702,0.69,0.946,0.101,0.465,104.999,4.0,99279.0,69.0,1
SCXR SOUL,0.765,0.428,2.0,-2.789,1.0,0.0492,0.0249,0.92,0.297,0.422,100.006,4.0,117637.0,64.0,1
SICXRIUS,0.909,0.962,10.0,-2.458,0.0,0.174,0.114,0.0,0.0739,0.842,115.779,4.0,109730.0,67.0,1
SLANDER,0.608,0.776,4.0,-5.846,1.0,0.0405,0.00249,1.27e-05,0.0771,0.101,127.952,4.0,189374.0,56.0,1
SOLTO (FR),0.87,0.944,9.0,-4.525,1.0,0.0464,0.394,0.243,0.0398,0.635,121.979,4.0,156393.0,92.0,1
Axel Avix,0.495,0.132,2.0,-14.461,1.0,0.0332,0.972,0.00299,0.0672,0.25,69.931,4.0,126857.0,0.0,1
Ayce Bio,0.651,0.955,11.0,-4.161,1.0,0.0819,0.0225,0.134,0.135,0.424,145.019,4.0,142344.0,39.0,1
Ayushmann Khurrana,0.64,0.754,6.0,-4.873,0.0,0.0392,0.395,0.0,0.209,0.355,94.989,4.0,247222.0,66.0,1
Azooz,0.677,0.588,10.0,-11.611,0.0,0.0693,0.264,0.0,0.135,0.425,139.934,4.0,180000.0,40.0,1
BARBZ,0.2,0.801,0.0,-4.4,1.0,0.0424,0.00211,2.53e-06,0.186,0.191,127.004,4.0,227735.0,62.0,1
BENNETT,0.634,0.824,2.0,-3.394,0.0,0.047,0.0908,0.0711,0.119,0.371,137.959,4.0,178156.0,81.0,1
BL3SS,0.793,0.779,9.0,-4.609,0.0,0.0581,0.279,0.000311,0.314,0.687,142.002,4.0,138246.0,83.0,1
BRTS7,0.833,0.642,1.0,0.442,1.0,0.114,0.176,0.119,0.224,0.558,183.813,4.0,102394.0,69.0,1
Asees Kaur,0.637,0.62,6.0,-6.957,1.0,0.236,0.461,0.0105,0.0968,0.824,189.055,3.0,208650.0,0.0,1
Ashish Bhatia,0.785,0.576,0.0,-6.473,1.0,0.0747,0.256,0.0,0.109,0.47,96.043,4.0,193124.0,78.0,1
Ashutosh KC,0.187,0.465,5.0,-7.269,1.0,0.0298,0.397,0.00934,0.0897,0.396,76.911,4.0,282531.0,54.0,1
Atarayo,0.422,0.924,2.0,-3.43,1.0,0.114,0.152,0.0,0.165,0.544,180.076,4.0,239761.0,58.0,1
AtharvaMusic,0.568,0.416,2.0,-10.961,1.0,0.0304,0.459,1.89e-06,0.149,0.45,149.951,4.0,159600.0,71.0,1
Atmanam,0.401,0.683,9.0,-7.112,1.0,0.0416,0.0202,0.0,0.174,0.135,89.881,4.0,265124.0,32.0,1
Aures,0.767,0.687,11.0,-6.891,0.0,0.176,0.021,5.33e-05,0.343,0.158,137.97,4.0,215652.0,41.0,1
Avneet Khurmi,0.57,0.859,2.0,-8.232,1.0,0.0309,3.3e-05,0.705,0.455,0.188,146.003,4.0,302465.0,27.0,1
Sei Lean,0.531,0.513,2.0,-14.406,1.0,0.0331,0.0881,0.621,0.177,0.206,105.003,4.0,128047.0,65.0,1
Semv.iii,0.853,0.761,8.0,-5.383,0.0,0.18,0.21,0.0,0.152,0.86,120.033,4.0,208000.0,71.0,1
SennaRin,0.687,0.873,9.0,-4.504,0.0,0.126,0.0891,7.55e-05,0.222,0.624,115.995,4.0,180319.0,49.0,1
Sez on the Beat,0.615,0.379,11.0,-9.975,1.0,0.0408,0.176,0.00039,0.083,0.143,80.046,4.0,157609.0,0.0,1
Shadab Faridi,0.702,0.9,7.0,-5.191,1.0,0.0295,0.13,1.02e-05,0.0832,0.438,116.03,4.0,180080.0,48.0,1
Shae Gill,0.714,0.596,11.0,-6.206,0.0,0.043,0.0657,0.0,0.0625,0.669,91.991,4.0,224146.0,60.0,1
Shafqat Ali Khan,0.299,0.437,5.0,-9.258,1.0,0.0334,0.88,0.00034,0.11,0.38,160.084,4.0,440999.0,28.0,1
Aseem,0.609,0.539,0.0,-8.087,1.0,0.0284,0.138,0.00014,0.286,0.413,99.995,4.0,178197.0,47.0,1
Sanjoy,0.69,0.602,0.0,-7.217,1.0,0.0498,0.527,6.65e-05,0.426,0.37,138.577,5.0,184615.0,27.0,1
Sanket Durgade,0.324,0.248,5.0,-11.687,1.0,0.0307,0.793,0.00022,0.0857,0.355,122.663,3.0,209006.0,21.0,1
Santanu Ghatak,0.56,0.358,3.0,-7.655,1.0,0.0307,0.848,0.0,0.105,0.205,127.906,4.0,243750.0,12.0,1
Sapna Mukherjee,0.869,0.868,5.0,-4.407,0.0,0.0883,0.00592,0.00244,0.296,0.551,132.008,4.0,200159.0,66.0,1
Sarah Black,0.442,0.212,0.0,-11.41,1.0,0.0497,0.884,0.0,0.109,0.363,83.575,4.0,146000.0,66.0,1
Sarthak Kalyani,0.454,0.381,0.0,-13.133,0.0,0.0499,0.302,7.96e-05,0.289,0.315,75.058,4.0,272000.0,14.0,1
Savera,0.617,0.714,0.0,-6.462,1.0,0.0393,0.379,0.0169,0.0977,0.449,125.952,4.0,199050.0,35.0,1
Sawhneyboi,0.852,0.376,9.0,-12.661,0.0,0.105,0.23,0.895,0.0883,0.316,108.036,4.0,131116.0,26.0,1
Shreya Jain,0.739,0.378,10.0,-10.378,0.0,0.0392,0.737,0.00488,0.184,0.475,85.021,4.0,192540.0,35.0,1
Shreyas Puranik,0.377,0.65,6.0,-10.622,1.0,0.0829,0.079,0.0,0.143,0.301,92.997,4.0,331089.0,32.0,1
Shriya Phatak,0.324,0.248,5.0,-11.687,1.0,0.0307,0.793,0.00022,0.0857,0.355,122.663,3.0,209006.0,21.0,1
Shriyanshi Gupta,0.612,0.335,1.0,-12.427,1.0,0.154,0.623,2.33e-06,0.688,0.833,116.333,4.0,187200.0,49.0,1
Shubham Kabra,0.304,0.41,7.0,-12.633,1.0,0.0357,0.632,0.0,0.148,0.324,88.123,4.0,234772.0,0.0,1
SiM,0.459,0.878,5.0,-1.399,0.0,0.0688,5.62e-05,0.000307,0.371,0.494,144.852,4.0,220799.0,72.0,1
Sickflip,0.367,0.518,11.0,-9.946,1.0,0.464,0.814,0.071,0.16,0.53,98.24,4.0,170400.0,49.0,1
Sid Sriram,0.652,0.889,1.0,-5.434,0.0,0.137,0.298,0.0,0.173,0.71,104.848,4.0,218285.0,70.0,1
Shekhar Ravjiani,0.742,0.693,7.0,-6.851,1.0,0.121,0.535,0.0,0.106,0.422,85.96,4.0,315869.0,24.0,1
Sherazam,0.627,0.557,6.0,-8.413,1.0,0.0745,0.619,0.000173,0.0648,0.597,104.079,4.0,216923.0,75.0,1
Shiraz Uppal,0.673,0.714,9.0,-8.042,1.0,0.039,0.111,0.0,0.0858,0.78,112.941,4.0,254100.0,76.0,1
Shirley Setia,0.411,0.321,10.0,-8.462,1.0,0.0276,0.843,6.04e-05,0.133,0.396,154.826,3.0,235680.0,50.0,1
Shiro SAGISU,0.582,0.831,0.0,-5.125,1.0,0.0384,0.000289,1.13e-05,0.369,0.326,138.064,4.0,276746.0,65.0,1
Shiv Tandan,0.39,0.286,11.0,-10.182,1.0,0.0314,0.8,1.24e-05,0.141,0.344,189.633,3.0,215946.0,82.0,1
Shivoryx,0.516,0.419,1.0,-10.856,1.0,0.0275,0.816,0.223,0.0846,0.123,88.966,4.0,191460.0,47.0,1
Shraddha Sehgal,0.703,0.244,2.0,-18.637,1.0,0.0352,0.818,1.02e-05,0.329,0.516,126.092,4.0,174426.0,15.0,1
Shallum Lama,0.526,0.315,2.0,-13.191,1.0,0.0322,0.514,4.79e-06,0.152,0.199,145.011,3.0,241616.0,60.0,1
Shania Yan,0.768,0.32,2.0,-12.287,0.0,0.0388,0.824,5.01e-06,0.0989,0.527,116.978,4.0,168888.0,0.0,1
Shankar Mahadevan,0.503,0.785,4.0,-5.826,1.0,0.187,0.263,4.07e-06,0.108,0.48,148.045,3.0,508364.0,2.0,1
Shashwat Ji Maharaj,0.468,0.515,3.0,-12.752,1.0,0.0554,0.548,0.0,0.356,0.846,144.509,4.0,143909.0,8.0,1
Shaur,0.571,0.397,5.0,-9.349,1.0,0.0285,0.898,3.38e-05,0.196,0.371,130.785,3.0,187658.0,55.0,1
Shayne Orok,0.642,0.85,9.0,-6.226,0.0,0.039,0.0043,0.0,0.227,0.844,130.023,4.0,258236.0,43.0,1
Shayra Apoorva,0.619,0.364,7.0,-9.447,1.0,0.127,0.288,0.0,0.322,0.422,169.708,4.0,153882.0,52.0,1
Sheheryar Rehan,0.787,0.488,4.0,-8.537,0.0,0.308,0.716,9.13e-06,0.144,0.368,89.999,4.0,145333.0,82.0,1
Bagga Khan,0.479,0.665,8.0,-8.489,1.0,0.105,0.734,8.21e-06,0.425,0.589,84.76,4.0,269647.0,6.0,1
Bakemono Gurung,0.492,0.329,6.0,-9.494,1.0,0.0348,0.856,2.22e-06,0.0842,0.274,150.161,3.0,228891.0,50.0,1
Barry Phillips,0.613,0.487,2.0,-10.833,1.0,0.0473,0.788,0.337,0.104,0.477,90.029,4.0,382666.0,24.0,1
Bayaan,0.627,0.557,6.0,-8.413,1.0,0.0745,0.619,0.000173,0.0648,0.597,104.079,4.0,216923.0,75.0,1
BellyJay,0.658,0.874,0.0,-1.98,1.0,0.145,0.0885,3.13e-05,0.185,0.505,130.001,4.0,89985.0,71.0,1
Bhargav Purohit,0.742,0.934,7.0,-6.668,1.0,0.198,0.172,0.00521,0.363,0.438,129.886,4.0,175929.0,0.0,1
Shahzad Ali,0.476,0.829,9.0,-5.187,0.0,0.209,0.115,0.0,0.172,0.25,171.057,4.0,226103.0,54.0,1
Shakir Khan,0.591,0.452,1.0,-11.248,0.0,0.0383,0.867,0.0194,0.0831,0.18,140.077,4.0,301714.0,19.0,1
Swanand Kirkire,0.718,0.295,4.0,-11.098,1.0,0.0567,0.918,0.00454,0.0954,0.751,150.054,3.0,237614.0,61.0,1
Swarathma,0.731,0.232,11.0,-15.402,1.0,0.0302,0.608,0.00108,0.104,0.396,82.993,4.0,233026.0,21.0,1
Sx1nxwy,0.765,0.428,2.0,-2.789,1.0,0.0492,0.0249,0.92,0.297,0.422,100.006,4.0,117637.0,64.0,1
Syncopation,0.479,0.665,8.0,-8.489,1.0,0.105,0.734,8.21e-06,0.425,0.589,84.76,4.0,269647.0,6.0,1
TESOROX,0.635,0.79,10.0,-0.751,0.0,0.0319,0.0693,0.00116,0.147,0.339,80.744,4.0,145039.0,58.0,1
TRASHXRL,0.585,0.977,10.0,0.781,1.0,0.191,0.443,0.597,0.0971,0.831,129.975,4.0,119231.0,64.0,1
TRVXER,0.555,0.987,8.0,0.142,1.0,0.0451,0.112,0.835,0.103,0.57,149.636,4.0,103428.0,64.0,1
TRXSHBXY,0.96,0.692,2.0,-1.867,1.0,0.293,0.399,4.31e-06,0.103,0.911,129.974,4.0,99317.0,62.0,1
Suhail Koya,0.814,0.571,0.0,-8.251,1.0,0.109,0.354,5.84e-05,0.137,0.513,97.994,4.0,184836.0,58.0,1
Suhail Yusuf Khan,0.261,0.191,0.0,-15.652,1.0,0.0293,0.0809,0.0457,0.0912,0.107,84.967,4.0,350294.0,17.0,1
Sukanya Purkayastha,0.3,0.451,2.0,-13.144,1.0,0.0444,0.74,0.0209,0.338,0.298,179.968,3.0,323734.0,17.0,1
Sumant Shridhar,0.518,0.419,11.0,-13.698,0.0,0.0357,0.657,0.000348,0.126,0.314,116.475,4.0,213241.0,68.0,1
Sumedh K,0.518,0.419,11.0,-13.698,0.0,0.0357,0.657,0.000348,0.126,0.314,116.475,4.0,213241.0,68.0,1
Sunita Thegim,0.378,0.411,5.0,-10.757,1.0,0.0326,0.67,3.78e-06,0.0856,0.414,84.486,4.0,306000.0,57.0,1
Survive Said The Prophet,0.282,0.97,11.0,-4.511,0.0,0.0891,0.00989,0.0,0.447,0.135,98.887,4.0,241153.0,55.0,1
Sushant KC,0.691,0.374,3.0,-11.623,1.0,0.0789,0.553,1.07e-05,0.113,0.381,151.954,4.0,242000.0,55.0,1
Sons of Yusuf,0.832,0.754,1.0,-8.045,1.0,0.192,0.00494,0.0,0.14,0.633,108.016,4.0,151274.0,62.0,1
Sonu Nigam,0.669,0.628,4.0,-4.382,1.0,0.0332,0.126,2.97e-05,0.341,0.639,114.992,4.0,323496.0,66.0,1
Soushi Sakiyama,0.645,0.72,5.0,-4.515,1.0,0.0355,0.27,0.0,0.277,0.634,127.052,4.0,239106.0,56.0,1
Sparsh Agrawal,0.373,0.503,5.0,-6.205,0.0,0.0368,0.313,0.0,0.122,0.172,85.86,4.0,233181.0,12.0,1
Steve Aoki,0.336,0.935,2.0,-3.527,1.0,0.0727,0.00116,0.000121,0.319,0.235,143.892,4.0,153125.0,66.0,1
Stormzy,0.777,0.934,2.0,-0.959,1.0,0.254,0.285,3.86e-05,0.275,0.637,88.009,4.0,166448.0,74.0,1
Strings,0.512,0.818,4.0,-5.663,1.0,0.0377,0.217,0.00267,0.143,0.435,156.054,4.0,257952.0,49.0,1
Sudhir Yaduvanshi,0.788,0.891,10.0,-3.983,1.0,0.105,0.0332,0.0,0.0385,0.898,104.943,4.0,210053.0,58.0,1
Siddhant,0.632,0.548,5.0,-6.476,0.0,0.324,0.377,0.0,0.11,0.39,68.632,4.0,165517.0,13.0,1
Siddharth Chopra,0.454,0.381,0.0,-13.133,0.0,0.0499,0.302,7.96e-05,0.289,0.315,75.058,4.0,272000.0,14.0,1
Sifar,0.581,0.246,3.0,-13.097,0.0,0.0314,0.926,3.82e-06,0.195,0.315,139.848,3.0,223714.0,56.0,1
Siinamota,0.629,0.804,2.0,-5.987,1.0,0.103,0.0169,0.000497,0.177,0.294,130.006,4.0,221500.0,71.0,1
Simran Sehgal,0.692,0.319,5.0,-7.743,0.0,0.0327,0.895,1.78e-06,0.108,0.658,151.069,3.0,208943.0,67.0,1
Skytech,0.604,0.942,1.0,-3.898,1.0,0.145,0.00724,0.00811,0.0506,0.229,129.98,4.0,169326.0,59.0,1
Soham Majumdar,0.633,0.373,1.0,-9.84,1.0,0.0459,0.924,4.17e-06,0.0877,0.559,97.388,4.0,175181.0,63.0,1
Soham Pal,0.664,0.339,2.0,-15.483,1.0,0.0613,0.751,7.82e-06,0.0713,0.633,150.006,4.0,307500.0,5.0,1
Ankita Joshi,0.592,0.572,10.0,-10.582,1.0,0.122,0.772,0.0,0.0966,0.298,76.314,4.0,239813.0,30.0,1
Annural Khalid,0.542,0.256,0.0,-13.598,0.0,0.0484,0.854,0.0,0.0758,0.517,149.537,4.0,277600.0,1.0,1
Anonymouz,0.485,0.778,7.0,-3.359,1.0,0.0338,0.035,0.0,0.32,0.469,88.053,4.0,197997.0,53.0,1
Anusha Mani,0.6,0.392,11.0,-11.27,1.0,0.0241,0.873,0.00013,0.0875,0.333,97.978,4.0,245510.0,17.0,1
Anvita Dutt Guptan,0.404,0.634,8.0,-5.979,1.0,0.0398,0.411,0.000526,0.106,0.702,78.508,4.0,333583.0,78.0,1
Aoi Teshima,0.653,0.319,1.0,-10.723,1.0,0.05,0.912,0.0068,0.107,0.929,168.002,3.0,153033.0,58.0,1
Apoorva Krishna,0.503,0.785,4.0,-5.826,1.0,0.187,0.263,4.07e-06,0.108,0.48,148.045,3.0,508364.0,2.0,1
Arijit Anand,0.702,0.326,1.0,-11.575,1.0,0.0313,0.731,0.000287,0.146,0.556,110.022,4.0,149749.0,44.0,1
Anand Bhaskar,0.555,0.526,7.0,-9.507,1.0,0.0299,0.38,4.87e-05,0.106,0.34,144.939,3.0,350739.0,76.0,1
AndrezoWorks,0.569,0.65,7.0,-5.585,1.0,0.0279,0.0757,0.0,0.346,0.16,135.15,4.0,96009.0,28.0,1
Anhad + Tanner,0.547,0.513,2.0,-12.074,1.0,0.0299,0.591,0.528,0.0562,0.0748,127.953,4.0,294866.0,18.0,1
Ani Choying Drolma,0.396,0.736,4.0,-6.291,1.0,0.0607,0.297,0.384,0.153,0.0356,102.012,4.0,432893.0,44.0,1
Aniket Shukla,0.468,0.246,4.0,-10.564,1.0,0.0284,0.902,0.0,0.0991,0.361,140.381,3.0,249062.0,62.0,1
Anirban Chowdhury,0.56,0.358,3.0,-7.655,1.0,0.0307,0.848,0.0,0.105,0.205,127.906,4.0,243750.0,12.0,1
Anish Kanchan,0.71,0.894,4.0,-5.363,1.0,0.0447,0.131,0.00235,0.0973,0.737,99.984,4.0,196798.0,0.0,1
Ankita Barwad,0.702,0.326,1.0,-11.575,1.0,0.0313,0.731,0.000287,0.146,0.556,110.022,4.0,149749.0,44.0,1
The Local Train,0.512,0.695,4.0,-6.349,1.0,0.0271,0.0265,0.00815,0.146,0.351,145.956,4.0,233630.0,73.0,1
The Stranglers,0.563,0.383,6.0,-15.474,1.0,0.0305,0.144,0.116,0.138,0.589,93.751,3.0,206760.0,79.0,1
Tippu,0.542,0.458,10.0,-8.886,0.0,0.0353,0.758,2.49e-05,0.138,0.437,87.467,4.0,236071.0,72.0,1
Torbahed,0.601,0.917,3.0,-6.786,0.0,0.0473,0.0861,0.149,0.191,0.792,130.073,4.0,83995.0,65.0,1
Travis Scott,0.841,0.593,1.0,-7.846,1.0,0.0379,0.418,0.0,0.124,0.808,124.917,4.0,162802.0,76.0,1
Trihoof,0.653,0.802,1.0,-4.06,0.0,0.0267,0.0199,0.00788,0.193,0.241,115.112,4.0,112619.0,56.0,1
Trishala Gurung,0.484,0.336,6.0,-9.275,1.0,0.0262,0.793,3.5e-05,0.118,0.295,173.848,4.0,260644.0,41.0,1
Anand Bakshi,0.869,0.868,5.0,-4.407,0.0,0.0883,0.00592,0.00244,0.296,0.551,132.008,4.0,200159.0,66.0,1
TWISTED,0.604,0.601,2.0,-7.887,0.0,0.0628,0.15,0.000579,0.168,0.156,139.88,4.0,164629.0,77.0,1
TXVSTERPLAYA,0.652,0.891,10.0,1.808,0.0,0.0368,0.001,0.0148,0.336,0.576,100.265,4.0,93650.0,68.0,1
Taba Chake,0.544,0.624,2.0,-7.631,1.0,0.0409,0.431,1.54e-05,0.105,0.43,159.902,4.0,339000.0,19.0,1
Talwiinder,0.641,0.449,5.0,-9.568,0.0,0.162,0.133,6.39e-05,0.139,0.491,99.899,4.0,182400.0,71.0,1
Tanmay Maheshwari,0.534,0.237,4.0,-13.074,1.0,0.0327,0.848,0.000283,0.118,0.296,135.781,4.0,187342.0,36.0,1
Tech Panda,0.34,0.43,8.0,-12.279,0.0,0.142,0.745,8.03e-05,0.211,0.309,200.298,4.0,232806.0,36.0,1
Tejas R.H,0.303,0.349,11.0,-15.52,1.0,0.208,0.758,0.000169,0.363,0.337,180.246,4.0,130718.0,52.0,1
The Bundeli Artists,0.642,0.709,1.0,-10.928,0.0,0.0749,0.788,0.0284,0.391,0.788,80.419,4.0,278799.0,46.0,1
Wiguez,0.286,0.898,5.0,-3.191,0.0,0.0769,0.0994,0.00218,0.0324,0.318,172.078,4.0,212859.0,56.0,1
Wintherduud,0.914,0.577,1.0,-6.684,1.0,0.0702,0.69,0.946,0.101,0.465,104.999,4.0,99279.0,69.0,1
Xantesha,0.74,0.934,10.0,-8.178,1.0,0.0384,0.063,0.831,0.198,0.261,119.693,4.0,138857.0,60.0,1
Y3LLAVISION,0.601,0.917,3.0,-6.786,0.0,0.0473,0.0861,0.149,0.191,0.792,130.073,4.0,83995.0,65.0,1
YOASOBI,0.747,0.666,5.0,-6.395,1.0,0.0324,0.146,0.000912,0.0981,0.731,90.008,4.0,258666.0,65.0,1
YUKA,0.813,0.578,11.0,-4.035,0.0,0.0674,0.16,0.0,0.151,0.873,169.916,4.0,163466.0,55.0,1
Yaani Karnawat,0.568,0.416,2.0,-10.961,1.0,0.0304,0.459,1.89e-06,0.149,0.45,149.951,4.0,159600.0,71.0,1
Yashika Sikka,0.436,0.273,11.0,-10.587,1.0,0.0312,0.923,0.0064,0.145,0.28,139.896,4.0,246857.0,47.0,1
Vishal-Shekhar,0.404,0.634,8.0,-5.979,1.0,0.0398,0.411,0.000526,0.106,0.702,78.508,4.0,333583.0,78.0,1
Vishnu Sunil,0.572,0.38,0.0,-9.954,1.0,0.0307,0.524,2.74e-06,0.079,0.565,137.004,3.0,199000.0,8.0,1
Vishnu Vijay,0.814,0.571,0.0,-8.251,1.0,0.109,0.354,5.84e-05,0.137,0.513,97.994,4.0,184836.0,58.0,1
Vivek Hariharan,0.483,0.69,4.0,-7.081,0.0,0.0494,0.227,0.00143,0.0956,0.322,130.006,5.0,226708.0,12.0,1
W.i.S.H.,0.807,0.712,6.0,-4.678,0.0,0.107,0.401,1.41e-05,0.0907,0.833,102.993,4.0,237378.0,49.0,1
WORMONO,0.303,0.349,11.0,-15.52,1.0,0.208,0.758,0.000169,0.363,0.337,180.246,4.0,130718.0,52.0,1
WXCHSXN,0.96,0.692,2.0,-1.867,1.0,0.293,0.399,4.31e-06,0.103,0.911,129.974,4.0,99317.0,62.0,1
Wangden Sherpa,0.848,0.516,1.0,-6.183,0.0,0.0413,0.808,0.000326,0.0933,0.6,103.011,4.0,179417.0,54.0,1
VIBIE,0.323,0.349,7.0,-12.524,1.0,0.0761,0.965,0.00548,0.116,0.2,180.203,4.0,146666.0,61.0,1
Vaibhav Gupta,0.476,0.829,9.0,-5.187,0.0,0.209,0.115,0.0,0.172,0.25,171.057,4.0,226103.0,54.0,1
Varun Grover,0.604,0.354,2.0,-6.716,1.0,0.0249,0.845,0.000148,0.0921,0.277,110.036,4.0,249818.0,70.0,1
Varun Jain,0.702,0.9,7.0,-5.191,1.0,0.0295,0.13,1.02e-05,0.0832,0.438,116.03,4.0,180080.0,48.0,1
Vaundy,0.718,0.476,7.0,-11.469,1.0,0.0623,0.853,0.786,0.105,0.684,157.034,4.0,230109.0,52.0,1
Vibha Saraf,0.703,0.244,2.0,-18.637,1.0,0.0352,0.818,1.02e-05,0.329,0.516,126.092,4.0,174426.0,15.0,1
Vijay Prakash,0.436,0.701,8.0,-6.618,1.0,0.133,0.0983,0.000126,0.108,0.274,130.128,4.0,294933.0,3.0,1
Vishal R.Tandon,0.713,0.36,8.0,-9.416,1.0,0.033,0.705,0.0,0.226,0.399,119.996,4.0,220401.0,6.0,1
Arpit Bala,0.378,0.715,10.0,-4.303,1.0,0.224,0.294,0.0,0.331,0.6,76.244,4.0,175384.0,73.0,1
Artmandu,0.385,0.203,7.0,-12.635,1.0,0.0355,0.906,0.577,0.242,0.322,119.496,3.0,104307.0,5.0,1
Arunima Bhattacharya,0.673,0.806,7.0,-7.653,1.0,0.0636,0.544,0.00265,0.529,0.767,129.996,4.0,218307.0,10.0,1
Arunraja Kamaraj,0.713,0.615,11.0,-7.648,0.0,0.138,0.341,1.55e-06,0.0608,0.807,135.017,3.0,249671.0,77.0,1
Trosk,0.384,0.658,10.0,-6.297,1.0,0.0484,0.582,1.65e-05,0.108,0.287,140.142,4.0,243428.0,51.0,1
UNPLG'd,0.694,0.292,10.0,-9.85,0.0,0.139,0.907,0.0,0.143,0.733,150.495,4.0,70400.0,79.0,1
Umashankar Kathak,0.255,0.537,0.0,-11.189,1.0,0.0835,0.428,0.000505,0.0608,0.499,75.634,4.0,202838.0,25.0,1
Utsavi Jha,0.451,0.334,1.0,-10.754,1.0,0.0318,0.925,0.00011,0.104,0.455,159.714,3.0,250124.0,26.0,1
kopi,0.637,0.539,5.0,-5.511,1.0,0.0258,0.234,0.0,0.0748,0.393,90.979,4.0,279631.0,38.0,1
lirvie,0.521,0.863,5.0,-1.815,1.0,0.0369,0.491,1.15e-06,0.284,0.157,86.252,4.0,152947.0,78.0,1
maahi,0.619,0.364,7.0,-9.447,1.0,0.127,0.288,0.0,0.322,0.422,169.708,4.0,153882.0,52.0,1
majiko,0.528,0.593,1.0,-3.68,1.0,0.0545,0.289,0.00054,0.0724,0.351,167.238,4.0,273583.0,61.0,1
melovrant,0.528,0.885,7.0,-3.761,0.0,0.159,0.082,0.0,0.392,0.645,130.094,4.0,105461.0,47.0,1
merunes,0.699,0.762,11.0,-7.995,1.0,0.0463,0.156,0.225,0.416,0.555,103.183,4.0,93038.0,73.0,1
msft,0.532,0.95,8.0,-5.976,0.0,0.519,0.0243,1.39e-06,0.107,0.24,174.659,5.0,171428.0,36.0,1
Abhilasha Sinha,0.504,0.548,7.0,-6.559,1.0,0.0296,0.803,0.0,0.324,0.279,162.997,3.0,196932.0,29.0,1
ewyx,0.767,0.909,6.0,-4.946,0.0,0.0568,0.128,0.00216,0.102,0.3,117.738,4.0,119299.0,54.0,1
fakemink,0.619,0.824,5.0,-7.437,1.0,0.0459,0.00535,0.719,0.388,0.32,116.072,4.0,84846.0,72.0,1
fenekot,0.688,0.9,1.0,-1.022,1.0,0.0784,0.000799,0.00016,0.361,0.222,94.006,4.0,122921.0,66.0,1
g3ox_em,0.588,0.496,9.0,-5.947,1.0,0.0417,0.00166,0.936,0.186,0.582,128.001,4.0,146274.0,69.0,1
glichery,0.743,0.684,7.0,-10.807,0.0,0.033,0.00335,0.945,0.0989,0.867,127.996,4.0,110624.0,65.0,1
heapper,0.83,0.706,6.0,-6.058,0.0,0.0723,0.324,0.189,0.645,0.822,105.978,4.0,101928.0,70.0,1
imase,0.924,0.563,7.0,-7.899,0.0,0.0802,0.0879,0.0,0.103,0.872,117.06,4.0,210600.0,76.0,1
kobasolo,0.637,0.539,5.0,-5.511,1.0,0.0258,0.234,0.0,0.0748,0.393,90.979,4.0,279631.0,38.0,1
Amar Jalal,0.78,0.46,6.0,-7.516,1.0,0.0851,0.455,0.000141,0.061,0.788,124.007,4.0,287573.0,49.0,1
Amir Ameer,0.383,0.547,4.0,-8.862,0.0,0.0275,0.423,0.0466,0.147,0.236,95.068,4.0,228639.0,71.0,1
bbyclose,0.793,0.779,9.0,-4.609,0.0,0.0581,0.279,0.000311,0.314,0.687,142.002,4.0,138246.0,83.0,1
bludnymph,0.646,0.962,8.0,-4.148,0.0,0.0485,0.0853,0.000838,0.493,0.685,161.042,4.0,167855.0,61.0,1
bôa,0.583,0.888,11.0,-9.414,0.0,0.0349,0.191,4.58e-05,0.0936,0.706,93.206,4.0,203600.0,87.0,1
deadmau5,0.659,0.798,9.0,-6.933,0.0,0.0749,0.175,0.000379,0.708,0.15,126.064,4.0,240445.0,70.0,1
dearukia,0.831,0.952,8.0,-1.552,1.0,0.179,0.244,0.024,0.324,0.719,109.915,4.0,104879.0,64.0,1
defxxt,0.528,0.885,7.0,-3.761,0.0,0.159,0.082,0.0,0.392,0.645,130.094,4.0,105461.0,47.0,1
Akanksha Sethi,0.307,0.254,0.0,-13.692,1.0,0.0265,0.845,6.08e-06,0.373,0.332,81.028,3.0,208500.0,0.0,1
Akash Rajput,0.454,0.215,0.0,-14.226,1.0,0.0543,0.863,0.0,0.109,0.383,139.871,4.0,268000.0,62.0,1
Alif,0.67,0.676,7.0,-7.829,1.0,0.0352,0.259,0.016,0.277,0.357,129.315,4.0,291340.0,11.0,1
Alltair,0.286,0.898,5.0,-3.191,0.0,0.0769,0.0994,0.00218,0.0324,0.318,172.078,4.0,212859.0,56.0,1
Alok,0.53,0.82,4.0,-4.936,0.0,0.0438,0.154,2.71e-06,0.14,0.355,171.933,4.0,128372.0,68.0,1
Altamash Faridi,0.702,0.9,7.0,-5.191,1.0,0.0295,0.13,1.02e-05,0.0832,0.438,116.03,4.0,180080.0,48.0,1
Aman Moroney,0.836,0.718,8.0,-4.499,0.0,0.0428,0.123,0.0,0.2,0.889,111.037,4.0,160270.0,23.0,1
Amane Uyama,0.817,0.668,2.0,-6.85,1.0,0.194,0.0243,2.43e-06,0.193,0.746,95.003,4.0,219840.0,15.0,1
Łaszewo,0.62,0.951,7.0,-2.961,1.0,0.0359,0.0396,0.00035,0.314,0.531,139.985,4.0,164142.0,63.0,1
$HXBERRR,0.742,0.874,10.0,-3.357,0.0,0.0946,0.0028,0.0178,0.226,0.764,112.904,4.0,104174.0,58.0,1
INTERWORLD,0.593,0.641,7.0,-12.727,0.0,0.0992,0.426,0.901,0.122,0.147,175.014,4.0,142839.0,78.0,1
ITALO SENA,0.79,0.56,6.0,-10.23,0.0,0.269,0.00852,0.000688,0.121,0.627,130.067,4.0,150569.0,67.0,1
Indian Ocean,0.402,0.563,0.0,-6.932,1.0,0.11,0.207,1.37e-06,0.643,0.762,164.776,3.0,403580.0,58.0,1
Isolate.exe,0.692,0.729,11.0,-10.435,1.0,0.0554,0.438,0.656,0.0939,0.13,100.015,4.0,139200.0,65.0,1
Itamar Mc,0.832,0.893,1.0,-9.084,1.0,0.181,0.0519,0.308,0.107,0.803,115.808,4.0,84471.0,67.0,1
JUNO,0.367,0.246,1.0,-12.589,1.0,0.0427,0.906,0.0,0.122,0.336,173.406,3.0,198688.0,37.0,1
weezyrsx,0.566,0.643,5.0,-3.318,1.0,0.0394,0.465,1.06e-06,0.348,0.587,106.342,4.0,87581.0,65.0,1
wnorg17,0.56,0.933,11.0,-2.14,0.0,0.0463,0.00348,0.651,0.341,0.344,122.661,4.0,121846.0,76.0,1
xxanteria,0.755,0.927,11.0,0.254,0.0,0.0645,0.00288,0.925,0.0567,0.702,109.952,4.0,115348.0,68.0,1
y3kfae,0.805,0.884,8.0,-3.383,0.0,0.0933,0.00646,0.00074,0.423,0.246,135.038,4.0,176000.0,54.0,1
yatashigang,0.613,0.81,1.0,-6.16,1.0,0.488,0.832,0.899,0.137,0.686,150.251,4.0,116104.0,68.0,1
yngastrobeatz.,0.548,0.919,8.0,0.655,1.0,0.0567,0.00861,0.00527,0.103,0.308,104.089,4.0,113169.0,71.0,1
yung kai,0.746,0.317,4.0,-11.982,1.0,0.0342,0.933,0.0186,0.121,0.585,97.49,3.0,214357.0,0.0,1
zarzour,0.96,0.692,2.0,-1.867,1.0,0.293,0.399,4.31e-06,0.103,0.911,129.974,4.0,99317.0,62.0,1
shogrim,0.528,0.885,7.0,-3.761,0.0,0.159,0.082,0.0,0.392,0.645,130.094,4.0,105461.0,47.0,1
sufr,0.378,0.715,10.0,-4.303,1.0,0.224,0.294,0.0,0.331,0.6,76.244,4.0,175384.0,73.0,1
svlient,0.745,0.931,1.0,-0.921,1.0,0.0569,0.0344,0.149,0.106,0.515,110.039,4.0,98220.0,59.0,1
thommyknoles,0.373,0.0902,0.0,-19.213,1.0,0.0348,0.985,0.91,0.127,0.209,67.798,3.0,363000.0,0.0,1
tienanh109,0.69,0.976,7.0,1.255,1.0,0.141,0.112,0.000982,0.777,0.182,115.894,4.0,115976.0,67.0,1
toorjo dey,0.378,0.715,10.0,-4.303,1.0,0.224,0.294,0.0,0.331,0.6,76.244,4.0,175384.0,73.0,1
tvoy,0.688,0.9,1.0,-1.022,1.0,0.0784,0.000799,0.00016,0.361,0.222,94.006,4.0,122921.0,66.0,1
uramaki.,0.576,0.916,2.0,-5.253,1.0,0.173,0.00298,0.278,0.105,0.513,140.001,4.0,304928.0,36.0,1
Accha Insaan,0.568,0.416,2.0,-10.961,1.0,0.0304,0.459,1.89e-06,0.149,0.45,149.951,4.0,159600.0,71.0,1
Adarsh Rao,0.725,0.462,3.0,-11.786,1.0,0.0413,0.231,0.019,0.0775,0.704,107.986,4.0,157777.0,38.0,1
nightfxrce,0.69,0.857,11.0,-1.616,1.0,0.0284,0.251,5e-05,0.13,0.604,100.055,4.0,117600.0,63.0,1
nimino,0.88,0.729,11.0,-6.378,0.0,0.176,0.334,0.0113,0.185,0.246,127.028,4.0,198425.0,78.0,1
okgiorgio,0.611,0.882,5.0,-7.115,1.0,0.0562,0.000551,0.206,0.255,0.278,148.01,4.0,204788.0,36.0,1
prodbydxm,0.84,0.63,7.0,-4.259,1.0,0.0932,0.361,3.1e-05,0.106,0.526,91.905,4.0,125322.0,55.0,1
prodshushy,0.735,0.445,7.0,-12.787,0.0,0.0676,0.384,1.59e-05,0.117,0.274,148.859,4.0,180705.0,76.0,1
qõke,0.688,0.9,1.0,-1.022,1.0,0.0784,0.000799,0.00016,0.361,0.222,94.006,4.0,122921.0,66.0,1
